INSERT INTO code_postaux (code_postal, LOCALITE)
VALUES ('1000', 'BRUXELLES');
INSERT INTO code_postaux (code_postal, LOCALITE)
VALUES ('1010', 'CITE ADMINISTRATIVE DE L''ETAT');
INSERT INTO code_postaux (code_postal, LOCALITE)
VALUES ('1011', 'VLAAMSE RAAD - VLAAMS PARLEMEN');
INSERT INTO code_postaux (code_postal, LOCALITE)
VALUES ('1020', 'BRUXELLES (LAEKEN)');
INSERT INTO code_postaux (code_postal, LOCALITE)
VALUES ('1030', 'BRUXELLES');
INSERT INTO code_postaux (code_postal, LOCALITE)
VALUES ('1040', 'ETTERBEEK');
INSERT INTO code_postaux (code_postal, LOCALITE)
VALUES ('1041', 'INTERNATIONAL PRESS CENTER');
INSERT INTO code_postaux (code_postal, LOCALITE)
VALUES ('1043', 'BRTN');
INSERT INTO code_postaux (code_postal, LOCALITE)
VALUES ('1044', 'RTBF');
INSERT INTO code_postaux (code_postal, LOCALITE)
VALUES ('1045', 'D.I.V.');
INSERT INTO code_postaux (code_postal, LOCALITE)
VALUES ('1047', 'PARLEMENT EUROPEEN');
INSERT INTO code_postaux (code_postal, LOCALITE)
VALUES ('1048', 'U.E.-CONSEIL');
INSERT INTO code_postaux (code_postal, LOCALITE)
VALUES ('1049', 'U.E.-COMMISSION');
INSERT INTO code_postaux (code_postal, LOCALITE)
VALUES ('1050', 'BRUXELLES');
INSERT INTO code_postaux (code_postal, LOCALITE)
VALUES ('1060', 'BRUXELLES (SAINT-GILLES)');
INSERT INTO code_postaux (code_postal, LOCALITE)
VALUES ('1070', 'ANDERLECHT');
INSERT INTO code_postaux (code_postal, LOCALITE)
VALUES ('1080', 'BRUXELLES');
INSERT INTO code_postaux (code_postal, LOCALITE)
VALUES ('1081', 'KOEKELBERG');
INSERT INTO code_postaux (code_postal, LOCALITE)
VALUES ('1082', 'BERCHEM-SAINTE-AGATHE');
INSERT INTO code_postaux (code_postal, LOCALITE)
VALUES ('1083', 'GANSHOREN');
INSERT INTO code_postaux (code_postal, LOCALITE)
VALUES ('1090', 'JETTE');
INSERT INTO code_postaux (code_postal, LOCALITE)
VALUES ('1100', 'POSTCHEQUE');
INSERT INTO code_postaux (code_postal, LOCALITE)
VALUES ('1110', 'OTAN - NATO');
INSERT INTO code_postaux (code_postal, LOCALITE)
VALUES ('1120', 'NEDER-OVER-HEEMBEEK (BRU.)');
INSERT INTO code_postaux (code_postal, LOCALITE)
VALUES ('1130', 'BRUXELLES (HAEREN)');
INSERT INTO code_postaux (code_postal, LOCALITE)
VALUES ('1140', 'EVERE');
INSERT INTO code_postaux (code_postal, LOCALITE)
VALUES ('1150', 'BRUXELLES (WOLUWE-SAINT-PIERRE');
INSERT INTO code_postaux (code_postal, LOCALITE)
VALUES ('1160', 'AUDERGHEM');
INSERT INTO code_postaux (code_postal, LOCALITE)
VALUES ('1170', 'BRUXELLES (WATERMAEL-BOITSFORT');
INSERT INTO code_postaux (code_postal, LOCALITE)
VALUES ('1180', 'BRUXELLES (UCCLE)');
INSERT INTO code_postaux (code_postal, LOCALITE)
VALUES ('1190', 'BRUXELLES');
INSERT INTO code_postaux (code_postal, LOCALITE)
VALUES ('1200', 'BRUXELLES');
INSERT INTO code_postaux (code_postal, LOCALITE)
VALUES ('1201', 'R.T.L. - T.V.I.');
INSERT INTO code_postaux (code_postal, LOCALITE)
VALUES ('1210', 'BRUXELLES (SAINT-JOSSE-TEN-NOO');
INSERT INTO code_postaux (code_postal, LOCALITE)
VALUES ('1300', 'WAVRE');
INSERT INTO code_postaux (code_postal, LOCALITE)
VALUES ('1301', 'BIERGES');
INSERT INTO code_postaux (code_postal, LOCALITE)
VALUES ('1310', 'LA HULPE');
INSERT INTO code_postaux (code_postal, LOCALITE)
VALUES ('1315', 'INCOURT');
INSERT INTO code_postaux (code_postal, LOCALITE)
VALUES ('1320', 'BEAUVECHAIN');
INSERT INTO code_postaux (code_postal, LOCALITE)
VALUES ('1325', 'CHAUMONT-GISTOUX');
INSERT INTO code_postaux (code_postal, LOCALITE)
VALUES ('1330', 'RIXENSART');
INSERT INTO code_postaux (code_postal, LOCALITE)
VALUES ('1331', 'ROSIERES');
INSERT INTO code_postaux (code_postal, LOCALITE)
VALUES ('1332', 'GENVAL');
INSERT INTO code_postaux (code_postal, LOCALITE)
VALUES ('1340', 'OTTIGNIES-LOUVAIN-LA-NEUVE');
INSERT INTO code_postaux (code_postal, LOCALITE)
VALUES ('1341', 'CEROUX-MOUSTY');
INSERT INTO code_postaux (code_postal, LOCALITE)
VALUES ('1342', 'LIMELETTE');
INSERT INTO code_postaux (code_postal, LOCALITE)
VALUES ('1348', 'LOUVAIN-LA-NEUVE');
INSERT INTO code_postaux (code_postal, LOCALITE)
VALUES ('1350', 'ORP-JAUCHE');
INSERT INTO code_postaux (code_postal, LOCALITE)
VALUES ('1357', 'HELECINE');
INSERT INTO code_postaux (code_postal, LOCALITE)
VALUES ('1360', 'PERWEZ');
INSERT INTO code_postaux (code_postal, LOCALITE)
VALUES ('1367', 'RAMILLIES');
INSERT INTO code_postaux (code_postal, LOCALITE)
VALUES ('1370', 'JODOIGNE');
INSERT INTO code_postaux (code_postal, LOCALITE)
VALUES ('1000B', 'BRUSSEL');
INSERT INTO code_postaux (code_postal, LOCALITE)
VALUES ('1010B', 'RIJKSADMINISTRATIEF CENTRUM');
INSERT INTO code_postaux (code_postal, LOCALITE)
VALUES ('1020B', 'LAEKEN (BRUXELLES)');
INSERT INTO code_postaux (code_postal, LOCALITE)
VALUES ('1020C', 'BRUSSEL (LAKEN)');
INSERT INTO code_postaux (code_postal, LOCALITE)
VALUES ('1020D', 'LAKEN (BRUSSEL)');
INSERT INTO code_postaux (code_postal, LOCALITE)
VALUES ('1030B', 'SCHAERBEEK');
INSERT INTO code_postaux (code_postal, LOCALITE)
VALUES ('1030C', 'BRUSSEL (SCHAARBEEK)');
INSERT INTO code_postaux (code_postal, LOCALITE)
VALUES ('1030D', 'SCHAARBEEK');
INSERT INTO code_postaux (code_postal, LOCALITE)
VALUES ('1040B', 'BRUXELLES');
INSERT INTO code_postaux (code_postal, LOCALITE)
VALUES ('1040C', 'BRUSSEL (ETTERBEEK)');
INSERT INTO code_postaux (code_postal, LOCALITE)
VALUES ('1047B', 'EUROPEES PARLEMENT');
INSERT INTO code_postaux (code_postal, LOCALITE)
VALUES ('1048B', 'E.U.-RAAD');
INSERT INTO code_postaux (code_postal, LOCALITE)
VALUES ('1049B', 'E.U.-COMMISSIE');
INSERT INTO code_postaux (code_postal, LOCALITE)
VALUES ('1050B', 'IXELLES');
INSERT INTO code_postaux (code_postal, LOCALITE)
VALUES ('1050C', 'BRUSSEL (ELSENE)');
INSERT INTO code_postaux (code_postal, LOCALITE)
VALUES ('1050D', 'ELSENE');
INSERT INTO code_postaux (code_postal, LOCALITE)
VALUES ('1060B', 'SAINT-GILLES');
INSERT INTO code_postaux (code_postal, LOCALITE)
VALUES ('1060C', 'BRUSSEL (SINT-GILLIS)');
INSERT INTO code_postaux (code_postal, LOCALITE)
VALUES ('1060D', 'SINT-GILLIS');
INSERT INTO code_postaux (code_postal, LOCALITE)
VALUES ('1070B', 'BRUXELLES (ANDERLECHT)');
INSERT INTO code_postaux (code_postal, LOCALITE)
VALUES ('1070C', 'BRUSSEL (ANDERLECHT)');
INSERT INTO code_postaux (code_postal, LOCALITE)
VALUES ('1080B', 'MOLENBEEK-SAINT-JEAN');
INSERT INTO code_postaux (code_postal, LOCALITE)
VALUES ('1080C', 'BRUSSEL (SINT-JANS-MOLENBEEK)');
INSERT INTO code_postaux (code_postal, LOCALITE)
VALUES ('1080D', 'SINT-JANS-MOLENBEEK');
INSERT INTO code_postaux (code_postal, LOCALITE)
VALUES ('1081B', 'BRUXELLES (KOEKELBERG)');
INSERT INTO code_postaux (code_postal, LOCALITE)
VALUES ('1081C', 'BRUSSEL (KOEKELBERG)');
INSERT INTO code_postaux (code_postal, LOCALITE)
VALUES ('1082B', 'BRUXELLES (BERCHEM-SAINTE-AGAT');
INSERT INTO code_postaux (code_postal, LOCALITE)
VALUES ('1082C', 'BRUSSEL (SINT-AGATHA-BERCHEM)');
INSERT INTO code_postaux (code_postal, LOCALITE)
VALUES ('1082D', 'SINT-AGATHA-BERCHEM');
INSERT INTO code_postaux (code_postal, LOCALITE)
VALUES ('1083B', 'BRUXELLES (GANSHOREN)');
INSERT INTO code_postaux (code_postal, LOCALITE)
VALUES ('1083C', 'BRUSSEL (GANSHOREN)');
INSERT INTO code_postaux (code_postal, LOCALITE)
VALUES ('1090B', 'BRUXELLES (JETTE)');
INSERT INTO code_postaux (code_postal, LOCALITE)
VALUES ('1090C', 'BRUSSEL (JETTE)');
INSERT INTO code_postaux (code_postal, LOCALITE)
VALUES ('1110B', 'NAVO - NATO');
INSERT INTO code_postaux (code_postal, LOCALITE)
VALUES ('1120B', 'BRUXELLES (NEDER-OVER-HEEMBEEK');
INSERT INTO code_postaux (code_postal, LOCALITE)
VALUES ('1120C', 'BRUSSEL (NEDER-OVER-HEEMBEEK)');
INSERT INTO code_postaux (code_postal, LOCALITE)
VALUES ('1130B', 'HAEREN (BRUXELLES)');
INSERT INTO code_postaux (code_postal, LOCALITE)
VALUES ('1130C', 'BRUSSEL (HAREN)');
INSERT INTO code_postaux (code_postal, LOCALITE)
VALUES ('1130D', 'HAREN (BRUSSEL)');
INSERT INTO code_postaux (code_postal, LOCALITE)
VALUES ('1140B', 'BRUXELLES (EVERE)');
INSERT INTO code_postaux (code_postal, LOCALITE)
VALUES ('1140C', 'BRUSSEL (EVERE)');
INSERT INTO code_postaux (code_postal, LOCALITE)
VALUES ('1150B', 'WOLUWE-SAINT-PIERRE');
INSERT INTO code_postaux (code_postal, LOCALITE)
VALUES ('1150C', 'BRUSSEL (SINT-PIETERS-WOLUWE)');
INSERT INTO code_postaux (code_postal, LOCALITE)
VALUES ('1150D', 'SINT-PIETERS-WOLUWE');
INSERT INTO code_postaux (code_postal, LOCALITE)
VALUES ('1160B', 'BRUXELLES');
INSERT INTO code_postaux (code_postal, LOCALITE)
VALUES ('1160C', 'BRUSSEL (OUDERGEM)');
INSERT INTO code_postaux (code_postal, LOCALITE)
VALUES ('1160D', 'OUDERGEM');
INSERT INTO code_postaux (code_postal, LOCALITE)
VALUES ('1170B', 'WATERMAEL-BOITSFORT');
COMMIT;
INSERT INTO code_postaux (code_postal, LOCALITE)
VALUES ('1170C', 'BRUSSEL (WATERMAAL-BOSVOORDE)');
INSERT INTO code_postaux (code_postal, LOCALITE)
VALUES ('1170D', 'WATERMAAL-BOSVOORDE');
INSERT INTO code_postaux (code_postal, LOCALITE)
VALUES ('1180B', 'UCCLE');
INSERT INTO code_postaux (code_postal, LOCALITE)
VALUES ('1180C', 'BRUSSEL (UKKEL)');
INSERT INTO code_postaux (code_postal, LOCALITE)
VALUES ('1180D', 'UKKEL');
INSERT INTO code_postaux (code_postal, LOCALITE)
VALUES ('1190B', 'FOREST');
INSERT INTO code_postaux (code_postal, LOCALITE)
VALUES ('1190C', 'BRUSSEL (VORST)');
INSERT INTO code_postaux (code_postal, LOCALITE)
VALUES ('1190D', 'VORST');
INSERT INTO code_postaux (code_postal, LOCALITE)
VALUES ('1200B', 'WOLUWE-SAINT-LAMBERT');
INSERT INTO code_postaux (code_postal, LOCALITE)
VALUES ('1200C', 'BRUSSEL (SINT-LAMBRECHTS-WOLUW');
INSERT INTO code_postaux (code_postal, LOCALITE)
VALUES ('1200D', 'SINT-LAMBRECHTS-WOLUWE');
INSERT INTO code_postaux (code_postal, LOCALITE)
VALUES ('1210B', 'SAINT-JOSSE-TEN-NOODE');
INSERT INTO code_postaux (code_postal, LOCALITE)
VALUES ('1210C', 'BRUSSEL (SINT-JOOST-TEN-NODE)');
INSERT INTO code_postaux (code_postal, LOCALITE)
VALUES ('1210D', 'SINT-JOOST-TEN-NODE');
INSERT INTO code_postaux (code_postal, LOCALITE)
VALUES ('1300B', 'LIMAL');
INSERT INTO code_postaux (code_postal, LOCALITE)
VALUES ('1315B', 'GLIMES');
INSERT INTO code_postaux (code_postal, LOCALITE)
VALUES ('1315C', 'OPPREBAIS');
INSERT INTO code_postaux (code_postal, LOCALITE)
VALUES ('1315D', 'PIETREBAIS');
INSERT INTO code_postaux (code_postal, LOCALITE)
VALUES ('1315E', 'ROUX-MIROIR');
INSERT INTO code_postaux (code_postal, LOCALITE)
VALUES ('1320B', 'HAMME-MILLE');
INSERT INTO code_postaux (code_postal, LOCALITE)
VALUES ('1320C', 'L''ECLUSE');
INSERT INTO code_postaux (code_postal, LOCALITE)
VALUES ('1320D', 'NODEBAIS');
INSERT INTO code_postaux (code_postal, LOCALITE)
VALUES ('1320E', 'TOURINNES-LA-GROSSE');
INSERT INTO code_postaux (code_postal, LOCALITE)
VALUES ('1325B', 'BONLEZ');
INSERT INTO code_postaux (code_postal, LOCALITE)
VALUES ('1325C', 'CORROY-LE-GRAND');
INSERT INTO code_postaux (code_postal, LOCALITE)
VALUES ('1325D', 'DION-VALMONT');
INSERT INTO code_postaux (code_postal, LOCALITE)
VALUES ('1325E', 'LONGUEVILLE');
INSERT INTO code_postaux (code_postal, LOCALITE)
VALUES ('1340B', 'OTTIGNIES');
INSERT INTO code_postaux (code_postal, LOCALITE)
VALUES ('1348B', 'MONT-SAINT-GUIBERT');
INSERT INTO code_postaux (code_postal, LOCALITE)
VALUES ('1350B', 'ENINES');
INSERT INTO code_postaux (code_postal, LOCALITE)
VALUES ('1350C', 'FOLX-LES-CAVES');
INSERT INTO code_postaux (code_postal, LOCALITE)
VALUES ('1350D', 'JANDRAIN-JANDRENOUILLE');
INSERT INTO code_postaux (code_postal, LOCALITE)
VALUES ('1350E', 'JAUCHE');
INSERT INTO code_postaux (code_postal, LOCALITE)
VALUES ('1350F', 'MARILLES');
INSERT INTO code_postaux (code_postal, LOCALITE)
VALUES ('1350G', 'NODUWEZ');
INSERT INTO code_postaux (code_postal, LOCALITE)
VALUES ('1350H', 'ORP-LE-GRAND');
INSERT INTO code_postaux (code_postal, LOCALITE)
VALUES ('1357B', 'LINSMEAU');
INSERT INTO code_postaux (code_postal, LOCALITE)
VALUES ('1357C', 'NEERHEYLISSEM');
INSERT INTO code_postaux (code_postal, LOCALITE)
VALUES ('1357D', 'OPHEYLISSEM');
INSERT INTO code_postaux (code_postal, LOCALITE)
VALUES ('1360B', 'MALEVES-SAINTE-MARIE-WASTINES');
INSERT INTO code_postaux (code_postal, LOCALITE)
VALUES ('1360C', 'ORBAIS');
INSERT INTO code_postaux (code_postal, LOCALITE)
VALUES ('1360D', 'THOREMBAIS-LES-BEGUINES');
INSERT INTO code_postaux (code_postal, LOCALITE)
VALUES ('1360E', 'THOREMBAIS-SAINT-TROND');
INSERT INTO code_postaux (code_postal, LOCALITE)
VALUES ('1367B', 'AUTRE EGLISE');
INSERT INTO code_postaux (code_postal, LOCALITE)
VALUES ('1367C', 'BOMAL (BT.)');
INSERT INTO code_postaux (code_postal, LOCALITE)
VALUES ('1367D', 'GEEST-GEROMPONT-PETIT-ROSIERE');
INSERT INTO code_postaux (code_postal, LOCALITE)
VALUES ('1367E', 'GEROMPONT');
INSERT INTO code_postaux (code_postal, LOCALITE)
VALUES ('1367F', 'GRAND-ROSIERE-HOTTOMONT');
INSERT INTO code_postaux (code_postal, LOCALITE)
VALUES ('1367G', 'HUPPAYE');
INSERT INTO code_postaux (code_postal, LOCALITE)
VALUES ('1367H', 'MONT-SAINT-ANDRE');
INSERT INTO code_postaux (code_postal, LOCALITE)
VALUES ('1370B', 'DONGELBERG');
INSERT INTO code_postaux (code_postal, LOCALITE)
VALUES ('1370C', 'JAUCHELETTE');
INSERT INTO code_postaux (code_postal, LOCALITE)
VALUES ('1370D', 'JODOIGNE-SOUVERAINE');
INSERT INTO code_postaux (code_postal, LOCALITE)
VALUES ('1370E', 'LATHUY');
INSERT INTO code_postaux (code_postal, LOCALITE)
VALUES ('1370F', 'MELIN');
INSERT INTO code_postaux (code_postal, LOCALITE)
VALUES ('1370G', 'PIETRAIN');
INSERT INTO code_postaux (code_postal, LOCALITE)
VALUES ('1370H', 'SAINT-JEAN-GEEST');
INSERT INTO code_postaux (code_postal, LOCALITE)
VALUES ('1370I', 'SAINT-REMY-GEEST');
INSERT INTO code_postaux (code_postal, LOCALITE)
VALUES ('1370J', 'ZETRUD-LUMAY');
INSERT INTO code_postaux (code_postal, LOCALITE)
VALUES ('1380', 'LASNE');
INSERT INTO code_postaux (code_postal, LOCALITE)
VALUES ('1380B', 'COUTURE-SAINT-GERMAIN');
INSERT INTO code_postaux (code_postal, LOCALITE)
VALUES ('1380C', 'LASNE-CHAPELLE-SAINT-LAMBERT');
INSERT INTO code_postaux (code_postal, LOCALITE)
VALUES ('1380D', 'MARANSART');
INSERT INTO code_postaux (code_postal, LOCALITE)
VALUES ('1380E', 'OHAIN');
INSERT INTO code_postaux (code_postal, LOCALITE)
VALUES ('1380F', 'PLANCENOIT');
INSERT INTO code_postaux (code_postal, LOCALITE)
VALUES ('1390', 'GREZ-DOICEAU');
INSERT INTO code_postaux (code_postal, LOCALITE)
VALUES ('1390B', 'ARCHENNES');
INSERT INTO code_postaux (code_postal, LOCALITE)
VALUES ('1390C', 'BIEZ');
INSERT INTO code_postaux (code_postal, LOCALITE)
VALUES ('1390D', 'BOSSUT-GOTTECHAIN');
INSERT INTO code_postaux (code_postal, LOCALITE)
VALUES ('1390E', 'NETHEN');
INSERT INTO code_postaux (code_postal, LOCALITE)
VALUES ('1400', 'NIVELLES');
INSERT INTO code_postaux (code_postal, LOCALITE)
VALUES ('1400B', 'MONSTREUX');
INSERT INTO code_postaux (code_postal, LOCALITE)
VALUES ('1400C', 'PETIT-ROEULX-LEZ-NIVELLES');
INSERT INTO code_postaux (code_postal, LOCALITE)
VALUES ('1401', 'BAULERS');
INSERT INTO code_postaux (code_postal, LOCALITE)
VALUES ('1402', 'THINES');
INSERT INTO code_postaux (code_postal, LOCALITE)
VALUES ('1404', 'BORNIVAL');
INSERT INTO code_postaux (code_postal, LOCALITE)
VALUES ('1410', 'LA HULPE');
INSERT INTO code_postaux (code_postal, LOCALITE)
VALUES ('1410B', 'WATERLOO');
INSERT INTO code_postaux (code_postal, LOCALITE)
VALUES ('1414', 'PROMO-CONTROL');
INSERT INTO code_postaux (code_postal, LOCALITE)
VALUES ('1421', 'OPHAIN-BOIS-SEIGNEUR-ISAAC');
INSERT INTO code_postaux (code_postal, LOCALITE)
VALUES ('1428', 'LILLOIS-WITTERZEE');
INSERT INTO code_postaux (code_postal, LOCALITE)
VALUES ('1430', 'REBECQ');
INSERT INTO code_postaux (code_postal, LOCALITE)
VALUES ('1430B', 'BIERGHES');
INSERT INTO code_postaux (code_postal, LOCALITE)
VALUES ('1430C', 'QUENAST');
INSERT INTO code_postaux (code_postal, LOCALITE)
VALUES ('1430D', 'REBECQ-ROGNON');
INSERT INTO code_postaux (code_postal, LOCALITE)
VALUES ('1435', 'MONT-SAINT-GUIBERT');
INSERT INTO code_postaux (code_postal, LOCALITE)
VALUES ('1435B', 'CORBAIS');
INSERT INTO code_postaux (code_postal, LOCALITE)
VALUES ('1435C', 'HEVILLERS');
INSERT INTO code_postaux (code_postal, LOCALITE)
VALUES ('1440', 'BRAINE-LE-CHATEAU');
INSERT INTO code_postaux (code_postal, LOCALITE)
VALUES ('1440B', 'WAUTHIER-BRAINE');
INSERT INTO code_postaux (code_postal, LOCALITE)
VALUES ('1450', 'CHASTRE');
INSERT INTO code_postaux (code_postal, LOCALITE)
VALUES ('1450B', 'CHASTRE-VILLEROUX-BLANMONT');
INSERT INTO code_postaux (code_postal, LOCALITE)
VALUES ('1450C', 'CORTIL-NOIRMONT');
INSERT INTO code_postaux (code_postal, LOCALITE)
VALUES ('1450D', 'GENTINNES');
INSERT INTO code_postaux (code_postal, LOCALITE)
VALUES ('1450E', 'SAINT-GERY');
INSERT INTO code_postaux (code_postal, LOCALITE)
VALUES ('1457', 'WALHAIN');
INSERT INTO code_postaux (code_postal, LOCALITE)
VALUES ('1457B', 'NIL-SAINT-VINCENT-SAINT-MARTIN');
INSERT INTO code_postaux (code_postal, LOCALITE)
VALUES ('1457C', 'TOURINNES-SAINT-LAMBERT');
INSERT INTO code_postaux (code_postal, LOCALITE)
VALUES ('1457D', 'WALHAIN-SAINT-PAUL');
INSERT INTO code_postaux (code_postal, LOCALITE)
VALUES ('1460', 'ITTRE');
COMMIT;
INSERT INTO code_postaux (code_postal, LOCALITE)
VALUES ('1460B', 'VIRGINAL-SAMME');
INSERT INTO code_postaux (code_postal, LOCALITE)
VALUES ('1461', 'HAUT-ITTRE');
INSERT INTO code_postaux (code_postal, LOCALITE)
VALUES ('1470', 'GENAPPE');
INSERT INTO code_postaux (code_postal, LOCALITE)
VALUES ('1470B', 'BAISY-THY');
INSERT INTO code_postaux (code_postal, LOCALITE)
VALUES ('1470C', 'BOUSVAL');
INSERT INTO code_postaux (code_postal, LOCALITE)
VALUES ('1471', 'LOUPOIGNE');
INSERT INTO code_postaux (code_postal, LOCALITE)
VALUES ('1472', 'VIEUX-GENAPPE');
INSERT INTO code_postaux (code_postal, LOCALITE)
VALUES ('1473', 'GLABAIS');
INSERT INTO code_postaux (code_postal, LOCALITE)
VALUES ('1474', 'WAYS');
INSERT INTO code_postaux (code_postal, LOCALITE)
VALUES ('1476', 'HOUTAIN-LE-VAL');
INSERT INTO code_postaux (code_postal, LOCALITE)
VALUES ('1480', 'TUBIZE');
INSERT INTO code_postaux (code_postal, LOCALITE)
VALUES ('1480B', 'CLABECQ');
INSERT INTO code_postaux (code_postal, LOCALITE)
VALUES ('1480C', 'OISQUERCQ');
INSERT INTO code_postaux (code_postal, LOCALITE)
VALUES ('1480D', 'SAINTES');
INSERT INTO code_postaux (code_postal, LOCALITE)
VALUES ('1490', 'COURT-SAINT-ETIENNE');
INSERT INTO code_postaux (code_postal, LOCALITE)
VALUES ('1495', 'VILLERS-LA-VILLE');
INSERT INTO code_postaux (code_postal, LOCALITE)
VALUES ('1495B', 'MARBAIS (BT.)');
INSERT INTO code_postaux (code_postal, LOCALITE)
VALUES ('1495C', 'MELLERY');
INSERT INTO code_postaux (code_postal, LOCALITE)
VALUES ('1495D', 'SART-DAMES-AVELINES');
INSERT INTO code_postaux (code_postal, LOCALITE)
VALUES ('1495E', 'TILLY');
INSERT INTO code_postaux (code_postal, LOCALITE)
VALUES ('1500', 'HAL');
INSERT INTO code_postaux (code_postal, LOCALITE)
VALUES ('1500B', 'HALLE');
INSERT INTO code_postaux (code_postal, LOCALITE)
VALUES ('1501', 'BUIZINGEN');
INSERT INTO code_postaux (code_postal, LOCALITE)
VALUES ('1502', 'LEMBEEK');
INSERT INTO code_postaux (code_postal, LOCALITE)
VALUES ('1540', 'HERNE');
INSERT INTO code_postaux (code_postal, LOCALITE)
VALUES ('1540B', 'HERFELINGEN');
INSERT INTO code_postaux (code_postal, LOCALITE)
VALUES ('1541', 'SAINT-PIERRE-CAPELLE (BRABANT)');
INSERT INTO code_postaux (code_postal, LOCALITE)
VALUES ('1541B', 'SINT-PIETERS-KAPELLE (BT.)');
INSERT INTO code_postaux (code_postal, LOCALITE)
VALUES ('1547', 'BIEVENE');
INSERT INTO code_postaux (code_postal, LOCALITE)
VALUES ('1547B', 'BEVER');
INSERT INTO code_postaux (code_postal, LOCALITE)
VALUES ('1560', 'HOEILAART');
INSERT INTO code_postaux (code_postal, LOCALITE)
VALUES ('1570', 'GAMMERAGES');
INSERT INTO code_postaux (code_postal, LOCALITE)
VALUES ('1570B', 'GALMAARDEN');
INSERT INTO code_postaux (code_postal, LOCALITE)
VALUES ('1570C', 'TOLLEMBEEK');
INSERT INTO code_postaux (code_postal, LOCALITE)
VALUES ('1570D', 'VOLLEZELE');
INSERT INTO code_postaux (code_postal, LOCALITE)
VALUES ('1600', 'SINT-PIETERS-LEEUW');
INSERT INTO code_postaux (code_postal, LOCALITE)
VALUES ('1600B', 'OUDENAKEN');
INSERT INTO code_postaux (code_postal, LOCALITE)
VALUES ('1600C', 'SINT-LAUREINS-BERCHEM');
INSERT INTO code_postaux (code_postal, LOCALITE)
VALUES ('1601', 'RUISBROEK (BT.)');
INSERT INTO code_postaux (code_postal, LOCALITE)
VALUES ('1602', 'VLEZENBEEK');
INSERT INTO code_postaux (code_postal, LOCALITE)
VALUES ('1620', 'DROGENBOS');
INSERT INTO code_postaux (code_postal, LOCALITE)
VALUES ('1630', 'LINKEBEEK');
INSERT INTO code_postaux (code_postal, LOCALITE)
VALUES ('1640', 'RHODE-SAINT-GENESE');
INSERT INTO code_postaux (code_postal, LOCALITE)
VALUES ('1640B', 'SINT-GENESIUS-RODE');
INSERT INTO code_postaux (code_postal, LOCALITE)
VALUES ('1650', 'BEERSEL');
INSERT INTO code_postaux (code_postal, LOCALITE)
VALUES ('1651', 'LOT');
INSERT INTO code_postaux (code_postal, LOCALITE)
VALUES ('1652', 'ALSEMBERG');
INSERT INTO code_postaux (code_postal, LOCALITE)
VALUES ('1653', 'TOURNEPPE');
INSERT INTO code_postaux (code_postal, LOCALITE)
VALUES ('1653B', 'DWORP');
INSERT INTO code_postaux (code_postal, LOCALITE)
VALUES ('1654', 'HUIZINGEN');
INSERT INTO code_postaux (code_postal, LOCALITE)
VALUES ('1670', 'PEPINGEN');
INSERT INTO code_postaux (code_postal, LOCALITE)
VALUES ('1670B', 'BOGAARDEN');
INSERT INTO code_postaux (code_postal, LOCALITE)
VALUES ('1670C', 'HEIKRUIS');
INSERT INTO code_postaux (code_postal, LOCALITE)
VALUES ('1671', 'ELINGEN');
INSERT INTO code_postaux (code_postal, LOCALITE)
VALUES ('1673', 'BRAGES');
INSERT INTO code_postaux (code_postal, LOCALITE)
VALUES ('1673B', 'BEERT');
INSERT INTO code_postaux (code_postal, LOCALITE)
VALUES ('1674', 'BELLINGEN');
INSERT INTO code_postaux (code_postal, LOCALITE)
VALUES ('1700', 'DILBEEK');
INSERT INTO code_postaux (code_postal, LOCALITE)
VALUES ('1700B', 'SINT-MARTENS-BODEGEM');
INSERT INTO code_postaux (code_postal, LOCALITE)
VALUES ('1700C', 'SINT-ULRIKS-KAPELLE');
INSERT INTO code_postaux (code_postal, LOCALITE)
VALUES ('1701', 'ITTERBEEK');
INSERT INTO code_postaux (code_postal, LOCALITE)
VALUES ('1702', 'GROOT-BIJGAARDEN');
INSERT INTO code_postaux (code_postal, LOCALITE)
VALUES ('1703', 'SCHEPDAAL');
INSERT INTO code_postaux (code_postal, LOCALITE)
VALUES ('1730', 'ASSE');
INSERT INTO code_postaux (code_postal, LOCALITE)
VALUES ('1730B', 'BEKKERZEEL');
INSERT INTO code_postaux (code_postal, LOCALITE)
VALUES ('1730C', 'KOBBEGEM');
INSERT INTO code_postaux (code_postal, LOCALITE)
VALUES ('1730D', 'MOLLEM');
INSERT INTO code_postaux (code_postal, LOCALITE)
VALUES ('1731', 'RELEGEM');
INSERT INTO code_postaux (code_postal, LOCALITE)
VALUES ('1731B', 'ZELLIK');
INSERT INTO code_postaux (code_postal, LOCALITE)
VALUES ('1740', 'TERNAT');
INSERT INTO code_postaux (code_postal, LOCALITE)
VALUES ('1741', 'WAMBEEK');
INSERT INTO code_postaux (code_postal, LOCALITE)
VALUES ('1742', 'SINT-KATHERINA-LOMBEEK');
INSERT INTO code_postaux (code_postal, LOCALITE)
VALUES ('1745', 'OPWIJK');
INSERT INTO code_postaux (code_postal, LOCALITE)
VALUES ('1745B', 'MAZENZELE');
INSERT INTO code_postaux (code_postal, LOCALITE)
VALUES ('1750', 'LENNIK');
INSERT INTO code_postaux (code_postal, LOCALITE)
VALUES ('1750B', 'GAASBEEK');
INSERT INTO code_postaux (code_postal, LOCALITE)
VALUES ('1750C', 'SINT-KWINTENS-LENNIK');
INSERT INTO code_postaux (code_postal, LOCALITE)
VALUES ('1750D', 'SINT-MARTENS-LENNIK');
INSERT INTO code_postaux (code_postal, LOCALITE)
VALUES ('1755', 'GOOIK');
INSERT INTO code_postaux (code_postal, LOCALITE)
VALUES ('1755B', 'KESTER');
INSERT INTO code_postaux (code_postal, LOCALITE)
VALUES ('1755C', 'LEERBEEK');
INSERT INTO code_postaux (code_postal, LOCALITE)
VALUES ('1755D', 'OETINGEN');
INSERT INTO code_postaux (code_postal, LOCALITE)
VALUES ('1760', 'ROOSDAAL');
INSERT INTO code_postaux (code_postal, LOCALITE)
VALUES ('1760B', 'ONZE-LIEVE-VROUW-LOMBEEK');
INSERT INTO code_postaux (code_postal, LOCALITE)
VALUES ('1760C', 'PAMEL');
INSERT INTO code_postaux (code_postal, LOCALITE)
VALUES ('1760D', 'STRIJTEM');
INSERT INTO code_postaux (code_postal, LOCALITE)
VALUES ('1761', 'BORCHTLOMBEEK');
INSERT INTO code_postaux (code_postal, LOCALITE)
VALUES ('1770', 'LIEDEKERKE');
INSERT INTO code_postaux (code_postal, LOCALITE)
VALUES ('1780', 'WEMMEL');
INSERT INTO code_postaux (code_postal, LOCALITE)
VALUES ('1785', 'MERCHTEM');
INSERT INTO code_postaux (code_postal, LOCALITE)
VALUES ('1785B', 'BRUSSEGEM');
INSERT INTO code_postaux (code_postal, LOCALITE)
VALUES ('1785C', 'HAMME (BT.)');
INSERT INTO code_postaux (code_postal, LOCALITE)
VALUES ('1790', 'AFFLIGEM');
INSERT INTO code_postaux (code_postal, LOCALITE)
VALUES ('1790B', 'ESSENE');
INSERT INTO code_postaux (code_postal, LOCALITE)
VALUES ('1790C', 'HEKELGEM');
INSERT INTO code_postaux (code_postal, LOCALITE)
VALUES ('1790D', 'TERALFENE');
INSERT INTO code_postaux (code_postal, LOCALITE)
VALUES ('1800', 'VILVORDE');
INSERT INTO code_postaux (code_postal, LOCALITE)
VALUES ('1800B', 'VILVOORDE');
INSERT INTO code_postaux (code_postal, LOCALITE)
VALUES ('1800C', 'PEUTIE');
INSERT INTO code_postaux (code_postal, LOCALITE)
VALUES ('1804', 'CARGOVIL');
COMMIT;
INSERT INTO code_postaux (code_postal, LOCALITE)
VALUES ('1818', 'VTM');
INSERT INTO code_postaux (code_postal, LOCALITE)
VALUES ('1820', 'STEENOKKERZEEL');
INSERT INTO code_postaux (code_postal, LOCALITE)
VALUES ('1820B', 'MELSBROEK');
INSERT INTO code_postaux (code_postal, LOCALITE)
VALUES ('1820C', 'PERK');
INSERT INTO code_postaux (code_postal, LOCALITE)
VALUES ('1830', 'MACHELEN (BT.)');
INSERT INTO code_postaux (code_postal, LOCALITE)
VALUES ('1831', 'DIEGEM');
INSERT INTO code_postaux (code_postal, LOCALITE)
VALUES ('1840', 'LONDERZEEL');
INSERT INTO code_postaux (code_postal, LOCALITE)
VALUES ('1840B', 'MALDEREN');
INSERT INTO code_postaux (code_postal, LOCALITE)
VALUES ('1840C', 'STEENHUFFEL');
INSERT INTO code_postaux (code_postal, LOCALITE)
VALUES ('1850', 'GRIMBERGEN');
INSERT INTO code_postaux (code_postal, LOCALITE)
VALUES ('1851', 'HUMBEEK');
INSERT INTO code_postaux (code_postal, LOCALITE)
VALUES ('1852', 'BEIGEM');
INSERT INTO code_postaux (code_postal, LOCALITE)
VALUES ('1853', 'STROMBEEK-BEVER');
INSERT INTO code_postaux (code_postal, LOCALITE)
VALUES ('1860', 'MEISE');
INSERT INTO code_postaux (code_postal, LOCALITE)
VALUES ('1861', 'WOLVERTEM');
INSERT INTO code_postaux (code_postal, LOCALITE)
VALUES ('1880', 'KAPELLE-OP-DEN-BOS');
INSERT INTO code_postaux (code_postal, LOCALITE)
VALUES ('1880B', 'NIEUWENRODE');
INSERT INTO code_postaux (code_postal, LOCALITE)
VALUES ('1880C', 'RAMSDONK');
INSERT INTO code_postaux (code_postal, LOCALITE)
VALUES ('1910', 'KAMPENHOUT');
INSERT INTO code_postaux (code_postal, LOCALITE)
VALUES ('1910B', 'BERG (BT.)');
INSERT INTO code_postaux (code_postal, LOCALITE)
VALUES ('1910C', 'BUKEN');
INSERT INTO code_postaux (code_postal, LOCALITE)
VALUES ('1910D', 'NEDEROKKERZEEL');
INSERT INTO code_postaux (code_postal, LOCALITE)
VALUES ('1930', 'ZAVENTEM');
INSERT INTO code_postaux (code_postal, LOCALITE)
VALUES ('1930B', 'NOSSEGEM');
INSERT INTO code_postaux (code_postal, LOCALITE)
VALUES ('1931', 'BRUCARGO');
INSERT INTO code_postaux (code_postal, LOCALITE)
VALUES ('1932', 'WOLUWE-SAINT-ETIENNE');
INSERT INTO code_postaux (code_postal, LOCALITE)
VALUES ('1932B', 'SINT-STEVENS-WOLUWE');
INSERT INTO code_postaux (code_postal, LOCALITE)
VALUES ('1933', 'STERREBEEK');
INSERT INTO code_postaux (code_postal, LOCALITE)
VALUES ('1934', 'BRUXELLES X-AEROPORT REMAILING');
INSERT INTO code_postaux (code_postal, LOCALITE)
VALUES ('1934B', 'BRUSSEL X-LUCHTHAVEN REMAILING');
INSERT INTO code_postaux (code_postal, LOCALITE)
VALUES ('1950', 'KRAAINEM');
INSERT INTO code_postaux (code_postal, LOCALITE)
VALUES ('1970', 'WEZEMBEEK-OPPEM');
INSERT INTO code_postaux (code_postal, LOCALITE)
VALUES ('1980', 'ZEMST');
INSERT INTO code_postaux (code_postal, LOCALITE)
VALUES ('1980B', 'EPPEGEM');
INSERT INTO code_postaux (code_postal, LOCALITE)
VALUES ('1981', 'HOFSTADE (BT.)');
INSERT INTO code_postaux (code_postal, LOCALITE)
VALUES ('1982', 'ELEWIJT');
INSERT INTO code_postaux (code_postal, LOCALITE)
VALUES ('1982B', 'WEERDE');
INSERT INTO code_postaux (code_postal, LOCALITE)
VALUES ('2000', 'ANTWERPEN');
INSERT INTO code_postaux (code_postal, LOCALITE)
VALUES ('2000B', 'ANVERS');
INSERT INTO code_postaux (code_postal, LOCALITE)
VALUES ('2018', 'ANTWERPEN');
INSERT INTO code_postaux (code_postal, LOCALITE)
VALUES ('2020', 'ANTWERPEN');
INSERT INTO code_postaux (code_postal, LOCALITE)
VALUES ('2030', 'ANTWERPEN');
INSERT INTO code_postaux (code_postal, LOCALITE)
VALUES ('2040', 'ANTWERPEN');
INSERT INTO code_postaux (code_postal, LOCALITE)
VALUES ('2040B', 'BERENDRECHT');
INSERT INTO code_postaux (code_postal, LOCALITE)
VALUES ('2040C', 'LILLO');
INSERT INTO code_postaux (code_postal, LOCALITE)
VALUES ('2040D', 'ZANDVLIET');
INSERT INTO code_postaux (code_postal, LOCALITE)
VALUES ('2050', 'ANTWERPEN');
INSERT INTO code_postaux (code_postal, LOCALITE)
VALUES ('2060', 'ANTWERPEN');
INSERT INTO code_postaux (code_postal, LOCALITE)
VALUES ('2070', 'ZWIJNDRECHT');
INSERT INTO code_postaux (code_postal, LOCALITE)
VALUES ('2070B', 'BURCHT');
INSERT INTO code_postaux (code_postal, LOCALITE)
VALUES ('20??', 'ANVERS');
INSERT INTO code_postaux (code_postal, LOCALITE)
VALUES ('2100', 'DEURNE (ANTWERPEN)');
INSERT INTO code_postaux (code_postal, LOCALITE)
VALUES ('2110', 'WIJNEGEM');
INSERT INTO code_postaux (code_postal, LOCALITE)
VALUES ('2140', 'BORGERHOUT (ANTWERPEN)');
INSERT INTO code_postaux (code_postal, LOCALITE)
VALUES ('2150', 'BORSBEEK (ANTW.)');
INSERT INTO code_postaux (code_postal, LOCALITE)
VALUES ('2160', 'WOMMELGEM');
INSERT INTO code_postaux (code_postal, LOCALITE)
VALUES ('2170', 'MERKSEM (ANTWERPEN)');
INSERT INTO code_postaux (code_postal, LOCALITE)
VALUES ('2180', 'ANTWERPEN');
INSERT INTO code_postaux (code_postal, LOCALITE)
VALUES ('2180B', 'EKEREN (ANTWERPEN)');
INSERT INTO code_postaux (code_postal, LOCALITE)
VALUES ('2200', 'HERENTALS');
INSERT INTO code_postaux (code_postal, LOCALITE)
VALUES ('2200B', 'MORKHOVEN');
INSERT INTO code_postaux (code_postal, LOCALITE)
VALUES ('2200C', 'NOORDERWIJK');
INSERT INTO code_postaux (code_postal, LOCALITE)
VALUES ('2220', 'HEIST-OP-DEN-BERG');
INSERT INTO code_postaux (code_postal, LOCALITE)
VALUES ('2220B', 'HALLAAR');
INSERT INTO code_postaux (code_postal, LOCALITE)
VALUES ('2221', 'BOOISCHOT');
INSERT INTO code_postaux (code_postal, LOCALITE)
VALUES ('2222', 'ITEGEM');
INSERT INTO code_postaux (code_postal, LOCALITE)
VALUES ('2222B', 'WIEKEVORST');
INSERT INTO code_postaux (code_postal, LOCALITE)
VALUES ('2223', 'SCHRIEK');
INSERT INTO code_postaux (code_postal, LOCALITE)
VALUES ('2230', 'HERSELT');
INSERT INTO code_postaux (code_postal, LOCALITE)
VALUES ('2230B', 'RAMSEL');
INSERT INTO code_postaux (code_postal, LOCALITE)
VALUES ('2235', 'HULSHOUT');
INSERT INTO code_postaux (code_postal, LOCALITE)
VALUES ('2235B', 'HOUTVENNE');
INSERT INTO code_postaux (code_postal, LOCALITE)
VALUES ('2235C', 'WESTMEERBEEK');
INSERT INTO code_postaux (code_postal, LOCALITE)
VALUES ('2240', 'ZANDHOVEN');
INSERT INTO code_postaux (code_postal, LOCALITE)
VALUES ('2240B', 'MASSENHOVEN');
INSERT INTO code_postaux (code_postal, LOCALITE)
VALUES ('2240C', 'VIERSEL');
INSERT INTO code_postaux (code_postal, LOCALITE)
VALUES ('2242', 'PULDERBOS');
INSERT INTO code_postaux (code_postal, LOCALITE)
VALUES ('2243', 'PULLE');
INSERT INTO code_postaux (code_postal, LOCALITE)
VALUES ('2250', 'OLEN');
INSERT INTO code_postaux (code_postal, LOCALITE)
VALUES ('2260', 'WESTERLO');
INSERT INTO code_postaux (code_postal, LOCALITE)
VALUES ('2260B', 'OEVEL');
INSERT INTO code_postaux (code_postal, LOCALITE)
VALUES ('2260C', 'TONGERLO (ANTW.)');
INSERT INTO code_postaux (code_postal, LOCALITE)
VALUES ('2260D', 'ZOERLE-PARWIJS');
INSERT INTO code_postaux (code_postal, LOCALITE)
VALUES ('2270', 'HERENTHOUT');
INSERT INTO code_postaux (code_postal, LOCALITE)
VALUES ('2275', 'LILLE');
INSERT INTO code_postaux (code_postal, LOCALITE)
VALUES ('2275B', 'GIERLE');
INSERT INTO code_postaux (code_postal, LOCALITE)
VALUES ('2275C', 'POEDERLEE');
INSERT INTO code_postaux (code_postal, LOCALITE)
VALUES ('2275D', 'WECHELDERZANDE');
INSERT INTO code_postaux (code_postal, LOCALITE)
VALUES ('2280', 'GROBBENDONK');
INSERT INTO code_postaux (code_postal, LOCALITE)
VALUES ('2288', 'BOUWEL');
INSERT INTO code_postaux (code_postal, LOCALITE)
VALUES ('2290', 'VORSELAAR');
INSERT INTO code_postaux (code_postal, LOCALITE)
VALUES ('2300', 'TURNHOUT');
INSERT INTO code_postaux (code_postal, LOCALITE)
VALUES ('2310', 'RIJKEVORSEL');
INSERT INTO code_postaux (code_postal, LOCALITE)
VALUES ('2320', 'HOOGSTRATEN');
INSERT INTO code_postaux (code_postal, LOCALITE)
VALUES ('2321', 'MEER');
INSERT INTO code_postaux (code_postal, LOCALITE)
VALUES ('2322', 'MINDERHOUT');
INSERT INTO code_postaux (code_postal, LOCALITE)
VALUES ('2323', 'WORTEL');
INSERT INTO code_postaux (code_postal, LOCALITE)
VALUES ('2328', 'MEERLE');
INSERT INTO code_postaux (code_postal, LOCALITE)
VALUES ('2330', 'MERKSPLAS');
INSERT INTO code_postaux (code_postal, LOCALITE)
VALUES ('2340', 'BEERSE');
COMMIT;
INSERT INTO code_postaux (code_postal, LOCALITE)
VALUES ('2340B', 'VLIMMEREN');
INSERT INTO code_postaux (code_postal, LOCALITE)
VALUES ('2350', 'VOSSELAAR');
INSERT INTO code_postaux (code_postal, LOCALITE)
VALUES ('2360', 'OUD-TURNHOUT');
INSERT INTO code_postaux (code_postal, LOCALITE)
VALUES ('2370', 'ARENDONK');
INSERT INTO code_postaux (code_postal, LOCALITE)
VALUES ('2380', 'RAVELS');
INSERT INTO code_postaux (code_postal, LOCALITE)
VALUES ('2381', 'WEELDE');
INSERT INTO code_postaux (code_postal, LOCALITE)
VALUES ('2382', 'POPPEL');
INSERT INTO code_postaux (code_postal, LOCALITE)
VALUES ('2387', 'BAERLE-DUC');
INSERT INTO code_postaux (code_postal, LOCALITE)
VALUES ('2387B', 'BAARLE-HERTOG');
INSERT INTO code_postaux (code_postal, LOCALITE)
VALUES ('2390', 'MALLE');
INSERT INTO code_postaux (code_postal, LOCALITE)
VALUES ('2390B', 'OOSTMALLE');
INSERT INTO code_postaux (code_postal, LOCALITE)
VALUES ('2390C', 'WESTMALLE');
INSERT INTO code_postaux (code_postal, LOCALITE)
VALUES ('2400', 'MOL');
INSERT INTO code_postaux (code_postal, LOCALITE)
VALUES ('2430', 'LAAKDAL');
INSERT INTO code_postaux (code_postal, LOCALITE)
VALUES ('2430B', 'EINDHOUT');
INSERT INTO code_postaux (code_postal, LOCALITE)
VALUES ('2430C', 'VORST (KEMPEN)');
INSERT INTO code_postaux (code_postal, LOCALITE)
VALUES ('2431', 'VARENDONK');
INSERT INTO code_postaux (code_postal, LOCALITE)
VALUES ('2431B', 'VEERLE');
INSERT INTO code_postaux (code_postal, LOCALITE)
VALUES ('2440', 'GEEL');
INSERT INTO code_postaux (code_postal, LOCALITE)
VALUES ('2450', 'MEERHOUT');
INSERT INTO code_postaux (code_postal, LOCALITE)
VALUES ('2460', 'KASTERLEE');
INSERT INTO code_postaux (code_postal, LOCALITE)
VALUES ('2460B', 'LICHTAART');
INSERT INTO code_postaux (code_postal, LOCALITE)
VALUES ('2460C', 'TIELEN');
INSERT INTO code_postaux (code_postal, LOCALITE)
VALUES ('2470', 'RETIE');
INSERT INTO code_postaux (code_postal, LOCALITE)
VALUES ('2480', 'DESSEL');
INSERT INTO code_postaux (code_postal, LOCALITE)
VALUES ('2490', 'BALEN');
INSERT INTO code_postaux (code_postal, LOCALITE)
VALUES ('2491', 'OLMEN');
INSERT INTO code_postaux (code_postal, LOCALITE)
VALUES ('2500', 'LIERRE');
INSERT INTO code_postaux (code_postal, LOCALITE)
VALUES ('2500B', 'LIER');
INSERT INTO code_postaux (code_postal, LOCALITE)
VALUES ('2500C', 'KONINGSHOOIKT');
INSERT INTO code_postaux (code_postal, LOCALITE)
VALUES ('2520', 'RANST');
INSERT INTO code_postaux (code_postal, LOCALITE)
VALUES ('2520B', 'BROECHEM');
INSERT INTO code_postaux (code_postal, LOCALITE)
VALUES ('2520C', 'EMBLEM');
INSERT INTO code_postaux (code_postal, LOCALITE)
VALUES ('2520D', 'OELEGEM');
INSERT INTO code_postaux (code_postal, LOCALITE)
VALUES ('2530', 'BOECHOUT');
INSERT INTO code_postaux (code_postal, LOCALITE)
VALUES ('2531', 'VREMDE');
INSERT INTO code_postaux (code_postal, LOCALITE)
VALUES ('2540', 'HOVE');
INSERT INTO code_postaux (code_postal, LOCALITE)
VALUES ('2547', 'LINT');
INSERT INTO code_postaux (code_postal, LOCALITE)
VALUES ('2550', 'KONTICH');
INSERT INTO code_postaux (code_postal, LOCALITE)
VALUES ('2550B', 'WAARLOOS');
INSERT INTO code_postaux (code_postal, LOCALITE)
VALUES ('2560', 'NIJLEN');
INSERT INTO code_postaux (code_postal, LOCALITE)
VALUES ('2560B', 'BEVEL');
INSERT INTO code_postaux (code_postal, LOCALITE)
VALUES ('2560C', 'KESSEL');
INSERT INTO code_postaux (code_postal, LOCALITE)
VALUES ('2570', 'DUFFEL');
INSERT INTO code_postaux (code_postal, LOCALITE)
VALUES ('2580', 'PUTTE');
INSERT INTO code_postaux (code_postal, LOCALITE)
VALUES ('2580B', 'BEERZEL');
INSERT INTO code_postaux (code_postal, LOCALITE)
VALUES ('2590', 'BERLAAR');
INSERT INTO code_postaux (code_postal, LOCALITE)
VALUES ('2590B', 'GESTEL');
INSERT INTO code_postaux (code_postal, LOCALITE)
VALUES ('2600', 'BERCHEM (ANTWERPEN)');
INSERT INTO code_postaux (code_postal, LOCALITE)
VALUES ('2610', 'WILRIJK (ANTWERPEN)');
INSERT INTO code_postaux (code_postal, LOCALITE)
VALUES ('2620', 'WILRIJK (ANTWERPEN)');
INSERT INTO code_postaux (code_postal, LOCALITE)
VALUES ('2620B', 'HEMIKSEM');
INSERT INTO code_postaux (code_postal, LOCALITE)
VALUES ('2627', 'SCHELLE');
INSERT INTO code_postaux (code_postal, LOCALITE)
VALUES ('2630', 'AARTSELAAR');
INSERT INTO code_postaux (code_postal, LOCALITE)
VALUES ('2640', 'MORTSEL');
INSERT INTO code_postaux (code_postal, LOCALITE)
VALUES ('2650', 'EDEGEM');
INSERT INTO code_postaux (code_postal, LOCALITE)
VALUES ('2660', 'HOBOKEN (ANTWERPEN)');
INSERT INTO code_postaux (code_postal, LOCALITE)
VALUES ('2800', 'MALINES');
INSERT INTO code_postaux (code_postal, LOCALITE)
VALUES ('2800B', 'MECHELEN');
INSERT INTO code_postaux (code_postal, LOCALITE)
VALUES ('2800C', 'WALEM');
INSERT INTO code_postaux (code_postal, LOCALITE)
VALUES ('2801', 'HEFFEN');
INSERT INTO code_postaux (code_postal, LOCALITE)
VALUES ('2811', 'HOMBEEK');
INSERT INTO code_postaux (code_postal, LOCALITE)
VALUES ('2811B', 'LEEST');
INSERT INTO code_postaux (code_postal, LOCALITE)
VALUES ('2812', 'MUIZEN (MECHELEN)');
INSERT INTO code_postaux (code_postal, LOCALITE)
VALUES ('2820', 'BONHEIDEN');
INSERT INTO code_postaux (code_postal, LOCALITE)
VALUES ('2820B', 'RIJMENAM');
INSERT INTO code_postaux (code_postal, LOCALITE)
VALUES ('2830', 'WILLEBROEK');
INSERT INTO code_postaux (code_postal, LOCALITE)
VALUES ('2830B', 'BLAASVELD');
INSERT INTO code_postaux (code_postal, LOCALITE)
VALUES ('2830C', 'HEINDONK');
INSERT INTO code_postaux (code_postal, LOCALITE)
VALUES ('2830D', 'TISSELT');
INSERT INTO code_postaux (code_postal, LOCALITE)
VALUES ('2840', 'RUMST');
INSERT INTO code_postaux (code_postal, LOCALITE)
VALUES ('2840B', 'REET');
INSERT INTO code_postaux (code_postal, LOCALITE)
VALUES ('2840C', 'TERHAGEN');
INSERT INTO code_postaux (code_postal, LOCALITE)
VALUES ('2845', 'NIEL');
INSERT INTO code_postaux (code_postal, LOCALITE)
VALUES ('2850', 'BOOM');
INSERT INTO code_postaux (code_postal, LOCALITE)
VALUES ('2860', 'SINT-KATELIJNE-WAVER');
INSERT INTO code_postaux (code_postal, LOCALITE)
VALUES ('2861', 'ONZE-LIEVE-VROUW-WAVER');
INSERT INTO code_postaux (code_postal, LOCALITE)
VALUES ('2870', 'PUURS');
INSERT INTO code_postaux (code_postal, LOCALITE)
VALUES ('2870B', 'BREENDONK');
INSERT INTO code_postaux (code_postal, LOCALITE)
VALUES ('2870C', 'LIEZELE');
INSERT INTO code_postaux (code_postal, LOCALITE)
VALUES ('2870D', 'RUISBROEK (ANTW.)');
INSERT INTO code_postaux (code_postal, LOCALITE)
VALUES ('2880', 'BORNEM');
INSERT INTO code_postaux (code_postal, LOCALITE)
VALUES ('2880B', 'HINGENE');
INSERT INTO code_postaux (code_postal, LOCALITE)
VALUES ('2880C', 'MARIEKERKE (BORNEM)');
INSERT INTO code_postaux (code_postal, LOCALITE)
VALUES ('2880D', 'WEERT');
INSERT INTO code_postaux (code_postal, LOCALITE)
VALUES ('2890', 'SINT-AMANDS');
INSERT INTO code_postaux (code_postal, LOCALITE)
VALUES ('2890B', 'LIPPELO');
INSERT INTO code_postaux (code_postal, LOCALITE)
VALUES ('2890C', 'OPPUURS');
INSERT INTO code_postaux (code_postal, LOCALITE)
VALUES ('2900', 'SCHOTEN');
INSERT INTO code_postaux (code_postal, LOCALITE)
VALUES ('2910', 'ESSEN');
INSERT INTO code_postaux (code_postal, LOCALITE)
VALUES ('2920', 'KALMTHOUT');
INSERT INTO code_postaux (code_postal, LOCALITE)
VALUES ('2930', 'BRASSCHAAT');
INSERT INTO code_postaux (code_postal, LOCALITE)
VALUES ('2940', 'STABROEK');
INSERT INTO code_postaux (code_postal, LOCALITE)
VALUES ('2940B', 'HOEVENEN');
INSERT INTO code_postaux (code_postal, LOCALITE)
VALUES ('2950', 'KAPELLEN (ANTW.)');
INSERT INTO code_postaux (code_postal, LOCALITE)
VALUES ('2960', 'BRECHT');
INSERT INTO code_postaux (code_postal, LOCALITE)
VALUES ('2960C', 'SINT-LENAARTS');
INSERT INTO code_postaux (code_postal, LOCALITE)
VALUES ('2970', 'SCHILDE');
INSERT INTO code_postaux (code_postal, LOCALITE)
VALUES ('2980', 'ZOERSEL');
INSERT INTO code_postaux (code_postal, LOCALITE)
VALUES ('2980B', 'HALLE (KEMPEN)');
COMMIT;
INSERT INTO code_postaux (code_postal, LOCALITE)
VALUES ('2990', 'BRECHT');
INSERT INTO code_postaux (code_postal, LOCALITE)
VALUES ('2990B', 'WUUSTWEZEL');
INSERT INTO code_postaux (code_postal, LOCALITE)
VALUES ('2990C', 'LOENHOUT');
INSERT INTO code_postaux (code_postal, LOCALITE)
VALUES ('3000', 'LOUVAIN');
INSERT INTO code_postaux (code_postal, LOCALITE)
VALUES ('3000B', 'LEUVEN');
INSERT INTO code_postaux (code_postal, LOCALITE)
VALUES ('3001', 'HEVERLEE');
INSERT INTO code_postaux (code_postal, LOCALITE)
VALUES ('3010', 'KESSEL-LO (LEUVEN)');
INSERT INTO code_postaux (code_postal, LOCALITE)
VALUES ('3012', 'WILSELE');
INSERT INTO code_postaux (code_postal, LOCALITE)
VALUES ('3018', 'WIJGMAAL (BRABANT)');
INSERT INTO code_postaux (code_postal, LOCALITE)
VALUES ('3020', 'HERENT');
INSERT INTO code_postaux (code_postal, LOCALITE)
VALUES ('3020B', 'VELTEM-BEISEM');
INSERT INTO code_postaux (code_postal, LOCALITE)
VALUES ('3020C', 'WINKSELE');
INSERT INTO code_postaux (code_postal, LOCALITE)
VALUES ('3040', 'HULDENBERG');
INSERT INTO code_postaux (code_postal, LOCALITE)
VALUES ('3040B', 'LOONBEEK');
INSERT INTO code_postaux (code_postal, LOCALITE)
VALUES ('3040C', 'NEERIJSE');
INSERT INTO code_postaux (code_postal, LOCALITE)
VALUES ('3040D', 'OTTENBURG');
INSERT INTO code_postaux (code_postal, LOCALITE)
VALUES ('3040E', 'SINT-AGATHA-RODE');
INSERT INTO code_postaux (code_postal, LOCALITE)
VALUES ('3050', 'OUD-HEVERLEE');
INSERT INTO code_postaux (code_postal, LOCALITE)
VALUES ('3051', 'SINT-JORIS-WEERT');
INSERT INTO code_postaux (code_postal, LOCALITE)
VALUES ('3052', 'BLANDEN');
INSERT INTO code_postaux (code_postal, LOCALITE)
VALUES ('3053', 'HAASRODE');
INSERT INTO code_postaux (code_postal, LOCALITE)
VALUES ('3054', 'VAALBEEK');
INSERT INTO code_postaux (code_postal, LOCALITE)
VALUES ('3060', 'BERTEM');
INSERT INTO code_postaux (code_postal, LOCALITE)
VALUES ('3060B', 'KORBEEK-DIJLE');
INSERT INTO code_postaux (code_postal, LOCALITE)
VALUES ('3061', 'LEEFDAAL');
INSERT INTO code_postaux (code_postal, LOCALITE)
VALUES ('3070', 'KORTENBERG');
INSERT INTO code_postaux (code_postal, LOCALITE)
VALUES ('3071', 'ERPS-KWERPS');
INSERT INTO code_postaux (code_postal, LOCALITE)
VALUES ('3078', 'EVERBERG');
INSERT INTO code_postaux (code_postal, LOCALITE)
VALUES ('3078B', 'MEERBEEK');
INSERT INTO code_postaux (code_postal, LOCALITE)
VALUES ('3080', 'TERVUREN');
INSERT INTO code_postaux (code_postal, LOCALITE)
VALUES ('3080B', 'DUISBURG');
INSERT INTO code_postaux (code_postal, LOCALITE)
VALUES ('3080C', 'VOSSEM');
INSERT INTO code_postaux (code_postal, LOCALITE)
VALUES ('3090', 'OVERIJSE');
INSERT INTO code_postaux (code_postal, LOCALITE)
VALUES ('3110', 'ROTSELAAR');
INSERT INTO code_postaux (code_postal, LOCALITE)
VALUES ('3111', 'WEZEMAAL');
INSERT INTO code_postaux (code_postal, LOCALITE)
VALUES ('3118', 'WERCHTER');
INSERT INTO code_postaux (code_postal, LOCALITE)
VALUES ('3120', 'TREMELO');
INSERT INTO code_postaux (code_postal, LOCALITE)
VALUES ('3128', 'BAAL');
INSERT INTO code_postaux (code_postal, LOCALITE)
VALUES ('3130', 'BEGIJNENDIJK');
INSERT INTO code_postaux (code_postal, LOCALITE)
VALUES ('3130B', 'BETEKOM');
INSERT INTO code_postaux (code_postal, LOCALITE)
VALUES ('3140', 'KEERBERGEN');
INSERT INTO code_postaux (code_postal, LOCALITE)
VALUES ('3150', 'HAACHT');
INSERT INTO code_postaux (code_postal, LOCALITE)
VALUES ('3150B', 'TILDONK');
INSERT INTO code_postaux (code_postal, LOCALITE)
VALUES ('3150C', 'WESPELAAR');
INSERT INTO code_postaux (code_postal, LOCALITE)
VALUES ('3190', 'BOORTMEERBEEK');
INSERT INTO code_postaux (code_postal, LOCALITE)
VALUES ('3191', 'HEVER');
INSERT INTO code_postaux (code_postal, LOCALITE)
VALUES ('3200', 'AARSCHOT');
INSERT INTO code_postaux (code_postal, LOCALITE)
VALUES ('3200B', 'GELRODE');
INSERT INTO code_postaux (code_postal, LOCALITE)
VALUES ('3201', 'LANGDORP');
INSERT INTO code_postaux (code_postal, LOCALITE)
VALUES ('3202', 'RILLAAR');
INSERT INTO code_postaux (code_postal, LOCALITE)
VALUES ('3210', 'LUBBEEK');
INSERT INTO code_postaux (code_postal, LOCALITE)
VALUES ('3210B', 'LINDEN');
INSERT INTO code_postaux (code_postal, LOCALITE)
VALUES ('3211', 'BINKOM');
INSERT INTO code_postaux (code_postal, LOCALITE)
VALUES ('3212', 'PELLENBERG');
INSERT INTO code_postaux (code_postal, LOCALITE)
VALUES ('3220', 'HOLSBEEK');
INSERT INTO code_postaux (code_postal, LOCALITE)
VALUES ('3220B', 'KORTRIJK-DUTSEL');
INSERT INTO code_postaux (code_postal, LOCALITE)
VALUES ('3220C', 'SINT-PIETERS-RODE');
INSERT INTO code_postaux (code_postal, LOCALITE)
VALUES ('3221', 'NIEUWRODE');
INSERT INTO code_postaux (code_postal, LOCALITE)
VALUES ('3270', 'MONTAIGU');
INSERT INTO code_postaux (code_postal, LOCALITE)
VALUES ('3270B', 'SCHERPENHEUVEL-ZICHEM');
INSERT INTO code_postaux (code_postal, LOCALITE)
VALUES ('3270C', 'SCHERPENHEUVEL');
INSERT INTO code_postaux (code_postal, LOCALITE)
VALUES ('3271', 'AVERBODE');
INSERT INTO code_postaux (code_postal, LOCALITE)
VALUES ('3271B', 'ZICHEM');
INSERT INTO code_postaux (code_postal, LOCALITE)
VALUES ('3272', 'MESSELBROEK');
INSERT INTO code_postaux (code_postal, LOCALITE)
VALUES ('3272B', 'TESTELT');
INSERT INTO code_postaux (code_postal, LOCALITE)
VALUES ('3290', 'DIEST');
INSERT INTO code_postaux (code_postal, LOCALITE)
VALUES ('3290B', 'DEURNE (BT.)');
INSERT INTO code_postaux (code_postal, LOCALITE)
VALUES ('3290C', 'SCHAFFEN');
INSERT INTO code_postaux (code_postal, LOCALITE)
VALUES ('3290D', 'WEBBEKOM');
INSERT INTO code_postaux (code_postal, LOCALITE)
VALUES ('3293', 'KAGGEVINNE');
INSERT INTO code_postaux (code_postal, LOCALITE)
VALUES ('3294', 'MOLENSTEDE');
INSERT INTO code_postaux (code_postal, LOCALITE)
VALUES ('3300', 'TIRLEMONT');
INSERT INTO code_postaux (code_postal, LOCALITE)
VALUES ('3300B', 'GOSSONCOURT');
INSERT INTO code_postaux (code_postal, LOCALITE)
VALUES ('3300C', 'TIENEN');
INSERT INTO code_postaux (code_postal, LOCALITE)
VALUES ('3300D', 'BOST');
INSERT INTO code_postaux (code_postal, LOCALITE)
VALUES ('3300E', 'GOETSENHOVEN');
INSERT INTO code_postaux (code_postal, LOCALITE)
VALUES ('3300F', 'HAKENDOVER');
INSERT INTO code_postaux (code_postal, LOCALITE)
VALUES ('3300G', 'KUMTICH');
INSERT INTO code_postaux (code_postal, LOCALITE)
VALUES ('3300H', 'OORBEEK');
INSERT INTO code_postaux (code_postal, LOCALITE)
VALUES ('3300I', 'OPLINTER');
INSERT INTO code_postaux (code_postal, LOCALITE)
VALUES ('3300J', 'SINT-MARGRIETE-HOUTEM (TIENEN)');
INSERT INTO code_postaux (code_postal, LOCALITE)
VALUES ('3300K', 'VISSENAKEN');
INSERT INTO code_postaux (code_postal, LOCALITE)
VALUES ('3320', 'HOEGAARDEN');
INSERT INTO code_postaux (code_postal, LOCALITE)
VALUES ('3320B', 'MELDERT (BT.)');
INSERT INTO code_postaux (code_postal, LOCALITE)
VALUES ('3321', 'OUTGAARDEN');
INSERT INTO code_postaux (code_postal, LOCALITE)
VALUES ('3350', 'LINTER');
INSERT INTO code_postaux (code_postal, LOCALITE)
VALUES ('3350B', 'DRIESLINTER');
INSERT INTO code_postaux (code_postal, LOCALITE)
VALUES ('3350C', 'MELKWEZER');
INSERT INTO code_postaux (code_postal, LOCALITE)
VALUES ('3350D', 'NEERHESPEN');
INSERT INTO code_postaux (code_postal, LOCALITE)
VALUES ('3350E', 'NEERLINTER');
INSERT INTO code_postaux (code_postal, LOCALITE)
VALUES ('3350F', 'ORSMAAL-GUSSENHOVEN');
INSERT INTO code_postaux (code_postal, LOCALITE)
VALUES ('3350G', 'OVERHESPEN');
INSERT INTO code_postaux (code_postal, LOCALITE)
VALUES ('3350H', 'WOMMERSOM');
INSERT INTO code_postaux (code_postal, LOCALITE)
VALUES ('3360', 'BIERBEEK');
INSERT INTO code_postaux (code_postal, LOCALITE)
VALUES ('3360B', 'KORBEEK-LO');
INSERT INTO code_postaux (code_postal, LOCALITE)
VALUES ('3360C', 'LOVENJOEL');
INSERT INTO code_postaux (code_postal, LOCALITE)
VALUES ('3360D', 'OPVELP');
INSERT INTO code_postaux (code_postal, LOCALITE)
VALUES ('3370', 'BOUTERSEM');
INSERT INTO code_postaux (code_postal, LOCALITE)
VALUES ('3370B', 'KERKOM');
INSERT INTO code_postaux (code_postal, LOCALITE)
VALUES ('3370C', 'NEERVELP');
COMMIT;
INSERT INTO code_postaux (code_postal, LOCALITE)
VALUES ('3370D', 'ROOSBEEK');
INSERT INTO code_postaux (code_postal, LOCALITE)
VALUES ('3370E', 'VERTRIJK');
INSERT INTO code_postaux (code_postal, LOCALITE)
VALUES ('3370F', 'WILLEBRINGEN');
INSERT INTO code_postaux (code_postal, LOCALITE)
VALUES ('3380', 'GLABBEEK-ZUURBEMDE');
INSERT INTO code_postaux (code_postal, LOCALITE)
VALUES ('3380B', 'BUNSBEEK');
INSERT INTO code_postaux (code_postal, LOCALITE)
VALUES ('3381', 'KAPELLEN (BT.)');
INSERT INTO code_postaux (code_postal, LOCALITE)
VALUES ('3384', 'ATTENRODE');
INSERT INTO code_postaux (code_postal, LOCALITE)
VALUES ('3390', 'TIELT-WINGE');
INSERT INTO code_postaux (code_postal, LOCALITE)
VALUES ('3390B', 'HOUWAART');
INSERT INTO code_postaux (code_postal, LOCALITE)
VALUES ('3390C', 'SINT-JORIS-WINGE');
INSERT INTO code_postaux (code_postal, LOCALITE)
VALUES ('3390D', 'TIELT (BT.)');
INSERT INTO code_postaux (code_postal, LOCALITE)
VALUES ('3391', 'MEENSEL-KIEZEGEM');
INSERT INTO code_postaux (code_postal, LOCALITE)
VALUES ('3400', 'LANDEN');
INSERT INTO code_postaux (code_postal, LOCALITE)
VALUES ('3400B', 'ELIKSEM');
INSERT INTO code_postaux (code_postal, LOCALITE)
VALUES ('3400C', 'EZEMAAL');
INSERT INTO code_postaux (code_postal, LOCALITE)
VALUES ('3400D', 'LAAR');
INSERT INTO code_postaux (code_postal, LOCALITE)
VALUES ('3400E', 'NEERWINDEN');
INSERT INTO code_postaux (code_postal, LOCALITE)
VALUES ('3400F', 'OVERWINDEN');
INSERT INTO code_postaux (code_postal, LOCALITE)
VALUES ('3400G', 'RUMSDORP');
INSERT INTO code_postaux (code_postal, LOCALITE)
VALUES ('3400H', 'WANGE');
INSERT INTO code_postaux (code_postal, LOCALITE)
VALUES ('3401B', 'WAMONT');
INSERT INTO code_postaux (code_postal, LOCALITE)
VALUES ('3401C', 'WAASMONT');
INSERT INTO code_postaux (code_postal, LOCALITE)
VALUES ('3401D', 'WALSBETS');
INSERT INTO code_postaux (code_postal, LOCALITE)
VALUES ('3401E', 'WALSHOUTEM');
INSERT INTO code_postaux (code_postal, LOCALITE)
VALUES ('3401F', 'WEZEREN');
INSERT INTO code_postaux (code_postal, LOCALITE)
VALUES ('3404', 'ATTENHOVEN');
INSERT INTO code_postaux (code_postal, LOCALITE)
VALUES ('3404B', 'NEERLANDEN');
INSERT INTO code_postaux (code_postal, LOCALITE)
VALUES ('3440', 'LEAU');
INSERT INTO code_postaux (code_postal, LOCALITE)
VALUES ('3440B', 'ZOUTLEEUW');
INSERT INTO code_postaux (code_postal, LOCALITE)
VALUES ('3440C', 'BUDINGEN');
INSERT INTO code_postaux (code_postal, LOCALITE)
VALUES ('3440D', 'DORMAAL');
INSERT INTO code_postaux (code_postal, LOCALITE)
VALUES ('3440E', 'HALLE-BOOIENHOVEN');
INSERT INTO code_postaux (code_postal, LOCALITE)
VALUES ('3440F', 'HELEN-BOS');
INSERT INTO code_postaux (code_postal, LOCALITE)
VALUES ('3450', 'GEETBETS');
INSERT INTO code_postaux (code_postal, LOCALITE)
VALUES ('4280E', 'BERTREE');
INSERT INTO code_postaux (code_postal, LOCALITE)
VALUES ('4280F', 'BLEHEN');
INSERT INTO code_postaux (code_postal, LOCALITE)
VALUES ('4280G', 'CRAS-AVERNAS');
INSERT INTO code_postaux (code_postal, LOCALITE)
VALUES ('4280H', 'CREHEN');
INSERT INTO code_postaux (code_postal, LOCALITE)
VALUES ('4280I', 'GRAND-HALLET');
INSERT INTO code_postaux (code_postal, LOCALITE)
VALUES ('4280J', 'LENS-SAINT-REMY');
INSERT INTO code_postaux (code_postal, LOCALITE)
VALUES ('4280K', 'MERDORP');
INSERT INTO code_postaux (code_postal, LOCALITE)
VALUES ('4280L', 'MOXHE');
INSERT INTO code_postaux (code_postal, LOCALITE)
VALUES ('4280M', 'PETIT-HALLET');
INSERT INTO code_postaux (code_postal, LOCALITE)
VALUES ('4280N', 'POUCET');
INSERT INTO code_postaux (code_postal, LOCALITE)
VALUES ('4280O', 'THISNES');
INSERT INTO code_postaux (code_postal, LOCALITE)
VALUES ('4280P', 'TROGNEE');
INSERT INTO code_postaux (code_postal, LOCALITE)
VALUES ('4280Q', 'VILLERS-LE-PEUPLIER');
INSERT INTO code_postaux (code_postal, LOCALITE)
VALUES ('4280R', 'WANSIN');
INSERT INTO code_postaux (code_postal, LOCALITE)
VALUES ('4287', 'LINCENT');
INSERT INTO code_postaux (code_postal, LOCALITE)
VALUES ('4287B', 'PELLAINES');
INSERT INTO code_postaux (code_postal, LOCALITE)
VALUES ('4287C', 'RACOUR');
INSERT INTO code_postaux (code_postal, LOCALITE)
VALUES ('4300', 'WAREMME');
INSERT INTO code_postaux (code_postal, LOCALITE)
VALUES ('4300B', 'BETTINCOURT');
INSERT INTO code_postaux (code_postal, LOCALITE)
VALUES ('4300C', 'BLERET');
INSERT INTO code_postaux (code_postal, LOCALITE)
VALUES ('4300D', 'BOVENISTIER');
INSERT INTO code_postaux (code_postal, LOCALITE)
VALUES ('4300E', 'GRAND-AXHE');
INSERT INTO code_postaux (code_postal, LOCALITE)
VALUES ('4300F', 'LANTREMANGE');
INSERT INTO code_postaux (code_postal, LOCALITE)
VALUES ('4300G', 'OLEYE');
INSERT INTO code_postaux (code_postal, LOCALITE)
VALUES ('4317', 'FAIMES');
INSERT INTO code_postaux (code_postal, LOCALITE)
VALUES ('4317B', 'AINEFFE');
INSERT INTO code_postaux (code_postal, LOCALITE)
VALUES ('4317C', 'BORLEZ');
INSERT INTO code_postaux (code_postal, LOCALITE)
VALUES ('4317D', 'CELLES (LG.)');
INSERT INTO code_postaux (code_postal, LOCALITE)
VALUES ('4317E', 'LES WALEFFES');
INSERT INTO code_postaux (code_postal, LOCALITE)
VALUES ('4317F', 'VIEMME');
INSERT INTO code_postaux (code_postal, LOCALITE)
VALUES ('4340', 'AWANS');
INSERT INTO code_postaux (code_postal, LOCALITE)
VALUES ('4340B', 'FOOZ - AWANS');
INSERT INTO code_postaux (code_postal, LOCALITE)
VALUES ('4340C', 'OTHEE');
INSERT INTO code_postaux (code_postal, LOCALITE)
VALUES ('4342', 'HOGNOUL');
INSERT INTO code_postaux (code_postal, LOCALITE)
VALUES ('4347', 'FEXHE-LE-HAUT-CLOCHER');
INSERT INTO code_postaux (code_postal, LOCALITE)
VALUES ('4347B', 'FRELOUX');
INSERT INTO code_postaux (code_postal, LOCALITE)
VALUES ('4347C', 'NOVILLE (LG.)');
INSERT INTO code_postaux (code_postal, LOCALITE)
VALUES ('4347D', 'ROLOUX');
INSERT INTO code_postaux (code_postal, LOCALITE)
VALUES ('4347E', 'VOROUX-GOREUX');
INSERT INTO code_postaux (code_postal, LOCALITE)
VALUES ('4350', 'REMICOURT');
INSERT INTO code_postaux (code_postal, LOCALITE)
VALUES ('4350B', 'LAMINE');
INSERT INTO code_postaux (code_postal, LOCALITE)
VALUES ('4350C', 'MOMALLE');
INSERT INTO code_postaux (code_postal, LOCALITE)
VALUES ('4350D', 'POUSSET');
INSERT INTO code_postaux (code_postal, LOCALITE)
VALUES ('4351', 'HODEIGE');
INSERT INTO code_postaux (code_postal, LOCALITE)
VALUES ('4357', 'DONCEEL');
INSERT INTO code_postaux (code_postal, LOCALITE)
VALUES ('4357B', 'HANEFFE');
INSERT INTO code_postaux (code_postal, LOCALITE)
VALUES ('4357C', 'JENEFFE (LG.)');
INSERT INTO code_postaux (code_postal, LOCALITE)
VALUES ('4357D', 'LIMONT');
INSERT INTO code_postaux (code_postal, LOCALITE)
VALUES ('4360', 'OREYE');
INSERT INTO code_postaux (code_postal, LOCALITE)
VALUES ('4360B', 'BERGILERS');
INSERT INTO code_postaux (code_postal, LOCALITE)
VALUES ('4360C', 'GRANDVILLE');
INSERT INTO code_postaux (code_postal, LOCALITE)
VALUES ('4360D', 'LENS-SUR-GEER');
INSERT INTO code_postaux (code_postal, LOCALITE)
VALUES ('4360E', 'OTRANGE');
INSERT INTO code_postaux (code_postal, LOCALITE)
VALUES ('4367', 'CRISNEE');
INSERT INTO code_postaux (code_postal, LOCALITE)
VALUES ('4367B', 'FIZE-LE-MARSAL');
INSERT INTO code_postaux (code_postal, LOCALITE)
VALUES ('4367C', 'KEMEXHE');
INSERT INTO code_postaux (code_postal, LOCALITE)
VALUES ('4367D', 'ODEUR');
INSERT INTO code_postaux (code_postal, LOCALITE)
VALUES ('4367E', 'THYS');
INSERT INTO code_postaux (code_postal, LOCALITE)
VALUES ('4400', 'FLEMALLE');
INSERT INTO code_postaux (code_postal, LOCALITE)
VALUES ('4400B', 'AWIRS');
INSERT INTO code_postaux (code_postal, LOCALITE)
VALUES ('4400C', 'CHOKIER');
INSERT INTO code_postaux (code_postal, LOCALITE)
VALUES ('4400D', 'FLEMALLE-GRANDE');
INSERT INTO code_postaux (code_postal, LOCALITE)
VALUES ('4400E', 'FLEMALLE HAUTE');
INSERT INTO code_postaux (code_postal, LOCALITE)
VALUES ('4400F', 'GLEIXHE');
INSERT INTO code_postaux (code_postal, LOCALITE)
VALUES ('4400G', 'IVOZ-RAMET');
INSERT INTO code_postaux (code_postal, LOCALITE)
VALUES ('4400H', 'MONS-LEZ-LIEGE');
COMMIT;
INSERT INTO code_postaux (code_postal, LOCALITE)
VALUES ('4420', 'SAINT-NICOLAS (LG.)');
INSERT INTO code_postaux (code_postal, LOCALITE)
VALUES ('4420B', 'MONTEGNEE');
INSERT INTO code_postaux (code_postal, LOCALITE)
VALUES ('4420C', 'TILLEUR');
INSERT INTO code_postaux (code_postal, LOCALITE)
VALUES ('4430', 'ANS');
INSERT INTO code_postaux (code_postal, LOCALITE)
VALUES ('4431', 'LONCIN');
INSERT INTO code_postaux (code_postal, LOCALITE)
VALUES ('4432', 'ALLEUR');
INSERT INTO code_postaux (code_postal, LOCALITE)
VALUES ('4432B', 'XHENDREMAEL');
INSERT INTO code_postaux (code_postal, LOCALITE)
VALUES ('4450', 'JUPRELLE');
INSERT INTO code_postaux (code_postal, LOCALITE)
VALUES ('4450B', 'LANTIN');
INSERT INTO code_postaux (code_postal, LOCALITE)
VALUES ('4450C', 'SLINS');
INSERT INTO code_postaux (code_postal, LOCALITE)
VALUES ('4451', 'VOROUX-LEZ-LIERS');
INSERT INTO code_postaux (code_postal, LOCALITE)
VALUES ('4452', 'PAIFVE');
INSERT INTO code_postaux (code_postal, LOCALITE)
VALUES ('4452B', 'WIHOGNE');
INSERT INTO code_postaux (code_postal, LOCALITE)
VALUES ('4453', 'VILLERS-SAINT-SIMEON');
INSERT INTO code_postaux (code_postal, LOCALITE)
VALUES ('4458', 'FEXHE-SLINS');
INSERT INTO code_postaux (code_postal, LOCALITE)
VALUES ('4460', 'GRACE-HOLLOGNE');
INSERT INTO code_postaux (code_postal, LOCALITE)
VALUES ('4460B', 'BIERSET');
INSERT INTO code_postaux (code_postal, LOCALITE)
VALUES ('4460C', 'GRACE-BERLEUR');
INSERT INTO code_postaux (code_postal, LOCALITE)
VALUES ('4460D', 'HOLLOGNE-AUX-PIERRES');
INSERT INTO code_postaux (code_postal, LOCALITE)
VALUES ('4460E', 'HORION-HOZEMONT');
INSERT INTO code_postaux (code_postal, LOCALITE)
VALUES ('4460F', 'VELROUX');
INSERT INTO code_postaux (code_postal, LOCALITE)
VALUES ('4470', 'SAINT-GEORGES-SUR-MEUSE');
INSERT INTO code_postaux (code_postal, LOCALITE)
VALUES ('4480', 'ENGIS');
INSERT INTO code_postaux (code_postal, LOCALITE)
VALUES ('4480B', 'CLERMONT-SOUS-HUY');
INSERT INTO code_postaux (code_postal, LOCALITE)
VALUES ('4480C', 'HERMALLE-SOUS-HUY');
INSERT INTO code_postaux (code_postal, LOCALITE)
VALUES ('4500', 'HUY');
INSERT INTO code_postaux (code_postal, LOCALITE)
VALUES ('4500B', 'BEN-AHIN');
INSERT INTO code_postaux (code_postal, LOCALITE)
VALUES ('4500C', 'TIHANGE');
INSERT INTO code_postaux (code_postal, LOCALITE)
VALUES ('4520', 'WANZE');
INSERT INTO code_postaux (code_postal, LOCALITE)
VALUES ('4520B', 'ANTHEIT');
INSERT INTO code_postaux (code_postal, LOCALITE)
VALUES ('4520C', 'BAS-OHA');
INSERT INTO code_postaux (code_postal, LOCALITE)
VALUES ('4520D', 'HUCCORGNE');
INSERT INTO code_postaux (code_postal, LOCALITE)
VALUES ('4520E', 'MOHA');
INSERT INTO code_postaux (code_postal, LOCALITE)
VALUES ('4520F', 'VINALMONT');
INSERT INTO code_postaux (code_postal, LOCALITE)
VALUES ('4530', 'VILLERS-LE-BOUILLET');
INSERT INTO code_postaux (code_postal, LOCALITE)
VALUES ('4530B', 'FIZE-FONTAINE');
INSERT INTO code_postaux (code_postal, LOCALITE)
VALUES ('4530C', 'VAUX-ET-BORSET');
INSERT INTO code_postaux (code_postal, LOCALITE)
VALUES ('4530D', 'VIEUX-WALEFFE');
INSERT INTO code_postaux (code_postal, LOCALITE)
VALUES ('4530E', 'WARNANT-DREYE');
INSERT INTO code_postaux (code_postal, LOCALITE)
VALUES ('4537', 'VERLAINE');
INSERT INTO code_postaux (code_postal, LOCALITE)
VALUES ('4537B', 'CHAPON-SERAING');
INSERT INTO code_postaux (code_postal, LOCALITE)
VALUES ('4537C', 'SERAING-LE-CHATEAU');
INSERT INTO code_postaux (code_postal, LOCALITE)
VALUES ('4540', 'AMAY');
INSERT INTO code_postaux (code_postal, LOCALITE)
VALUES ('4540B', 'AMPSIN');
INSERT INTO code_postaux (code_postal, LOCALITE)
VALUES ('4540C', 'FLONE');
INSERT INTO code_postaux (code_postal, LOCALITE)
VALUES ('4540D', 'JEHAY');
INSERT INTO code_postaux (code_postal, LOCALITE)
VALUES ('4540E', 'OMBRET');
INSERT INTO code_postaux (code_postal, LOCALITE)
VALUES ('4550', 'NANDRIN');
INSERT INTO code_postaux (code_postal, LOCALITE)
VALUES ('4550B', 'SAINT-SEVERIN');
INSERT INTO code_postaux (code_postal, LOCALITE)
VALUES ('4550C', 'VILLERS-LE-TEMPLE');
INSERT INTO code_postaux (code_postal, LOCALITE)
VALUES ('4550D', 'YERNEE-FRAINEUX');
INSERT INTO code_postaux (code_postal, LOCALITE)
VALUES ('4557', 'TINLOT');
INSERT INTO code_postaux (code_postal, LOCALITE)
VALUES ('4557B', 'ABEE');
INSERT INTO code_postaux (code_postal, LOCALITE)
VALUES ('4557C', 'FRAITURE');
INSERT INTO code_postaux (code_postal, LOCALITE)
VALUES ('4557D', 'RAMELOT');
INSERT INTO code_postaux (code_postal, LOCALITE)
VALUES ('4557E', 'SENY');
INSERT INTO code_postaux (code_postal, LOCALITE)
VALUES ('4557F', 'SOHEIT-TINLOT');
INSERT INTO code_postaux (code_postal, LOCALITE)
VALUES ('4560', 'CLAVIER');
INSERT INTO code_postaux (code_postal, LOCALITE)
VALUES ('4560B', 'BOIS-ET-BORSU');
INSERT INTO code_postaux (code_postal, LOCALITE)
VALUES ('4560C', 'LES AVINS');
INSERT INTO code_postaux (code_postal, LOCALITE)
VALUES ('4560D', 'OCQUIER');
INSERT INTO code_postaux (code_postal, LOCALITE)
VALUES ('4560E', 'PAILHE');
INSERT INTO code_postaux (code_postal, LOCALITE)
VALUES ('4560F', 'TERWAGNE');
INSERT INTO code_postaux (code_postal, LOCALITE)
VALUES ('4560G', 'MODAVE');
INSERT INTO code_postaux (code_postal, LOCALITE)
VALUES ('4570', 'MARCHIN');
INSERT INTO code_postaux (code_postal, LOCALITE)
VALUES ('4570B', 'VYLE-ET-THAROUL');
INSERT INTO code_postaux (code_postal, LOCALITE)
VALUES ('4577', 'MODAVE');
INSERT INTO code_postaux (code_postal, LOCALITE)
VALUES ('4577B', 'OUTRELOUXHE');
INSERT INTO code_postaux (code_postal, LOCALITE)
VALUES ('4577C', 'STREE-LEZ-HUY');
INSERT INTO code_postaux (code_postal, LOCALITE)
VALUES ('4577D', 'VIERSET-BARSE');
INSERT INTO code_postaux (code_postal, LOCALITE)
VALUES ('4590', 'OUFFET');
INSERT INTO code_postaux (code_postal, LOCALITE)
VALUES ('4590B', 'ELLEMELLE');
INSERT INTO code_postaux (code_postal, LOCALITE)
VALUES ('4590C', 'WARZEE');
INSERT INTO code_postaux (code_postal, LOCALITE)
VALUES ('4600', 'VISE');
INSERT INTO code_postaux (code_postal, LOCALITE)
VALUES ('4600B', 'LANAYE');
INSERT INTO code_postaux (code_postal, LOCALITE)
VALUES ('4600C', 'LIXHE');
INSERT INTO code_postaux (code_postal, LOCALITE)
VALUES ('4600D', 'RICHELLE');
INSERT INTO code_postaux (code_postal, LOCALITE)
VALUES ('4601', 'ARGENTEAU');
INSERT INTO code_postaux (code_postal, LOCALITE)
VALUES ('4602', 'CHERATTE');
INSERT INTO code_postaux (code_postal, LOCALITE)
VALUES ('4606', 'SAINT-ANDRE');
INSERT INTO code_postaux (code_postal, LOCALITE)
VALUES ('4607', 'DALHEM');
INSERT INTO code_postaux (code_postal, LOCALITE)
VALUES ('4607B', 'BERNEAU');
INSERT INTO code_postaux (code_postal, LOCALITE)
VALUES ('4607C', 'BOMBAYE');
INSERT INTO code_postaux (code_postal, LOCALITE)
VALUES ('4607D', 'FENEUR');
INSERT INTO code_postaux (code_postal, LOCALITE)
VALUES ('4607E', 'MORTROUX');
INSERT INTO code_postaux (code_postal, LOCALITE)
VALUES ('4608', 'NEUFCHATEAU (LG.)');
INSERT INTO code_postaux (code_postal, LOCALITE)
VALUES ('4608B', 'WARSAGE');
INSERT INTO code_postaux (code_postal, LOCALITE)
VALUES ('4610', 'BEYNE-HEUSAY');
INSERT INTO code_postaux (code_postal, LOCALITE)
VALUES ('4610B', 'BELLAIRE');
INSERT INTO code_postaux (code_postal, LOCALITE)
VALUES ('4610C', 'QUEUE-DU-BOIS');
INSERT INTO code_postaux (code_postal, LOCALITE)
VALUES ('4620', 'FLERON');
INSERT INTO code_postaux (code_postal, LOCALITE)
VALUES ('4621', 'RETINNE');
INSERT INTO code_postaux (code_postal, LOCALITE)
VALUES ('4623', 'MAGNEE');
INSERT INTO code_postaux (code_postal, LOCALITE)
VALUES ('4624', 'ROMSEE');
INSERT INTO code_postaux (code_postal, LOCALITE)
VALUES ('4630', 'SOUMAGNE');
INSERT INTO code_postaux (code_postal, LOCALITE)
VALUES ('4630B', 'AYENEUX');
INSERT INTO code_postaux (code_postal, LOCALITE)
VALUES ('4630C', 'MICHEROUX');
INSERT INTO code_postaux (code_postal, LOCALITE)
VALUES ('4630D', 'TIGNEE');
INSERT INTO code_postaux (code_postal, LOCALITE)
VALUES ('4631', 'EVEGNEE');
INSERT INTO code_postaux (code_postal, LOCALITE)
VALUES ('4632', 'CEREXHE-HEUSEUX');
COMMIT;
INSERT INTO code_postaux (code_postal, LOCALITE)
VALUES ('4633', 'MELEN');
INSERT INTO code_postaux (code_postal, LOCALITE)
VALUES ('4650', 'HERVE');
INSERT INTO code_postaux (code_postal, LOCALITE)
VALUES ('4650B', 'CHAINEUX');
INSERT INTO code_postaux (code_postal, LOCALITE)
VALUES ('4650C', 'GRAND-RECHAIN');
INSERT INTO code_postaux (code_postal, LOCALITE)
VALUES ('4650D', 'JULEMONT');
INSERT INTO code_postaux (code_postal, LOCALITE)
VALUES ('4651', 'BATTICE');
INSERT INTO code_postaux (code_postal, LOCALITE)
VALUES ('4652', 'XHENDELESSE');
INSERT INTO code_postaux (code_postal, LOCALITE)
VALUES ('4653', 'BOLLAND');
INSERT INTO code_postaux (code_postal, LOCALITE)
VALUES ('4654', 'CHARNEUX');
INSERT INTO code_postaux (code_postal, LOCALITE)
VALUES ('4670', 'BLEGNY');
INSERT INTO code_postaux (code_postal, LOCALITE)
VALUES ('4670B', 'MORTIER');
INSERT INTO code_postaux (code_postal, LOCALITE)
VALUES ('4670C', 'TREMBLEUR');
INSERT INTO code_postaux (code_postal, LOCALITE)
VALUES ('4671', 'CHERATTE');
INSERT INTO code_postaux (code_postal, LOCALITE)
VALUES ('4671B', 'BARCHON');
INSERT INTO code_postaux (code_postal, LOCALITE)
VALUES ('4671C', 'HOUSSE');
INSERT INTO code_postaux (code_postal, LOCALITE)
VALUES ('4671D', 'SAIVE');
INSERT INTO code_postaux (code_postal, LOCALITE)
VALUES ('4672', 'SAINT-REMY (LG.)');
INSERT INTO code_postaux (code_postal, LOCALITE)
VALUES ('4680', 'OUPEYE');
INSERT INTO code_postaux (code_postal, LOCALITE)
VALUES ('4680B', 'HERMEE');
INSERT INTO code_postaux (code_postal, LOCALITE)
VALUES ('4681', 'HERMALLE-SOUS-ARGENTEAU');
INSERT INTO code_postaux (code_postal, LOCALITE)
VALUES ('4682', 'HEURE-LE-ROMAIN');
INSERT INTO code_postaux (code_postal, LOCALITE)
VALUES ('4682B', 'HOUTAIN-SAINT-SIMEON');
INSERT INTO code_postaux (code_postal, LOCALITE)
VALUES ('4683', 'VIVEGNIS');
INSERT INTO code_postaux (code_postal, LOCALITE)
VALUES ('4684', 'HACCOURT');
INSERT INTO code_postaux (code_postal, LOCALITE)
VALUES ('4690', 'BASSENGE');
INSERT INTO code_postaux (code_postal, LOCALITE)
VALUES ('4690B', 'BOIRS');
INSERT INTO code_postaux (code_postal, LOCALITE)
VALUES ('4690C', 'EBEN-EMAEL');
INSERT INTO code_postaux (code_postal, LOCALITE)
VALUES ('4690D', 'GLONS');
INSERT INTO code_postaux (code_postal, LOCALITE)
VALUES ('4690E', 'ROCLENGE-SUR-GEER');
INSERT INTO code_postaux (code_postal, LOCALITE)
VALUES ('4690F', 'WONCK');
INSERT INTO code_postaux (code_postal, LOCALITE)
VALUES ('4700', 'EUPEN');
INSERT INTO code_postaux (code_postal, LOCALITE)
VALUES ('4700B', 'WAIMES');
INSERT INTO code_postaux (code_postal, LOCALITE)
VALUES ('4701', 'KETTENIS');
INSERT INTO code_postaux (code_postal, LOCALITE)
VALUES ('4710', 'LONTZEN');
INSERT INTO code_postaux (code_postal, LOCALITE)
VALUES ('4711', 'WALHORN');
INSERT INTO code_postaux (code_postal, LOCALITE)
VALUES ('4720', 'LA CALAMINE');
INSERT INTO code_postaux (code_postal, LOCALITE)
VALUES ('4720B', 'KELMIS');
INSERT INTO code_postaux (code_postal, LOCALITE)
VALUES ('4721', 'NEU-MORESNET');
INSERT INTO code_postaux (code_postal, LOCALITE)
VALUES ('4728', 'HERGENRATH');
INSERT INTO code_postaux (code_postal, LOCALITE)
VALUES ('4730', 'RAEREN');
INSERT INTO code_postaux (code_postal, LOCALITE)
VALUES ('4730B', 'HAUSET');
INSERT INTO code_postaux (code_postal, LOCALITE)
VALUES ('4731', 'EYNATTEN');
INSERT INTO code_postaux (code_postal, LOCALITE)
VALUES ('4750', 'ELSENBORN');
INSERT INTO code_postaux (code_postal, LOCALITE)
VALUES ('4750B', 'BUTGENBACH');
INSERT INTO code_postaux (code_postal, LOCALITE)
VALUES ('4750C', 'BUTGENBACH');
INSERT INTO code_postaux (code_postal, LOCALITE)
VALUES ('4760', 'MANDERFELD');
INSERT INTO code_postaux (code_postal, LOCALITE)
VALUES ('4760B', 'BULLANGE');
INSERT INTO code_postaux (code_postal, LOCALITE)
VALUES ('4760C', 'BULLINGEN');
INSERT INTO code_postaux (code_postal, LOCALITE)
VALUES ('4761', 'ROCHERATH');
INSERT INTO code_postaux (code_postal, LOCALITE)
VALUES ('4770', 'MEYERODE');
INSERT INTO code_postaux (code_postal, LOCALITE)
VALUES ('4770B', 'AMBLEVE');
INSERT INTO code_postaux (code_postal, LOCALITE)
VALUES ('4770C', 'AMEL');
INSERT INTO code_postaux (code_postal, LOCALITE)
VALUES ('4771', 'HEPPENBACH');
INSERT INTO code_postaux (code_postal, LOCALITE)
VALUES ('4780', 'RECHT');
INSERT INTO code_postaux (code_postal, LOCALITE)
VALUES ('4780B', 'SAINT-VITH');
INSERT INTO code_postaux (code_postal, LOCALITE)
VALUES ('4780C', 'SANKT VITH');
INSERT INTO code_postaux (code_postal, LOCALITE)
VALUES ('4782', 'SCHOENBERG');
INSERT INTO code_postaux (code_postal, LOCALITE)
VALUES ('4782B', 'SCHONBERG');
INSERT INTO code_postaux (code_postal, LOCALITE)
VALUES ('4783', 'LOMMERSWEILER');
INSERT INTO code_postaux (code_postal, LOCALITE)
VALUES ('4784', 'CROMBACH');
INSERT INTO code_postaux (code_postal, LOCALITE)
VALUES ('4790', 'BURG-REULAND');
INSERT INTO code_postaux (code_postal, LOCALITE)
VALUES ('4790B', 'REULAND');
INSERT INTO code_postaux (code_postal, LOCALITE)
VALUES ('4791', 'THOMMEN');
INSERT INTO code_postaux (code_postal, LOCALITE)
VALUES ('4800', 'VERVIERS');
INSERT INTO code_postaux (code_postal, LOCALITE)
VALUES ('4800B', 'ENSIVAL');
INSERT INTO code_postaux (code_postal, LOCALITE)
VALUES ('4800C', 'LAMBERMONT');
INSERT INTO code_postaux (code_postal, LOCALITE)
VALUES ('4800D', 'PETIT-RECHAIN');
INSERT INTO code_postaux (code_postal, LOCALITE)
VALUES ('4801', 'STEMBERT');
INSERT INTO code_postaux (code_postal, LOCALITE)
VALUES ('4802', 'HEUSY');
INSERT INTO code_postaux (code_postal, LOCALITE)
VALUES ('4820', 'DISON');
INSERT INTO code_postaux (code_postal, LOCALITE)
VALUES ('4821', 'ANDRIMONT');
INSERT INTO code_postaux (code_postal, LOCALITE)
VALUES ('4830', 'LIMBOURG');
INSERT INTO code_postaux (code_postal, LOCALITE)
VALUES ('4831', 'BILSTAIN');
INSERT INTO code_postaux (code_postal, LOCALITE)
VALUES ('4834', 'GOE');
INSERT INTO code_postaux (code_postal, LOCALITE)
VALUES ('4837', 'BAELEN');
INSERT INTO code_postaux (code_postal, LOCALITE)
VALUES ('4837B', 'MEMBACH');
INSERT INTO code_postaux (code_postal, LOCALITE)
VALUES ('4840', 'WELKENRAEDT');
INSERT INTO code_postaux (code_postal, LOCALITE)
VALUES ('4841', 'HENRI-CHAPELLE');
INSERT INTO code_postaux (code_postal, LOCALITE)
VALUES ('4845', 'JALHAY');
INSERT INTO code_postaux (code_postal, LOCALITE)
VALUES ('4845B', 'SART-LEZ-SPA');
INSERT INTO code_postaux (code_postal, LOCALITE)
VALUES ('4850', 'PLOMBIERES');
INSERT INTO code_postaux (code_postal, LOCALITE)
VALUES ('4850B', 'MONTZEN');
INSERT INTO code_postaux (code_postal, LOCALITE)
VALUES ('4850C', 'MORESNET');
INSERT INTO code_postaux (code_postal, LOCALITE)
VALUES ('4851', 'GEMMENICH');
INSERT INTO code_postaux (code_postal, LOCALITE)
VALUES ('4851B', 'SIPPENAEKEN');
INSERT INTO code_postaux (code_postal, LOCALITE)
VALUES ('4852', 'HOMBOURG');
INSERT INTO code_postaux (code_postal, LOCALITE)
VALUES ('4860', 'PEPINSTER');
INSERT INTO code_postaux (code_postal, LOCALITE)
VALUES ('4860B', 'CORNESSE');
INSERT INTO code_postaux (code_postal, LOCALITE)
VALUES ('4860C', 'WEGNEZ');
INSERT INTO code_postaux (code_postal, LOCALITE)
VALUES ('4861', 'SOIRON');
INSERT INTO code_postaux (code_postal, LOCALITE)
VALUES ('4870', 'TROOZ');
INSERT INTO code_postaux (code_postal, LOCALITE)
VALUES ('4870B', 'FORET');
INSERT INTO code_postaux (code_postal, LOCALITE)
VALUES ('4870C', 'FRAIPONT');
INSERT INTO code_postaux (code_postal, LOCALITE)
VALUES ('4870D', 'NESSONVAUX');
INSERT INTO code_postaux (code_postal, LOCALITE)
VALUES ('4877', 'OLNE');
INSERT INTO code_postaux (code_postal, LOCALITE)
VALUES ('4880', 'AUBEL');
INSERT INTO code_postaux (code_postal, LOCALITE)
VALUES ('4890', 'THIMISTER-CLERMONT');
INSERT INTO code_postaux (code_postal, LOCALITE)
VALUES ('4890B', 'CLERMONT (LG.)');
INSERT INTO code_postaux (code_postal, LOCALITE)
VALUES ('4890C', 'THIMISTER');
INSERT INTO code_postaux (code_postal, LOCALITE)
VALUES ('4900', 'SPA');
COMMIT;
INSERT INTO code_postaux (code_postal, LOCALITE)
VALUES ('4900B', 'THEUX');
INSERT INTO code_postaux (code_postal, LOCALITE)
VALUES ('4910', 'THEUX');
INSERT INTO code_postaux (code_postal, LOCALITE)
VALUES ('4910B', 'LA REID');
INSERT INTO code_postaux (code_postal, LOCALITE)
VALUES ('4910C', 'POLLEUR');
INSERT INTO code_postaux (code_postal, LOCALITE)
VALUES ('4920', 'AYWAILLE');
INSERT INTO code_postaux (code_postal, LOCALITE)
VALUES ('4920A', 'REMOUCHAMPS - AYWAILLE');
INSERT INTO code_postaux (code_postal, LOCALITE)
VALUES ('4920B', 'ERNONHEID');
INSERT INTO code_postaux (code_postal, LOCALITE)
VALUES ('4920C', 'HARZE');
INSERT INTO code_postaux (code_postal, LOCALITE)
VALUES ('4920D', 'SOUGNE-REMOUCHAMPS');
INSERT INTO code_postaux (code_postal, LOCALITE)
VALUES ('4950', 'FAYMONVILLE');
INSERT INTO code_postaux (code_postal, LOCALITE)
VALUES ('4950B', 'ROBERTVILLE');
INSERT INTO code_postaux (code_postal, LOCALITE)
VALUES ('4950C', 'SOURBRODT');
INSERT INTO code_postaux (code_postal, LOCALITE)
VALUES ('4950D', 'WAIMES');
INSERT INTO code_postaux (code_postal, LOCALITE)
VALUES ('4950E', 'WEISMES');
INSERT INTO code_postaux (code_postal, LOCALITE)
VALUES ('4960', 'MALMEDY');
INSERT INTO code_postaux (code_postal, LOCALITE)
VALUES ('4960B', 'BELLEVAUX-LIGNEUVILLE');
INSERT INTO code_postaux (code_postal, LOCALITE)
VALUES ('4960C', 'BEVERCE');
INSERT INTO code_postaux (code_postal, LOCALITE)
VALUES ('4970', 'STAVELOT');
INSERT INTO code_postaux (code_postal, LOCALITE)
VALUES ('4970B', 'FRANCORCHAMPS');
INSERT INTO code_postaux (code_postal, LOCALITE)
VALUES ('4980', 'TROIS-PONTS');
INSERT INTO code_postaux (code_postal, LOCALITE)
VALUES ('4980B', 'FOSSE (LG.)');
INSERT INTO code_postaux (code_postal, LOCALITE)
VALUES ('4980C', 'WANNE');
INSERT INTO code_postaux (code_postal, LOCALITE)
VALUES ('4983', 'BASSE-BODEUX');
INSERT INTO code_postaux (code_postal, LOCALITE)
VALUES ('4987', 'STOUMONT');
INSERT INTO code_postaux (code_postal, LOCALITE)
VALUES ('4987B', 'CHEVRON');
INSERT INTO code_postaux (code_postal, LOCALITE)
VALUES ('4987C', 'LA GLEIZE');
INSERT INTO code_postaux (code_postal, LOCALITE)
VALUES ('4987D', 'LORCE');
INSERT INTO code_postaux (code_postal, LOCALITE)
VALUES ('4987E', 'RAHIER');
INSERT INTO code_postaux (code_postal, LOCALITE)
VALUES ('4990', 'LIERNEUX');
INSERT INTO code_postaux (code_postal, LOCALITE)
VALUES ('4990B', 'ARBREFONTAINE');
INSERT INTO code_postaux (code_postal, LOCALITE)
VALUES ('4990C', 'BRA');
INSERT INTO code_postaux (code_postal, LOCALITE)
VALUES ('5000', 'NAMUR');
INSERT INTO code_postaux (code_postal, LOCALITE)
VALUES ('5000B', 'BEEZ');
INSERT INTO code_postaux (code_postal, LOCALITE)
VALUES ('5001', 'BELGRADE');
INSERT INTO code_postaux (code_postal, LOCALITE)
VALUES ('5002', 'SAINT-SERVAIS');
INSERT INTO code_postaux (code_postal, LOCALITE)
VALUES ('5003', 'SAINT-MARC');
INSERT INTO code_postaux (code_postal, LOCALITE)
VALUES ('5004', 'BOUGE');
INSERT INTO code_postaux (code_postal, LOCALITE)
VALUES ('5020', 'CHAMPION');
INSERT INTO code_postaux (code_postal, LOCALITE)
VALUES ('5020B', 'DAUSSOULX');
INSERT INTO code_postaux (code_postal, LOCALITE)
VALUES ('5020C', 'FLAWINNE');
INSERT INTO code_postaux (code_postal, LOCALITE)
VALUES ('5020D', 'MALONNE');
INSERT INTO code_postaux (code_postal, LOCALITE)
VALUES ('5020E', 'SUARLEE');
INSERT INTO code_postaux (code_postal, LOCALITE)
VALUES ('5020F', 'TEMPLOUX');
INSERT INTO code_postaux (code_postal, LOCALITE)
VALUES ('5020G', 'VEDRIN');
INSERT INTO code_postaux (code_postal, LOCALITE)
VALUES ('5021', 'BONINNE');
INSERT INTO code_postaux (code_postal, LOCALITE)
VALUES ('5022', 'COGNELEE');
INSERT INTO code_postaux (code_postal, LOCALITE)
VALUES ('5024', 'GELBRESSEE');
INSERT INTO code_postaux (code_postal, LOCALITE)
VALUES ('5024B', 'MARCHE-LES-DAMES');
INSERT INTO code_postaux (code_postal, LOCALITE)
VALUES ('5030', 'GEMBLOUX');
INSERT INTO code_postaux (code_postal, LOCALITE)
VALUES ('5030B', 'BEUZET');
INSERT INTO code_postaux (code_postal, LOCALITE)
VALUES ('5030C', 'ERNAGE');
INSERT INTO code_postaux (code_postal, LOCALITE)
VALUES ('5030D', 'GRAND-MANIL');
INSERT INTO code_postaux (code_postal, LOCALITE)
VALUES ('5030E', 'LONZEE');
INSERT INTO code_postaux (code_postal, LOCALITE)
VALUES ('5030F', 'SAUVENIERE');
INSERT INTO code_postaux (code_postal, LOCALITE)
VALUES ('5031', 'GRAND-LEEZ');
INSERT INTO code_postaux (code_postal, LOCALITE)
VALUES ('5032', 'BOSSIERE');
INSERT INTO code_postaux (code_postal, LOCALITE)
VALUES ('5032B', 'BOTHEY');
INSERT INTO code_postaux (code_postal, LOCALITE)
VALUES ('5032C', 'CORROY-LE-CHATEAU');
INSERT INTO code_postaux (code_postal, LOCALITE)
VALUES ('5032D', 'ISNES');
INSERT INTO code_postaux (code_postal, LOCALITE)
VALUES ('5032E', 'MAZY');
INSERT INTO code_postaux (code_postal, LOCALITE)
VALUES ('5060', 'SAMBREVILLE');
INSERT INTO code_postaux (code_postal, LOCALITE)
VALUES ('5060B', 'ARSIMONT');
INSERT INTO code_postaux (code_postal, LOCALITE)
VALUES ('5060C', 'AUVELAIS');
INSERT INTO code_postaux (code_postal, LOCALITE)
VALUES ('5060D', 'FALISOLLE');
INSERT INTO code_postaux (code_postal, LOCALITE)
VALUES ('5060E', 'KEUMIEE');
INSERT INTO code_postaux (code_postal, LOCALITE)
VALUES ('5060F', 'MOIGNELEE');
INSERT INTO code_postaux (code_postal, LOCALITE)
VALUES ('5060G', 'TAMINES');
INSERT INTO code_postaux (code_postal, LOCALITE)
VALUES ('5060H', 'VELAINE-SUR-SAMBRE');
INSERT INTO code_postaux (code_postal, LOCALITE)
VALUES ('5070', 'FOSSES-LA-VILLE');
INSERT INTO code_postaux (code_postal, LOCALITE)
VALUES ('5070B', 'AISEMONT');
INSERT INTO code_postaux (code_postal, LOCALITE)
VALUES ('5070C', 'LE ROUX');
INSERT INTO code_postaux (code_postal, LOCALITE)
VALUES ('5070D', 'SART-EUSTACHE');
INSERT INTO code_postaux (code_postal, LOCALITE)
VALUES ('5070E', 'SART-SAINT-LAURENT');
INSERT INTO code_postaux (code_postal, LOCALITE)
VALUES ('5070F', 'VITRIVAL');
INSERT INTO code_postaux (code_postal, LOCALITE)
VALUES ('5080', 'LA BRUYERE');
INSERT INTO code_postaux (code_postal, LOCALITE)
VALUES ('5080B', 'EMINES');
INSERT INTO code_postaux (code_postal, LOCALITE)
VALUES ('5080C', 'RHISNES');
INSERT INTO code_postaux (code_postal, LOCALITE)
VALUES ('5080D', 'VILLERS-LEZ-HEEST');
INSERT INTO code_postaux (code_postal, LOCALITE)
VALUES ('5080E', 'WARISOULX');
INSERT INTO code_postaux (code_postal, LOCALITE)
VALUES ('5081', 'BOVESSE');
INSERT INTO code_postaux (code_postal, LOCALITE)
VALUES ('3450B', 'GRAZEN');
INSERT INTO code_postaux (code_postal, LOCALITE)
VALUES ('3454', 'RUMMEN');
INSERT INTO code_postaux (code_postal, LOCALITE)
VALUES ('3460', 'BEKKEVOORT');
INSERT INTO code_postaux (code_postal, LOCALITE)
VALUES ('3460B', 'ASSENT');
INSERT INTO code_postaux (code_postal, LOCALITE)
VALUES ('3461', 'MOLENBEEK-WERSBEEK');
INSERT INTO code_postaux (code_postal, LOCALITE)
VALUES ('3470', 'KORTENAKEN');
INSERT INTO code_postaux (code_postal, LOCALITE)
VALUES ('3470B', 'RANSBERG');
INSERT INTO code_postaux (code_postal, LOCALITE)
VALUES ('3471', 'HOELEDEN');
INSERT INTO code_postaux (code_postal, LOCALITE)
VALUES ('3472', 'KERSBEEK-MISKOM');
INSERT INTO code_postaux (code_postal, LOCALITE)
VALUES ('3473', 'WAANRODE');
INSERT INTO code_postaux (code_postal, LOCALITE)
VALUES ('3500', 'HASSELT');
INSERT INTO code_postaux (code_postal, LOCALITE)
VALUES ('3500B', 'SINT-LAMBRECHTS-HERK');
INSERT INTO code_postaux (code_postal, LOCALITE)
VALUES ('3501', 'WIMMERTINGEN');
INSERT INTO code_postaux (code_postal, LOCALITE)
VALUES ('3510', 'KERMT (HASSELT)');
INSERT INTO code_postaux (code_postal, LOCALITE)
VALUES ('3510B', 'SPALBEEK');
INSERT INTO code_postaux (code_postal, LOCALITE)
VALUES ('3511', 'KURINGEN');
INSERT INTO code_postaux (code_postal, LOCALITE)
VALUES ('3511B', 'STOKROOIE');
INSERT INTO code_postaux (code_postal, LOCALITE)
VALUES ('3512', 'STEVOORT');
INSERT INTO code_postaux (code_postal, LOCALITE)
VALUES ('3520', 'ZONHOVEN');
INSERT INTO code_postaux (code_postal, LOCALITE)
VALUES ('3530', 'HOUTHALEN-HELCHTEREN');
COMMIT;
INSERT INTO code_postaux (code_postal, LOCALITE)
VALUES ('3530B', 'HELCHTEREN');
INSERT INTO code_postaux (code_postal, LOCALITE)
VALUES ('3530C', 'HOUTHALEN');
INSERT INTO code_postaux (code_postal, LOCALITE)
VALUES ('3540', 'HERCK-LA-VILLE');
INSERT INTO code_postaux (code_postal, LOCALITE)
VALUES ('3540B', 'HERK-DE-STAD');
INSERT INTO code_postaux (code_postal, LOCALITE)
VALUES ('3540C', 'BERBROEK');
INSERT INTO code_postaux (code_postal, LOCALITE)
VALUES ('3540D', 'DONK');
INSERT INTO code_postaux (code_postal, LOCALITE)
VALUES ('3540E', 'SCHULEN');
INSERT INTO code_postaux (code_postal, LOCALITE)
VALUES ('3545', 'HALEN');
INSERT INTO code_postaux (code_postal, LOCALITE)
VALUES ('3545B', 'LOKSBERGEN');
INSERT INTO code_postaux (code_postal, LOCALITE)
VALUES ('3545C', 'ZELEM');
INSERT INTO code_postaux (code_postal, LOCALITE)
VALUES ('3550', 'HEUSDEN-ZOLDER');
INSERT INTO code_postaux (code_postal, LOCALITE)
VALUES ('3550B', 'HEUSDEN (LIMB.)');
INSERT INTO code_postaux (code_postal, LOCALITE)
VALUES ('3550C', 'ZOLDER');
INSERT INTO code_postaux (code_postal, LOCALITE)
VALUES ('3560', 'LUMMEN');
INSERT INTO code_postaux (code_postal, LOCALITE)
VALUES ('3560B', 'LINKHOUT');
INSERT INTO code_postaux (code_postal, LOCALITE)
VALUES ('3560C', 'MELDERT (LIMB.)');
INSERT INTO code_postaux (code_postal, LOCALITE)
VALUES ('3570', 'ALKEN');
INSERT INTO code_postaux (code_postal, LOCALITE)
VALUES ('3580', 'BERINGEN');
INSERT INTO code_postaux (code_postal, LOCALITE)
VALUES ('3581', 'BEVERLO');
INSERT INTO code_postaux (code_postal, LOCALITE)
VALUES ('3582', 'KOERSEL');
INSERT INTO code_postaux (code_postal, LOCALITE)
VALUES ('3583', 'PAAL');
INSERT INTO code_postaux (code_postal, LOCALITE)
VALUES ('3590', 'DIEPENBEEK');
INSERT INTO code_postaux (code_postal, LOCALITE)
VALUES ('3600', 'GENK');
INSERT INTO code_postaux (code_postal, LOCALITE)
VALUES ('3620', 'LANAKEN');
INSERT INTO code_postaux (code_postal, LOCALITE)
VALUES ('3620B', 'GELLIK');
INSERT INTO code_postaux (code_postal, LOCALITE)
VALUES ('3620C', 'NEERHAREN');
INSERT INTO code_postaux (code_postal, LOCALITE)
VALUES ('3620D', 'VELDWEZELT');
INSERT INTO code_postaux (code_postal, LOCALITE)
VALUES ('3621', 'REKEM');
INSERT INTO code_postaux (code_postal, LOCALITE)
VALUES ('3630', 'MAASMECHELEN');
INSERT INTO code_postaux (code_postal, LOCALITE)
VALUES ('3630B', 'EISDEN');
INSERT INTO code_postaux (code_postal, LOCALITE)
VALUES ('3630C', 'LEUT');
INSERT INTO code_postaux (code_postal, LOCALITE)
VALUES ('3630D', 'MECHELEN-AAN-DE-MAAS');
INSERT INTO code_postaux (code_postal, LOCALITE)
VALUES ('3630E', 'MEESWIJK');
INSERT INTO code_postaux (code_postal, LOCALITE)
VALUES ('3630F', 'OPGRIMBIE');
INSERT INTO code_postaux (code_postal, LOCALITE)
VALUES ('3630G', 'VUCHT');
INSERT INTO code_postaux (code_postal, LOCALITE)
VALUES ('3631', 'BOORSEM');
INSERT INTO code_postaux (code_postal, LOCALITE)
VALUES ('3631B', 'UIKHOVEN');
INSERT INTO code_postaux (code_postal, LOCALITE)
VALUES ('3640', 'KINROOI');
INSERT INTO code_postaux (code_postal, LOCALITE)
VALUES ('3640B', 'KESSENICH');
INSERT INTO code_postaux (code_postal, LOCALITE)
VALUES ('3640C', 'MOLENBEERSEL');
INSERT INTO code_postaux (code_postal, LOCALITE)
VALUES ('3640D', 'OPHOVEN');
INSERT INTO code_postaux (code_postal, LOCALITE)
VALUES ('3650', 'DILSEN-STOKKEM');
INSERT INTO code_postaux (code_postal, LOCALITE)
VALUES ('3650B', 'ELEN');
INSERT INTO code_postaux (code_postal, LOCALITE)
VALUES ('3650C', 'LANKLAAR');
INSERT INTO code_postaux (code_postal, LOCALITE)
VALUES ('3650D', 'ROTEM');
INSERT INTO code_postaux (code_postal, LOCALITE)
VALUES ('3650E', 'STOKKEM');
INSERT INTO code_postaux (code_postal, LOCALITE)
VALUES ('3660', 'OPGLABBEEK');
INSERT INTO code_postaux (code_postal, LOCALITE)
VALUES ('3660B', 'MEEUWEN-GRUITRODE');
INSERT INTO code_postaux (code_postal, LOCALITE)
VALUES ('3665', 'AS');
INSERT INTO code_postaux (code_postal, LOCALITE)
VALUES ('3668', 'NIEL-BIJ-AS');
INSERT INTO code_postaux (code_postal, LOCALITE)
VALUES ('3670', 'MEEUWEN-GRUITRODE');
INSERT INTO code_postaux (code_postal, LOCALITE)
VALUES ('3670B', 'ELLIKOM');
INSERT INTO code_postaux (code_postal, LOCALITE)
VALUES ('3670C', 'GRUITRODE');
INSERT INTO code_postaux (code_postal, LOCALITE)
VALUES ('3670D', 'MEEUWEN');
INSERT INTO code_postaux (code_postal, LOCALITE)
VALUES ('3670E', 'NEERGLABBEEK');
INSERT INTO code_postaux (code_postal, LOCALITE)
VALUES ('3670F', 'WIJSHAGEN');
INSERT INTO code_postaux (code_postal, LOCALITE)
VALUES ('3680', 'MAASEIK');
INSERT INTO code_postaux (code_postal, LOCALITE)
VALUES ('3680B', 'NEEROETEREN');
INSERT INTO code_postaux (code_postal, LOCALITE)
VALUES ('3680C', 'OPOETEREN');
INSERT INTO code_postaux (code_postal, LOCALITE)
VALUES ('3690', 'ZUTENDAAL');
INSERT INTO code_postaux (code_postal, LOCALITE)
VALUES ('3700', 'SLUSE');
INSERT INTO code_postaux (code_postal, LOCALITE)
VALUES ('3700B', 'HEUR-LE-TIEXHE');
INSERT INTO code_postaux (code_postal, LOCALITE)
VALUES ('3700C', 'TONGRES');
INSERT INTO code_postaux (code_postal, LOCALITE)
VALUES ('3700D', 'LOWAIGE');
INSERT INTO code_postaux (code_postal, LOCALITE)
VALUES ('3700E', 'RUSSON');
INSERT INTO code_postaux (code_postal, LOCALITE)
VALUES ('3700F', 'TONGEREN');
INSERT INTO code_postaux (code_postal, LOCALITE)
VALUES ('3700H', 'BERG (LIMB.)');
INSERT INTO code_postaux (code_postal, LOCALITE)
VALUES ('3700I', 'DIETS-HEUR');
INSERT INTO code_postaux (code_postal, LOCALITE)
VALUES ('3700J', 'HAREN (TONGEREN)');
INSERT INTO code_postaux (code_postal, LOCALITE)
VALUES ('3700K', 'HENIS');
INSERT INTO code_postaux (code_postal, LOCALITE)
VALUES ('3700L', 'KOLMONT (Tongeren)');
INSERT INTO code_postaux (code_postal, LOCALITE)
VALUES ('3700M', 'KONINKSEM');
INSERT INTO code_postaux (code_postal, LOCALITE)
VALUES ('3700N', 'LAUW');
INSERT INTO code_postaux (code_postal, LOCALITE)
VALUES ('3700O', 'MAL');
INSERT INTO code_postaux (code_postal, LOCALITE)
VALUES ('3700P', 'NEERREPEN');
INSERT INTO code_postaux (code_postal, LOCALITE)
VALUES ('3700Q', 'NEREM');
INSERT INTO code_postaux (code_postal, LOCALITE)
VALUES ('3700R', 'OVERREPEN (KOLMONT)');
INSERT INTO code_postaux (code_postal, LOCALITE)
VALUES ('3700S', 'PIRINGEN (HAREN)');
INSERT INTO code_postaux (code_postal, LOCALITE)
VALUES ('3700T', 'RIKSINGEN');
INSERT INTO code_postaux (code_postal, LOCALITE)
VALUES ('3700U', 'RUTTEN');
INSERT INTO code_postaux (code_postal, LOCALITE)
VALUES ('3700V', 'SLUIZEN');
INSERT INTO code_postaux (code_postal, LOCALITE)
VALUES ('3700W', 'VREREN');
INSERT INTO code_postaux (code_postal, LOCALITE)
VALUES ('3700X', 'WIDOOIE (HAREN)');
INSERT INTO code_postaux (code_postal, LOCALITE)
VALUES ('3717', 'HERSTAPPE');
INSERT INTO code_postaux (code_postal, LOCALITE)
VALUES ('3720', 'KORTESSEM');
INSERT INTO code_postaux (code_postal, LOCALITE)
VALUES ('3721', 'VLIERMAALROOT');
INSERT INTO code_postaux (code_postal, LOCALITE)
VALUES ('3722', 'WINTERSHOVEN');
INSERT INTO code_postaux (code_postal, LOCALITE)
VALUES ('3723', 'GUIGOVEN');
INSERT INTO code_postaux (code_postal, LOCALITE)
VALUES ('3724', 'VLIERMAAL');
INSERT INTO code_postaux (code_postal, LOCALITE)
VALUES ('3730', 'HOESELT');
INSERT INTO code_postaux (code_postal, LOCALITE)
VALUES ('3730B', 'ROMERSHOVEN');
INSERT INTO code_postaux (code_postal, LOCALITE)
VALUES ('3730C', 'SINT-HUIBRECHTS-HERN');
INSERT INTO code_postaux (code_postal, LOCALITE)
VALUES ('3730D', 'WERM');
INSERT INTO code_postaux (code_postal, LOCALITE)
VALUES ('3732', 'SCHALKHOVEN');
INSERT INTO code_postaux (code_postal, LOCALITE)
VALUES ('3740', 'BILZEN');
INSERT INTO code_postaux (code_postal, LOCALITE)
VALUES ('3740B', 'BEVERST');
INSERT INTO code_postaux (code_postal, LOCALITE)
VALUES ('3740C', 'EIGENBILZEN');
INSERT INTO code_postaux (code_postal, LOCALITE)
VALUES ('3740D', 'GROTE-SPOUWEN');
INSERT INTO code_postaux (code_postal, LOCALITE)
VALUES ('3740E', 'HEES');
INSERT INTO code_postaux (code_postal, LOCALITE)
VALUES ('3740F', 'KLEINE-SPOUWEN');
COMMIT;
INSERT INTO code_postaux (code_postal, LOCALITE)
VALUES ('3740G', 'MOPERTINGEN');
INSERT INTO code_postaux (code_postal, LOCALITE)
VALUES ('3740H', 'MUNSTERBILZEN');
INSERT INTO code_postaux (code_postal, LOCALITE)
VALUES ('3740I', 'RIJKHOVEN');
INSERT INTO code_postaux (code_postal, LOCALITE)
VALUES ('3740J', 'ROSMEER');
INSERT INTO code_postaux (code_postal, LOCALITE)
VALUES ('3740K', 'SPOUWEN');
INSERT INTO code_postaux (code_postal, LOCALITE)
VALUES ('3740L', 'WALTWILDER');
INSERT INTO code_postaux (code_postal, LOCALITE)
VALUES ('3742', 'MARTENSLINDE');
INSERT INTO code_postaux (code_postal, LOCALITE)
VALUES ('3746', 'HOELBEEK');
INSERT INTO code_postaux (code_postal, LOCALITE)
VALUES ('3770', 'RIEMST');
INSERT INTO code_postaux (code_postal, LOCALITE)
VALUES ('3770B', 'GENOELSELDEREN');
INSERT INTO code_postaux (code_postal, LOCALITE)
VALUES ('3770C', 'HERDEREN');
INSERT INTO code_postaux (code_postal, LOCALITE)
VALUES ('3770D', 'KANNE');
INSERT INTO code_postaux (code_postal, LOCALITE)
VALUES ('3770E', 'MEMBRUGGEN');
INSERT INTO code_postaux (code_postal, LOCALITE)
VALUES ('3770F', 'MILLEN');
INSERT INTO code_postaux (code_postal, LOCALITE)
VALUES ('3770G', 'VAL-MEER');
INSERT INTO code_postaux (code_postal, LOCALITE)
VALUES ('3770H', 'VLIJTINGEN');
INSERT INTO code_postaux (code_postal, LOCALITE)
VALUES ('3770I', 'VROENHOVEN');
INSERT INTO code_postaux (code_postal, LOCALITE)
VALUES ('3770J', 'ZICHEN-ZUSSEN-BOLDER');
INSERT INTO code_postaux (code_postal, LOCALITE)
VALUES ('3790', 'FOURONS');
INSERT INTO code_postaux (code_postal, LOCALITE)
VALUES ('3790B', 'FOURON-SAINT-MARTIN');
INSERT INTO code_postaux (code_postal, LOCALITE)
VALUES ('3790C', 'MOULAND');
INSERT INTO code_postaux (code_postal, LOCALITE)
VALUES ('3790D', 'VOEREN');
INSERT INTO code_postaux (code_postal, LOCALITE)
VALUES ('3790E', 'MOELINGEN');
INSERT INTO code_postaux (code_postal, LOCALITE)
VALUES ('3790F', 'SINT-MARTENS-VOEREN');
INSERT INTO code_postaux (code_postal, LOCALITE)
VALUES ('3791', 'REMERSDAAL');
INSERT INTO code_postaux (code_postal, LOCALITE)
VALUES ('3792', 'FOURON-SAINT-PIERRE');
INSERT INTO code_postaux (code_postal, LOCALITE)
VALUES ('3792B', 'SINT-PIETERS-VOEREN');
INSERT INTO code_postaux (code_postal, LOCALITE)
VALUES ('3793', 'TEUVEN');
INSERT INTO code_postaux (code_postal, LOCALITE)
VALUES ('3798', 'FOURON-LE-COMTE');
INSERT INTO code_postaux (code_postal, LOCALITE)
VALUES ('3800', 'SAINT-TROND');
INSERT INTO code_postaux (code_postal, LOCALITE)
VALUES ('3800B', 'SINT-TRUIDEN');
INSERT INTO code_postaux (code_postal, LOCALITE)
VALUES ('3800C', 'AALST (LIMB.)');
INSERT INTO code_postaux (code_postal, LOCALITE)
VALUES ('3800D', 'BRUSTEM');
INSERT INTO code_postaux (code_postal, LOCALITE)
VALUES ('3800E', 'ENGELMANSHOVEN');
INSERT INTO code_postaux (code_postal, LOCALITE)
VALUES ('3800F', 'GELINDEN');
INSERT INTO code_postaux (code_postal, LOCALITE)
VALUES ('3800G', 'GROOT-GELMEN');
INSERT INTO code_postaux (code_postal, LOCALITE)
VALUES ('3800H', 'HALMAAL');
INSERT INTO code_postaux (code_postal, LOCALITE)
VALUES ('3800I', 'KERKOM-BIJ-SINT-TRUIDEN');
INSERT INTO code_postaux (code_postal, LOCALITE)
VALUES ('3800J', 'ORDINGEN');
INSERT INTO code_postaux (code_postal, LOCALITE)
VALUES ('3800K', 'ZEPPEREN');
INSERT INTO code_postaux (code_postal, LOCALITE)
VALUES ('3803', 'DURAS');
INSERT INTO code_postaux (code_postal, LOCALITE)
VALUES ('3803B', 'GORSEM');
INSERT INTO code_postaux (code_postal, LOCALITE)
VALUES ('3803C', 'RUNKELEN');
INSERT INTO code_postaux (code_postal, LOCALITE)
VALUES ('3803D', 'WILDEREN');
INSERT INTO code_postaux (code_postal, LOCALITE)
VALUES ('3806', 'VELM');
INSERT INTO code_postaux (code_postal, LOCALITE)
VALUES ('3830', 'WELLEN');
INSERT INTO code_postaux (code_postal, LOCALITE)
VALUES ('3830B', 'BERLINGEN');
INSERT INTO code_postaux (code_postal, LOCALITE)
VALUES ('3831', 'HERTEN');
INSERT INTO code_postaux (code_postal, LOCALITE)
VALUES ('3832', 'ULBEEK');
INSERT INTO code_postaux (code_postal, LOCALITE)
VALUES ('3840', 'LOOZ');
INSERT INTO code_postaux (code_postal, LOCALITE)
VALUES ('3840B', 'BORGLOON');
INSERT INTO code_postaux (code_postal, LOCALITE)
VALUES ('3840C', 'BOMMERSHOVEN (HAREN)');
INSERT INTO code_postaux (code_postal, LOCALITE)
VALUES ('3840D', 'BROEKOM');
INSERT INTO code_postaux (code_postal, LOCALITE)
VALUES ('3840E', 'GORS-OPLEEUW');
INSERT INTO code_postaux (code_postal, LOCALITE)
VALUES ('3840F', 'GOTEM');
INSERT INTO code_postaux (code_postal, LOCALITE)
VALUES ('3840G', 'GROOT-LOON');
INSERT INTO code_postaux (code_postal, LOCALITE)
VALUES ('3840H', 'HAREN (BORGLOON)');
INSERT INTO code_postaux (code_postal, LOCALITE)
VALUES ('3840I', 'HENDRIEKEN');
INSERT INTO code_postaux (code_postal, LOCALITE)
VALUES ('3840J', 'HOEPERTINGEN');
INSERT INTO code_postaux (code_postal, LOCALITE)
VALUES ('3840K', 'JESSEREN (KOLMONT)');
INSERT INTO code_postaux (code_postal, LOCALITE)
VALUES ('3840L', 'KERNIEL');
INSERT INTO code_postaux (code_postal, LOCALITE)
VALUES ('3840M', 'KOLMONT (BORGLOON)');
INSERT INTO code_postaux (code_postal, LOCALITE)
VALUES ('3840N', 'KUTTEKOVEN');
INSERT INTO code_postaux (code_postal, LOCALITE)
VALUES ('3840O', 'RIJKEL');
INSERT INTO code_postaux (code_postal, LOCALITE)
VALUES ('3840P', 'VOORT');
INSERT INTO code_postaux (code_postal, LOCALITE)
VALUES ('3850', 'NIEUWERKERKEN (LIMB.)');
INSERT INTO code_postaux (code_postal, LOCALITE)
VALUES ('3850B', 'BINDERVELD');
INSERT INTO code_postaux (code_postal, LOCALITE)
VALUES ('3850C', 'KOZEN');
INSERT INTO code_postaux (code_postal, LOCALITE)
VALUES ('3850D', 'WIJER');
INSERT INTO code_postaux (code_postal, LOCALITE)
VALUES ('3870', 'FOLOGNE');
INSERT INTO code_postaux (code_postal, LOCALITE)
VALUES ('3870B', 'MARLINNE');
INSERT INTO code_postaux (code_postal, LOCALITE)
VALUES ('3870C', 'ROCLENGE-LOOZ');
INSERT INTO code_postaux (code_postal, LOCALITE)
VALUES ('3870D', 'HEERS');
INSERT INTO code_postaux (code_postal, LOCALITE)
VALUES ('3870E', 'BATSHEERS');
INSERT INTO code_postaux (code_postal, LOCALITE)
VALUES ('3870F', 'BOVELINGEN');
INSERT INTO code_postaux (code_postal, LOCALITE)
VALUES ('3870G', 'GUTSCHOVEN');
INSERT INTO code_postaux (code_postal, LOCALITE)
VALUES ('3870H', 'HEKS');
INSERT INTO code_postaux (code_postal, LOCALITE)
VALUES ('3870I', 'HORPMAAL');
INSERT INTO code_postaux (code_postal, LOCALITE)
VALUES ('3870J', 'KLEIN-GELMEN');
INSERT INTO code_postaux (code_postal, LOCALITE)
VALUES ('3870K', 'MECHELEN-BOVELINGEN');
INSERT INTO code_postaux (code_postal, LOCALITE)
VALUES ('3870L', 'METTEKOVEN');
INSERT INTO code_postaux (code_postal, LOCALITE)
VALUES ('3870M', 'OPHEERS');
INSERT INTO code_postaux (code_postal, LOCALITE)
VALUES ('3870N', 'RUKKELINGEN-LOON');
INSERT INTO code_postaux (code_postal, LOCALITE)
VALUES ('3870O', 'VECHMAAL');
INSERT INTO code_postaux (code_postal, LOCALITE)
VALUES ('3870P', 'VEULEN');
INSERT INTO code_postaux (code_postal, LOCALITE)
VALUES ('3890', 'FRESIN');
INSERT INTO code_postaux (code_postal, LOCALITE)
VALUES ('3890B', 'GOYER');
INSERT INTO code_postaux (code_postal, LOCALITE)
VALUES ('3890C', 'GINGELOM');
INSERT INTO code_postaux (code_postal, LOCALITE)
VALUES ('3890D', 'BOEKHOUT');
INSERT INTO code_postaux (code_postal, LOCALITE)
VALUES ('3890E', 'JEUK');
INSERT INTO code_postaux (code_postal, LOCALITE)
VALUES ('3890F', 'KORTIJS');
INSERT INTO code_postaux (code_postal, LOCALITE)
VALUES ('3890G', 'MONTENAKEN');
INSERT INTO code_postaux (code_postal, LOCALITE)
VALUES ('3890H', 'NIEL-BIJ-SINT-TRUIDEN');
INSERT INTO code_postaux (code_postal, LOCALITE)
VALUES ('3890I', 'VORSEN');
INSERT INTO code_postaux (code_postal, LOCALITE)
VALUES ('3891', 'BORLO');
INSERT INTO code_postaux (code_postal, LOCALITE)
VALUES ('3891B', 'BUVINGEN');
INSERT INTO code_postaux (code_postal, LOCALITE)
VALUES ('3891C', 'MIELEN-BOVEN-AALST');
INSERT INTO code_postaux (code_postal, LOCALITE)
VALUES ('3891D', 'MUIZEN (LIMB.)');
INSERT INTO code_postaux (code_postal, LOCALITE)
VALUES ('3900', 'OVERPELT');
INSERT INTO code_postaux (code_postal, LOCALITE)
VALUES ('3910', 'NEERPELT');
COMMIT;
INSERT INTO code_postaux (code_postal, LOCALITE)
VALUES ('3910B', 'SINT-HUIBRECHTS-LILLE');
INSERT INTO code_postaux (code_postal, LOCALITE)
VALUES ('3920', 'LOMMEL');
INSERT INTO code_postaux (code_postal, LOCALITE)
VALUES ('3930', 'HAMONT-ACHEL');
INSERT INTO code_postaux (code_postal, LOCALITE)
VALUES ('3930B', 'ACHEL');
INSERT INTO code_postaux (code_postal, LOCALITE)
VALUES ('3930C', 'HAMONT');
INSERT INTO code_postaux (code_postal, LOCALITE)
VALUES ('3940', 'HECHTEL-EKSEL');
INSERT INTO code_postaux (code_postal, LOCALITE)
VALUES ('3940B', 'HECHTEL');
INSERT INTO code_postaux (code_postal, LOCALITE)
VALUES ('3941', 'EKSEL');
INSERT INTO code_postaux (code_postal, LOCALITE)
VALUES ('3945', 'HAM');
INSERT INTO code_postaux (code_postal, LOCALITE)
VALUES ('3945B', 'KWAADMECHELEN');
INSERT INTO code_postaux (code_postal, LOCALITE)
VALUES ('3945C', 'OOSTHAM');
INSERT INTO code_postaux (code_postal, LOCALITE)
VALUES ('3950', 'BOCHOLT');
INSERT INTO code_postaux (code_postal, LOCALITE)
VALUES ('3950B', 'KAULILLE');
INSERT INTO code_postaux (code_postal, LOCALITE)
VALUES ('3950C', 'REPPEL');
INSERT INTO code_postaux (code_postal, LOCALITE)
VALUES ('3960', 'BREE');
INSERT INTO code_postaux (code_postal, LOCALITE)
VALUES ('3960B', 'BEEK');
INSERT INTO code_postaux (code_postal, LOCALITE)
VALUES ('3960C', 'GERDINGEN');
INSERT INTO code_postaux (code_postal, LOCALITE)
VALUES ('3960D', 'OPITTER');
INSERT INTO code_postaux (code_postal, LOCALITE)
VALUES ('3960E', 'TONGERLO (LIMB.)');
INSERT INTO code_postaux (code_postal, LOCALITE)
VALUES ('3970', 'BOURG-LEOPOLD');
INSERT INTO code_postaux (code_postal, LOCALITE)
VALUES ('3970B', 'LEOPOLDSBURG');
INSERT INTO code_postaux (code_postal, LOCALITE)
VALUES ('3971', 'HEPPEN');
INSERT INTO code_postaux (code_postal, LOCALITE)
VALUES ('3980', 'TESSENDERLO');
INSERT INTO code_postaux (code_postal, LOCALITE)
VALUES ('3990', 'PEER');
INSERT INTO code_postaux (code_postal, LOCALITE)
VALUES ('3990B', 'GROTE-BROGEL');
INSERT INTO code_postaux (code_postal, LOCALITE)
VALUES ('3990C', 'KLEINE-BROGEL');
INSERT INTO code_postaux (code_postal, LOCALITE)
VALUES ('3990D', 'WIJCHMAAL');
INSERT INTO code_postaux (code_postal, LOCALITE)
VALUES ('4000', 'LIEGE');
INSERT INTO code_postaux (code_postal, LOCALITE)
VALUES ('4000B', 'GLAIN');
INSERT INTO code_postaux (code_postal, LOCALITE)
VALUES ('4000C', 'ROCOURT');
INSERT INTO code_postaux (code_postal, LOCALITE)
VALUES ('4000E', 'SCLESSIN');
INSERT INTO code_postaux (code_postal, LOCALITE)
VALUES ('4020', 'LIEGE');
INSERT INTO code_postaux (code_postal, LOCALITE)
VALUES ('4020B', 'BRESSOUX');
INSERT INTO code_postaux (code_postal, LOCALITE)
VALUES ('4020C', 'JUPILLE-SUR-MEUSE');
INSERT INTO code_postaux (code_postal, LOCALITE)
VALUES ('4020D', 'WANDRE');
INSERT INTO code_postaux (code_postal, LOCALITE)
VALUES ('4030', 'GRIVEGNEE - LIEGE');
INSERT INTO code_postaux (code_postal, LOCALITE)
VALUES ('4031', 'ANGLEUR');
INSERT INTO code_postaux (code_postal, LOCALITE)
VALUES ('4032', 'CHENEE');
INSERT INTO code_postaux (code_postal, LOCALITE)
VALUES ('4040', 'HERSTAL');
INSERT INTO code_postaux (code_postal, LOCALITE)
VALUES ('4041', 'MILMORT');
INSERT INTO code_postaux (code_postal, LOCALITE)
VALUES ('4041B', 'VOTTEM');
INSERT INTO code_postaux (code_postal, LOCALITE)
VALUES ('4042', 'LIERS');
INSERT INTO code_postaux (code_postal, LOCALITE)
VALUES ('4050', 'CHAUDFONTAINE');
INSERT INTO code_postaux (code_postal, LOCALITE)
VALUES ('4051', 'VAUX-SOUS-CHEVREMONT');
INSERT INTO code_postaux (code_postal, LOCALITE)
VALUES ('4052', 'BEAUFAYS');
INSERT INTO code_postaux (code_postal, LOCALITE)
VALUES ('4053', 'EMBOURG');
INSERT INTO code_postaux (code_postal, LOCALITE)
VALUES ('4053B', 'CHAUDFONTAINE');
INSERT INTO code_postaux (code_postal, LOCALITE)
VALUES ('4090', 'F.B.A. (FORCES BELGES EN ALLEM');
INSERT INTO code_postaux (code_postal, LOCALITE)
VALUES ('4090B', 'B.S.D. (BELG. STRIJDKR. DUITSL');
INSERT INTO code_postaux (code_postal, LOCALITE)
VALUES ('4100', 'SERAING');
INSERT INTO code_postaux (code_postal, LOCALITE)
VALUES ('4100B', 'SERAING (Boncelles)');
INSERT INTO code_postaux (code_postal, LOCALITE)
VALUES ('4101', 'SERAING (Jemeppe)');
INSERT INTO code_postaux (code_postal, LOCALITE)
VALUES ('4102', 'SERAING (Ougre)');
INSERT INTO code_postaux (code_postal, LOCALITE)
VALUES ('4120', 'NEUPRE');
INSERT INTO code_postaux (code_postal, LOCALITE)
VALUES ('4120B', 'NEUPRE (Ehein)');
INSERT INTO code_postaux (code_postal, LOCALITE)
VALUES ('4120C', 'ROTHEUX-RIMIERE');
INSERT INTO code_postaux (code_postal, LOCALITE)
VALUES ('4121', 'NEUVILLE-EN-CONDROZ');
INSERT INTO code_postaux (code_postal, LOCALITE)
VALUES ('4121A', 'NEUPRE');
INSERT INTO code_postaux (code_postal, LOCALITE)
VALUES ('4122', 'PLAINEVAUX');
INSERT INTO code_postaux (code_postal, LOCALITE)
VALUES ('4122A', 'NEUPRE');
INSERT INTO code_postaux (code_postal, LOCALITE)
VALUES ('4130', 'ESNEUX');
INSERT INTO code_postaux (code_postal, LOCALITE)
VALUES ('4130B', 'TILFF');
INSERT INTO code_postaux (code_postal, LOCALITE)
VALUES ('4130C', 'MERY - TILFF');
INSERT INTO code_postaux (code_postal, LOCALITE)
VALUES ('4140', 'SPRIMONT');
INSERT INTO code_postaux (code_postal, LOCALITE)
VALUES ('4140B', 'DOLEMBREUX');
INSERT INTO code_postaux (code_postal, LOCALITE)
VALUES ('4140C', 'GOMZE-ANDOUMONT');
INSERT INTO code_postaux (code_postal, LOCALITE)
VALUES ('4140D', 'ROUVREUX');
INSERT INTO code_postaux (code_postal, LOCALITE)
VALUES ('4141', 'LOUVEIGNE');
INSERT INTO code_postaux (code_postal, LOCALITE)
VALUES ('4160', 'ANTHISNES');
INSERT INTO code_postaux (code_postal, LOCALITE)
VALUES ('4161', 'VILLERS-AUX-TOURS');
INSERT INTO code_postaux (code_postal, LOCALITE)
VALUES ('4162', 'HODY');
INSERT INTO code_postaux (code_postal, LOCALITE)
VALUES ('4163', 'TAVIER');
INSERT INTO code_postaux (code_postal, LOCALITE)
VALUES ('4170', 'COMBLAIN-AU-PONT');
INSERT INTO code_postaux (code_postal, LOCALITE)
VALUES ('4171', 'POULSEUR');
INSERT INTO code_postaux (code_postal, LOCALITE)
VALUES ('4180', 'HAMOIR');
INSERT INTO code_postaux (code_postal, LOCALITE)
VALUES ('4180B', 'COMBLAIN-FAIRON');
INSERT INTO code_postaux (code_postal, LOCALITE)
VALUES ('4180C', 'COMBLAIN-LA-TOUR');
INSERT INTO code_postaux (code_postal, LOCALITE)
VALUES ('4181', 'FILOT');
INSERT INTO code_postaux (code_postal, LOCALITE)
VALUES ('4190', 'FERRIERES');
INSERT INTO code_postaux (code_postal, LOCALITE)
VALUES ('4190B', 'MY');
INSERT INTO code_postaux (code_postal, LOCALITE)
VALUES ('4190C', 'VIEUXVILLE');
INSERT INTO code_postaux (code_postal, LOCALITE)
VALUES ('4190D', 'WERBOMONT');
INSERT INTO code_postaux (code_postal, LOCALITE)
VALUES ('4190E', 'XHORIS');
INSERT INTO code_postaux (code_postal, LOCALITE)
VALUES ('4210', 'BURDINNE');
INSERT INTO code_postaux (code_postal, LOCALITE)
VALUES ('4210B', 'HANNECHE');
INSERT INTO code_postaux (code_postal, LOCALITE)
VALUES ('4210C', 'LAMONTZEE');
INSERT INTO code_postaux (code_postal, LOCALITE)
VALUES ('4210D', 'MARNEFFE');
INSERT INTO code_postaux (code_postal, LOCALITE)
VALUES ('4210E', 'OTEPPE');
INSERT INTO code_postaux (code_postal, LOCALITE)
VALUES ('4217', 'HERON');
INSERT INTO code_postaux (code_postal, LOCALITE)
VALUES ('4217B', 'LAVOIR');
INSERT INTO code_postaux (code_postal, LOCALITE)
VALUES ('4218', 'COUTHUIN');
INSERT INTO code_postaux (code_postal, LOCALITE)
VALUES ('4219', 'WASSEIGES');
INSERT INTO code_postaux (code_postal, LOCALITE)
VALUES ('4219B', 'ACOSSE');
INSERT INTO code_postaux (code_postal, LOCALITE)
VALUES ('4219C', 'AMBRESIN');
INSERT INTO code_postaux (code_postal, LOCALITE)
VALUES ('4219D', 'MEEFFE');
INSERT INTO code_postaux (code_postal, LOCALITE)
VALUES ('4250', 'GEER');
INSERT INTO code_postaux (code_postal, LOCALITE)
VALUES ('4250B', 'BOELHE');
INSERT INTO code_postaux (code_postal, LOCALITE)
VALUES ('4250C', 'HOLLOGNE-SUR-GEER');
INSERT INTO code_postaux (code_postal, LOCALITE)
VALUES ('4250D', 'LENS-SAINT-SERVAIS');
INSERT INTO code_postaux (code_postal, LOCALITE)
VALUES ('4252', 'OMAL');
COMMIT;
INSERT INTO code_postaux (code_postal, LOCALITE)
VALUES ('4253', 'DARION');
INSERT INTO code_postaux (code_postal, LOCALITE)
VALUES ('4254', 'LIGNEY');
INSERT INTO code_postaux (code_postal, LOCALITE)
VALUES ('4257', 'BERLOZ');
INSERT INTO code_postaux (code_postal, LOCALITE)
VALUES ('4257B', 'CORSWAREM');
INSERT INTO code_postaux (code_postal, LOCALITE)
VALUES ('4257C', 'ROSOUX-CRENWICK');
INSERT INTO code_postaux (code_postal, LOCALITE)
VALUES ('4260', 'BRAIVES');
INSERT INTO code_postaux (code_postal, LOCALITE)
VALUES ('4260B', 'AVENNES');
INSERT INTO code_postaux (code_postal, LOCALITE)
VALUES ('4260C', 'CIPLET');
INSERT INTO code_postaux (code_postal, LOCALITE)
VALUES ('4260D', 'FALLAIS');
INSERT INTO code_postaux (code_postal, LOCALITE)
VALUES ('4260E', 'FUMAL');
INSERT INTO code_postaux (code_postal, LOCALITE)
VALUES ('4260F', 'VILLE-EN-HESBAYE');
INSERT INTO code_postaux (code_postal, LOCALITE)
VALUES ('4261', 'LATINNE');
INSERT INTO code_postaux (code_postal, LOCALITE)
VALUES ('4263', 'TOURINNE (LG.)');
INSERT INTO code_postaux (code_postal, LOCALITE)
VALUES ('4280', 'HANNUT');
INSERT INTO code_postaux (code_postal, LOCALITE)
VALUES ('4280B', 'ABOLENS');
INSERT INTO code_postaux (code_postal, LOCALITE)
VALUES ('4280C', 'AVERNAS-LE-BAUDUIN');
INSERT INTO code_postaux (code_postal, LOCALITE)
VALUES ('4280D', 'AVIN');
INSERT INTO code_postaux (code_postal, LOCALITE)
VALUES ('5081B', 'MEUX');
INSERT INTO code_postaux (code_postal, LOCALITE)
VALUES ('5081C', 'SAINT-DENIS-BOVESSE');
INSERT INTO code_postaux (code_postal, LOCALITE)
VALUES ('5100', 'JAMBES (NAMUR)');
INSERT INTO code_postaux (code_postal, LOCALITE)
VALUES ('5100B', 'DAVE');
INSERT INTO code_postaux (code_postal, LOCALITE)
VALUES ('5100C', 'NANINNE');
INSERT INTO code_postaux (code_postal, LOCALITE)
VALUES ('5100D', 'WEPION');
INSERT INTO code_postaux (code_postal, LOCALITE)
VALUES ('5100E', 'WIERDE');
INSERT INTO code_postaux (code_postal, LOCALITE)
VALUES ('5101', 'ERPENT');
INSERT INTO code_postaux (code_postal, LOCALITE)
VALUES ('5101B', 'LIVES-SUR-MEUSE');
INSERT INTO code_postaux (code_postal, LOCALITE)
VALUES ('5101C', 'LOYERS');
INSERT INTO code_postaux (code_postal, LOCALITE)
VALUES ('51100', 'REIMS - FRANCE');
INSERT INTO code_postaux (code_postal, LOCALITE)
VALUES ('5140', 'SOMBREFFE');
INSERT INTO code_postaux (code_postal, LOCALITE)
VALUES ('5140B', 'BOIGNEE');
INSERT INTO code_postaux (code_postal, LOCALITE)
VALUES ('5140C', 'LIGNY');
INSERT INTO code_postaux (code_postal, LOCALITE)
VALUES ('5140D', 'TONGRINNE');
INSERT INTO code_postaux (code_postal, LOCALITE)
VALUES ('5150', 'FLOREFFE');
INSERT INTO code_postaux (code_postal, LOCALITE)
VALUES ('5150B', 'FLORIFFOUX');
INSERT INTO code_postaux (code_postal, LOCALITE)
VALUES ('5150C', 'FRANIERE');
INSERT INTO code_postaux (code_postal, LOCALITE)
VALUES ('5150D', 'SOYE (NAM.)');
INSERT INTO code_postaux (code_postal, LOCALITE)
VALUES ('5170', 'PROFONDEVILLE');
INSERT INTO code_postaux (code_postal, LOCALITE)
VALUES ('5170B', 'ARBRE (NAM.)');
INSERT INTO code_postaux (code_postal, LOCALITE)
VALUES ('5170C', 'BOIS-DE-VILLERS');
INSERT INTO code_postaux (code_postal, LOCALITE)
VALUES ('5170D', 'LESVE');
INSERT INTO code_postaux (code_postal, LOCALITE)
VALUES ('5170E', 'LUSTIN');
INSERT INTO code_postaux (code_postal, LOCALITE)
VALUES ('5170F', 'RIVIERE');
INSERT INTO code_postaux (code_postal, LOCALITE)
VALUES ('5190', 'JEMEPPE-SUR-SAMBRE');
INSERT INTO code_postaux (code_postal, LOCALITE)
VALUES ('5190B', 'BALATRE');
INSERT INTO code_postaux (code_postal, LOCALITE)
VALUES ('5190C', 'HAM-SUR-SAMBRE');
INSERT INTO code_postaux (code_postal, LOCALITE)
VALUES ('5190D', 'MORNIMONT');
INSERT INTO code_postaux (code_postal, LOCALITE)
VALUES ('5190E', 'MOUSTIER-SUR-SAMBRE');
INSERT INTO code_postaux (code_postal, LOCALITE)
VALUES ('5190F', 'ONOZ');
INSERT INTO code_postaux (code_postal, LOCALITE)
VALUES ('5190G', 'SAINT-MARTIN');
INSERT INTO code_postaux (code_postal, LOCALITE)
VALUES ('5190H', 'SPY');
INSERT INTO code_postaux (code_postal, LOCALITE)
VALUES ('52074', 'AACHEN');
INSERT INTO code_postaux (code_postal, LOCALITE)
VALUES ('52156', 'MONSCHAU');
INSERT INTO code_postaux (code_postal, LOCALITE)
VALUES ('5300', 'ANDENNE');
INSERT INTO code_postaux (code_postal, LOCALITE)
VALUES ('5300B', 'BONNEVILLE');
INSERT INTO code_postaux (code_postal, LOCALITE)
VALUES ('5300C', 'COUTISSE');
INSERT INTO code_postaux (code_postal, LOCALITE)
VALUES ('5300D', 'LANDENNE');
INSERT INTO code_postaux (code_postal, LOCALITE)
VALUES ('5300E', 'MAIZERET');
INSERT INTO code_postaux (code_postal, LOCALITE)
VALUES ('5300F', 'NAMECHE');
INSERT INTO code_postaux (code_postal, LOCALITE)
VALUES ('5300G', 'SCLAYN');
INSERT INTO code_postaux (code_postal, LOCALITE)
VALUES ('5300H', 'SEILLES');
INSERT INTO code_postaux (code_postal, LOCALITE)
VALUES ('5300I', 'THON');
INSERT INTO code_postaux (code_postal, LOCALITE)
VALUES ('5300J', 'VEZIN');
INSERT INTO code_postaux (code_postal, LOCALITE)
VALUES ('5310', 'EGHEZEE');
INSERT INTO code_postaux (code_postal, LOCALITE)
VALUES ('5310B', 'AISCHE-EN-REFAIL');
INSERT INTO code_postaux (code_postal, LOCALITE)
VALUES ('5310C', 'BOLINNE');
INSERT INTO code_postaux (code_postal, LOCALITE)
VALUES ('5310D', 'BONEFFE');
INSERT INTO code_postaux (code_postal, LOCALITE)
VALUES ('5310E', 'BRANCHON');
INSERT INTO code_postaux (code_postal, LOCALITE)
VALUES ('5310F', 'DHUY');
INSERT INTO code_postaux (code_postal, LOCALITE)
VALUES ('5310G', 'HANRET');
INSERT INTO code_postaux (code_postal, LOCALITE)
VALUES ('5310H', 'LEUZE (NAM.)');
INSERT INTO code_postaux (code_postal, LOCALITE)
VALUES ('5310I', 'LIERNU');
INSERT INTO code_postaux (code_postal, LOCALITE)
VALUES ('5310J', 'LONGCHAMPS (NAM.)');
INSERT INTO code_postaux (code_postal, LOCALITE)
VALUES ('5310K', 'MEHAIGNE');
INSERT INTO code_postaux (code_postal, LOCALITE)
VALUES ('5310L', 'NOVILLE-SUR-MEHAIGNE');
INSERT INTO code_postaux (code_postal, LOCALITE)
VALUES ('5310M', 'SAINT-GERMAIN');
INSERT INTO code_postaux (code_postal, LOCALITE)
VALUES ('5310N', 'TAVIERS (NAM.)');
INSERT INTO code_postaux (code_postal, LOCALITE)
VALUES ('5310O', 'UPIGNY');
INSERT INTO code_postaux (code_postal, LOCALITE)
VALUES ('5310P', 'WARET-LA-CHAUSSEE');
INSERT INTO code_postaux (code_postal, LOCALITE)
VALUES ('5330', 'ASSESSE');
INSERT INTO code_postaux (code_postal, LOCALITE)
VALUES ('5330B', 'MAILLEN');
INSERT INTO code_postaux (code_postal, LOCALITE)
VALUES ('5330C', 'SART-BERNARD');
INSERT INTO code_postaux (code_postal, LOCALITE)
VALUES ('5332', 'CRUPET');
INSERT INTO code_postaux (code_postal, LOCALITE)
VALUES ('5333', 'SORINNE-LA-LONGUE');
INSERT INTO code_postaux (code_postal, LOCALITE)
VALUES ('5334', 'FLOREE');
INSERT INTO code_postaux (code_postal, LOCALITE)
VALUES ('5336', 'COURRIERE');
INSERT INTO code_postaux (code_postal, LOCALITE)
VALUES ('5337', 'MOUTFORT');
INSERT INTO code_postaux (code_postal, LOCALITE)
VALUES ('5340', 'GESVES');
INSERT INTO code_postaux (code_postal, LOCALITE)
VALUES ('5340B', 'FAULX-LES-TOMBES');
INSERT INTO code_postaux (code_postal, LOCALITE)
VALUES ('5340C', 'HALTINNE');
INSERT INTO code_postaux (code_postal, LOCALITE)
VALUES ('5340D', 'MOZET');
INSERT INTO code_postaux (code_postal, LOCALITE)
VALUES ('5340E', 'SOREE');
INSERT INTO code_postaux (code_postal, LOCALITE)
VALUES ('5350', 'GESVES');
INSERT INTO code_postaux (code_postal, LOCALITE)
VALUES ('5350B', 'OHEY');
INSERT INTO code_postaux (code_postal, LOCALITE)
VALUES ('5350C', 'EVELETTE');
INSERT INTO code_postaux (code_postal, LOCALITE)
VALUES ('5351', 'HAILLOT');
INSERT INTO code_postaux (code_postal, LOCALITE)
VALUES ('5352', 'PERWEZ-HAILLOT');
INSERT INTO code_postaux (code_postal, LOCALITE)
VALUES ('5353', 'GOESNES');
INSERT INTO code_postaux (code_postal, LOCALITE)
VALUES ('5354', 'JALLET');
INSERT INTO code_postaux (code_postal, LOCALITE)
VALUES ('5360', 'HAMOIS');
INSERT INTO code_postaux (code_postal, LOCALITE)
VALUES ('5360B', 'NATOYE');
COMMIT;
INSERT INTO code_postaux (code_postal, LOCALITE)
VALUES ('5361', 'MOHIVILLE');
INSERT INTO code_postaux (code_postal, LOCALITE)
VALUES ('5361B', 'SCY');
INSERT INTO code_postaux (code_postal, LOCALITE)
VALUES ('5362', 'ACHET');
INSERT INTO code_postaux (code_postal, LOCALITE)
VALUES ('5363', 'EMPTINNE');
INSERT INTO code_postaux (code_postal, LOCALITE)
VALUES ('5364', 'SCHALTIN');
INSERT INTO code_postaux (code_postal, LOCALITE)
VALUES ('5370', 'HAVELANGE');
INSERT INTO code_postaux (code_postal, LOCALITE)
VALUES ('5370B', 'BARVAUX-CONDROZ');
INSERT INTO code_postaux (code_postal, LOCALITE)
VALUES ('5370C', 'FLOSTOY');
INSERT INTO code_postaux (code_postal, LOCALITE)
VALUES ('5370D', 'JENEFFE (NAM.)');
INSERT INTO code_postaux (code_postal, LOCALITE)
VALUES ('5370E', 'PORCHERESSE (NAM.)');
INSERT INTO code_postaux (code_postal, LOCALITE)
VALUES ('5370F', 'VERLEE');
INSERT INTO code_postaux (code_postal, LOCALITE)
VALUES ('5372', 'MEAN');
INSERT INTO code_postaux (code_postal, LOCALITE)
VALUES ('5374', 'MAFFE');
INSERT INTO code_postaux (code_postal, LOCALITE)
VALUES ('5376', 'MIECRET');
INSERT INTO code_postaux (code_postal, LOCALITE)
VALUES ('5377', 'SOMME-LEUZE');
INSERT INTO code_postaux (code_postal, LOCALITE)
VALUES ('5377B', 'BAILLONVILLE');
INSERT INTO code_postaux (code_postal, LOCALITE)
VALUES ('5377C', 'BONSIN');
INSERT INTO code_postaux (code_postal, LOCALITE)
VALUES ('5377D', 'HEURE (NAM.)');
INSERT INTO code_postaux (code_postal, LOCALITE)
VALUES ('5377E', 'HOGNE');
INSERT INTO code_postaux (code_postal, LOCALITE)
VALUES ('5377F', 'NETTINNE');
INSERT INTO code_postaux (code_postal, LOCALITE)
VALUES ('5377G', 'NOISEUX');
INSERT INTO code_postaux (code_postal, LOCALITE)
VALUES ('5377H', 'SINSIN');
INSERT INTO code_postaux (code_postal, LOCALITE)
VALUES ('5377I', 'WAILLET');
INSERT INTO code_postaux (code_postal, LOCALITE)
VALUES ('5380', 'FERNELMONT');
INSERT INTO code_postaux (code_postal, LOCALITE)
VALUES ('5380B', 'BIERWART');
INSERT INTO code_postaux (code_postal, LOCALITE)
VALUES ('5380C', 'CORTIL-WODON');
INSERT INTO code_postaux (code_postal, LOCALITE)
VALUES ('5380D', 'FORVILLE');
INSERT INTO code_postaux (code_postal, LOCALITE)
VALUES ('5380E', 'FRANC-WARET');
INSERT INTO code_postaux (code_postal, LOCALITE)
VALUES ('5380F', 'HEMPTINNE (FERNELMONT)');
INSERT INTO code_postaux (code_postal, LOCALITE)
VALUES ('5380G', 'HINGEON');
INSERT INTO code_postaux (code_postal, LOCALITE)
VALUES ('5380H', 'MARCHOVELETTE');
INSERT INTO code_postaux (code_postal, LOCALITE)
VALUES ('5380I', 'NOVILLE-LES-BOIS');
INSERT INTO code_postaux (code_postal, LOCALITE)
VALUES ('5380J', 'PONTILLAS');
INSERT INTO code_postaux (code_postal, LOCALITE)
VALUES ('5380K', 'TILLIER');
INSERT INTO code_postaux (code_postal, LOCALITE)
VALUES ('54400', 'LONGWY - FRANCE');
INSERT INTO code_postaux (code_postal, LOCALITE)
VALUES ('54730', 'GORCY');
INSERT INTO code_postaux (code_postal, LOCALITE)
VALUES ('5500', 'DINANT');
INSERT INTO code_postaux (code_postal, LOCALITE)
VALUES ('5500B', 'ANSEREMME');
INSERT INTO code_postaux (code_postal, LOCALITE)
VALUES ('5500C', 'BOUVIGNES-SUR-MEUSE');
INSERT INTO code_postaux (code_postal, LOCALITE)
VALUES ('5500D', 'DREHANCE');
INSERT INTO code_postaux (code_postal, LOCALITE)
VALUES ('5500E', 'FALMAGNE');
INSERT INTO code_postaux (code_postal, LOCALITE)
VALUES ('5500F', 'FALMIGNOUL');
INSERT INTO code_postaux (code_postal, LOCALITE)
VALUES ('5500G', 'FURFOOZ');
INSERT INTO code_postaux (code_postal, LOCALITE)
VALUES ('5501', 'LISOGNE');
INSERT INTO code_postaux (code_postal, LOCALITE)
VALUES ('5502', 'THYNES');
INSERT INTO code_postaux (code_postal, LOCALITE)
VALUES ('5503', 'SORINNES');
INSERT INTO code_postaux (code_postal, LOCALITE)
VALUES ('5504', 'FOY-NOTRE-DAME');
INSERT INTO code_postaux (code_postal, LOCALITE)
VALUES ('5520', 'ONHAYE');
INSERT INTO code_postaux (code_postal, LOCALITE)
VALUES ('5520B', 'ANTHEE');
INSERT INTO code_postaux (code_postal, LOCALITE)
VALUES ('5521', 'SERVILLE');
INSERT INTO code_postaux (code_postal, LOCALITE)
VALUES ('5522', 'FALAEN');
INSERT INTO code_postaux (code_postal, LOCALITE)
VALUES ('5523', 'SOMMIERE');
INSERT INTO code_postaux (code_postal, LOCALITE)
VALUES ('5523B', 'WEILLEN');
INSERT INTO code_postaux (code_postal, LOCALITE)
VALUES ('5524', 'GERIN');
INSERT INTO code_postaux (code_postal, LOCALITE)
VALUES ('5530', 'YVOIR');
INSERT INTO code_postaux (code_postal, LOCALITE)
VALUES ('5530B', 'DORINNE');
INSERT INTO code_postaux (code_postal, LOCALITE)
VALUES ('5530C', 'DURNAL');
INSERT INTO code_postaux (code_postal, LOCALITE)
VALUES ('5530D', 'EVREHAILLES');
INSERT INTO code_postaux (code_postal, LOCALITE)
VALUES ('5530E', 'GODINNE');
INSERT INTO code_postaux (code_postal, LOCALITE)
VALUES ('5530F', 'HOUX');
INSERT INTO code_postaux (code_postal, LOCALITE)
VALUES ('5530G', 'MONT (NAM.)');
INSERT INTO code_postaux (code_postal, LOCALITE)
VALUES ('5530H', 'PURNODE');
INSERT INTO code_postaux (code_postal, LOCALITE)
VALUES ('5530I', 'SPONTIN');
INSERT INTO code_postaux (code_postal, LOCALITE)
VALUES ('5537', 'ANHEE');
INSERT INTO code_postaux (code_postal, LOCALITE)
VALUES ('5537B', 'ANNEVOIE-ROUILLON');
INSERT INTO code_postaux (code_postal, LOCALITE)
VALUES ('5537C', 'BIOUL');
INSERT INTO code_postaux (code_postal, LOCALITE)
VALUES ('5537D', 'DENEE');
INSERT INTO code_postaux (code_postal, LOCALITE)
VALUES ('5537E', 'HAUT-LE-WASTIA');
INSERT INTO code_postaux (code_postal, LOCALITE)
VALUES ('5537F', 'SOSOYE');
INSERT INTO code_postaux (code_postal, LOCALITE)
VALUES ('5537G', 'WARNANT');
INSERT INTO code_postaux (code_postal, LOCALITE)
VALUES ('5540', 'HASTIERE');
INSERT INTO code_postaux (code_postal, LOCALITE)
VALUES ('5540B', 'HASTIERE-LAVAUX');
INSERT INTO code_postaux (code_postal, LOCALITE)
VALUES ('5540C', 'HERMETON-SUR-MEUSE');
INSERT INTO code_postaux (code_postal, LOCALITE)
VALUES ('5540D', 'WAULSORT');
INSERT INTO code_postaux (code_postal, LOCALITE)
VALUES ('5541', 'HASTIERE-PAR-DELA');
INSERT INTO code_postaux (code_postal, LOCALITE)
VALUES ('5542', 'BLAIMONT');
INSERT INTO code_postaux (code_postal, LOCALITE)
VALUES ('5543', 'HEER');
INSERT INTO code_postaux (code_postal, LOCALITE)
VALUES ('5544', 'AGIMONT');
INSERT INTO code_postaux (code_postal, LOCALITE)
VALUES ('5550', 'VRESSE-SUR-SEMOIS');
INSERT INTO code_postaux (code_postal, LOCALITE)
VALUES ('5550B', 'ALLE');
INSERT INTO code_postaux (code_postal, LOCALITE)
VALUES ('5550C', 'BAGIMONT');
INSERT INTO code_postaux (code_postal, LOCALITE)
VALUES ('5550D', 'BOHAN');
INSERT INTO code_postaux (code_postal, LOCALITE)
VALUES ('5550E', 'CHAIRIERE');
INSERT INTO code_postaux (code_postal, LOCALITE)
VALUES ('5550F', 'LAFORET');
INSERT INTO code_postaux (code_postal, LOCALITE)
VALUES ('5550G', 'MEMBRE');
INSERT INTO code_postaux (code_postal, LOCALITE)
VALUES ('5550H', 'MOUZAIVE');
INSERT INTO code_postaux (code_postal, LOCALITE)
VALUES ('5550I', 'NAFRAITURE');
INSERT INTO code_postaux (code_postal, LOCALITE)
VALUES ('5550J', 'ORCHIMONT');
INSERT INTO code_postaux (code_postal, LOCALITE)
VALUES ('5550K', 'PUSSEMANGE');
INSERT INTO code_postaux (code_postal, LOCALITE)
VALUES ('5550L', 'SUGNY');
INSERT INTO code_postaux (code_postal, LOCALITE)
VALUES ('5555', 'BIEVRE');
INSERT INTO code_postaux (code_postal, LOCALITE)
VALUES ('5555B', 'BAILLAMONT');
INSERT INTO code_postaux (code_postal, LOCALITE)
VALUES ('5555C', 'BELLEFONTAINE (NAM.)');
INSERT INTO code_postaux (code_postal, LOCALITE)
VALUES ('5555D', 'CORNIMONT');
INSERT INTO code_postaux (code_postal, LOCALITE)
VALUES ('5555E', 'GRAIDE');
INSERT INTO code_postaux (code_postal, LOCALITE)
VALUES ('5555F', 'GROS-FAYS');
INSERT INTO code_postaux (code_postal, LOCALITE)
VALUES ('5555G', 'MONCEAU-EN-ARDENNE');
INSERT INTO code_postaux (code_postal, LOCALITE)
VALUES ('5555H', 'NAOME');
INSERT INTO code_postaux (code_postal, LOCALITE)
VALUES ('5555I', 'OIZY');
INSERT INTO code_postaux (code_postal, LOCALITE)
VALUES ('5555J', 'PETIT-FAYS');
COMMIT;
INSERT INTO code_postaux (code_postal, LOCALITE)
VALUES ('5560', 'HOUYET');
INSERT INTO code_postaux (code_postal, LOCALITE)
VALUES ('5560B', 'CIERGNON');
INSERT INTO code_postaux (code_postal, LOCALITE)
VALUES ('5560C', 'FINNEVAUX');
INSERT INTO code_postaux (code_postal, LOCALITE)
VALUES ('5560D', 'HULSONNIAUX');
INSERT INTO code_postaux (code_postal, LOCALITE)
VALUES ('5560E', 'MESNIL-EGLISE');
INSERT INTO code_postaux (code_postal, LOCALITE)
VALUES ('5560F', 'MESNIL-SAINT-BLAISE');
INSERT INTO code_postaux (code_postal, LOCALITE)
VALUES ('5561', 'CELLES (NAM.)');
INSERT INTO code_postaux (code_postal, LOCALITE)
VALUES ('5562', 'CUSTINNE');
INSERT INTO code_postaux (code_postal, LOCALITE)
VALUES ('5563', 'HOUR');
INSERT INTO code_postaux (code_postal, LOCALITE)
VALUES ('5564', 'WANLIN');
INSERT INTO code_postaux (code_postal, LOCALITE)
VALUES ('5570', 'BEAURAING');
INSERT INTO code_postaux (code_postal, LOCALITE)
VALUES ('5570B', 'BARONVILLE');
INSERT INTO code_postaux (code_postal, LOCALITE)
VALUES ('5570C', 'DION');
INSERT INTO code_postaux (code_postal, LOCALITE)
VALUES ('5570D', 'FELENNE');
INSERT INTO code_postaux (code_postal, LOCALITE)
VALUES ('5570E', 'FESCHAUX');
INSERT INTO code_postaux (code_postal, LOCALITE)
VALUES ('5570F', 'HONNAY');
INSERT INTO code_postaux (code_postal, LOCALITE)
VALUES ('5570G', 'JAVINGUE');
INSERT INTO code_postaux (code_postal, LOCALITE)
VALUES ('5570H', 'VONECHE');
INSERT INTO code_postaux (code_postal, LOCALITE)
VALUES ('5570I', 'WANCENNES');
INSERT INTO code_postaux (code_postal, LOCALITE)
VALUES ('5570J', 'WINENNE');
INSERT INTO code_postaux (code_postal, LOCALITE)
VALUES ('5571', 'WIESME');
INSERT INTO code_postaux (code_postal, LOCALITE)
VALUES ('5572', 'FOCANT');
INSERT INTO code_postaux (code_postal, LOCALITE)
VALUES ('5573', 'MARTOUZIN-NEUVILLE');
INSERT INTO code_postaux (code_postal, LOCALITE)
VALUES ('5574', 'PONDROME');
INSERT INTO code_postaux (code_postal, LOCALITE)
VALUES ('5575', 'GEDINNE');
INSERT INTO code_postaux (code_postal, LOCALITE)
VALUES ('5575B', 'BOURSEIGNE-NEUVE');
INSERT INTO code_postaux (code_postal, LOCALITE)
VALUES ('5575C', 'BOURSEIGNE-VIEILLE');
INSERT INTO code_postaux (code_postal, LOCALITE)
VALUES ('5575D', 'HOUDREMONT');
INSERT INTO code_postaux (code_postal, LOCALITE)
VALUES ('5575E', 'LOUETTE-SAINT-DENIS');
INSERT INTO code_postaux (code_postal, LOCALITE)
VALUES ('5575F', 'LOUETTE-SAINT-PIERRE');
INSERT INTO code_postaux (code_postal, LOCALITE)
VALUES ('5575G', 'MALVOISIN');
INSERT INTO code_postaux (code_postal, LOCALITE)
VALUES ('5575H', 'PATIGNIES');
INSERT INTO code_postaux (code_postal, LOCALITE)
VALUES ('5575I', 'RIENNE');
INSERT INTO code_postaux (code_postal, LOCALITE)
VALUES ('5575J', 'SART-CUSTINNE');
INSERT INTO code_postaux (code_postal, LOCALITE)
VALUES ('5575K', 'VENCIMONT');
INSERT INTO code_postaux (code_postal, LOCALITE)
VALUES ('5575L', 'WILLERZIE');
INSERT INTO code_postaux (code_postal, LOCALITE)
VALUES ('5576', 'FROIDFONTAINE');
INSERT INTO code_postaux (code_postal, LOCALITE)
VALUES ('5580', 'ROCHEFORT');
INSERT INTO code_postaux (code_postal, LOCALITE)
VALUES ('5580B', 'AVE-ET-AUFFE');
INSERT INTO code_postaux (code_postal, LOCALITE)
VALUES ('5580C', 'BUISSONVILLE');
INSERT INTO code_postaux (code_postal, LOCALITE)
VALUES ('5580D', 'EPRAVE');
INSERT INTO code_postaux (code_postal, LOCALITE)
VALUES ('5580E', 'HAN-SUR-LESSE');
INSERT INTO code_postaux (code_postal, LOCALITE)
VALUES ('5580F', 'JEMELLE');
INSERT INTO code_postaux (code_postal, LOCALITE)
VALUES ('5580G', 'LAVAUX-SAINTE-ANNE');
INSERT INTO code_postaux (code_postal, LOCALITE)
VALUES ('5580H', 'LESSIVE');
INSERT INTO code_postaux (code_postal, LOCALITE)
VALUES ('5580I', 'MONT-GAUTHIER');
INSERT INTO code_postaux (code_postal, LOCALITE)
VALUES ('5580J', 'VILLERS-SUR-LESSE');
INSERT INTO code_postaux (code_postal, LOCALITE)
VALUES ('5580K', 'WAVREILLE');
INSERT INTO code_postaux (code_postal, LOCALITE)
VALUES ('5590', 'CINEY');
INSERT INTO code_postaux (code_postal, LOCALITE)
VALUES ('5590B', 'ACHENE');
INSERT INTO code_postaux (code_postal, LOCALITE)
VALUES ('5590C', 'BRAIBANT');
INSERT INTO code_postaux (code_postal, LOCALITE)
VALUES ('5590D', 'CHEVETOGNE');
INSERT INTO code_postaux (code_postal, LOCALITE)
VALUES ('5590E', 'CONNEUX');
INSERT INTO code_postaux (code_postal, LOCALITE)
VALUES ('5590F', 'HAVERSIN');
INSERT INTO code_postaux (code_postal, LOCALITE)
VALUES ('5590G', 'LEIGNON');
INSERT INTO code_postaux (code_postal, LOCALITE)
VALUES ('5590H', 'PESSOUX');
INSERT INTO code_postaux (code_postal, LOCALITE)
VALUES ('5590I', 'SERINCHAMPS');
INSERT INTO code_postaux (code_postal, LOCALITE)
VALUES ('5590J', 'SOVET');
INSERT INTO code_postaux (code_postal, LOCALITE)
VALUES ('5600', 'PHILIPPEVILLE');
INSERT INTO code_postaux (code_postal, LOCALITE)
VALUES ('5600B', 'FAGNOLLE');
INSERT INTO code_postaux (code_postal, LOCALITE)
VALUES ('5600C', 'FRANCHIMONT');
INSERT INTO code_postaux (code_postal, LOCALITE)
VALUES ('5600D', 'JAMAGNE');
INSERT INTO code_postaux (code_postal, LOCALITE)
VALUES ('5600E', 'JAMIOLLE');
INSERT INTO code_postaux (code_postal, LOCALITE)
VALUES ('5600F', 'MERLEMONT');
INSERT INTO code_postaux (code_postal, LOCALITE)
VALUES ('5600G', 'NEUVILLE (PHILIPPEVILLE)');
INSERT INTO code_postaux (code_postal, LOCALITE)
VALUES ('5600H', 'OMEZEE');
INSERT INTO code_postaux (code_postal, LOCALITE)
VALUES ('5600I', 'ROLY');
INSERT INTO code_postaux (code_postal, LOCALITE)
VALUES ('5600J', 'ROMEDENNE');
INSERT INTO code_postaux (code_postal, LOCALITE)
VALUES ('5600K', 'SAMART');
INSERT INTO code_postaux (code_postal, LOCALITE)
VALUES ('5600L', 'SART-EN-FAGNE');
INSERT INTO code_postaux (code_postal, LOCALITE)
VALUES ('5600M', 'SAUTOUR');
INSERT INTO code_postaux (code_postal, LOCALITE)
VALUES ('5600N', 'SURICE');
INSERT INTO code_postaux (code_postal, LOCALITE)
VALUES ('5600O', 'VILLERS-EN-FAGNE');
INSERT INTO code_postaux (code_postal, LOCALITE)
VALUES ('5600P', 'VILLERS-LE-GAMBON');
INSERT INTO code_postaux (code_postal, LOCALITE)
VALUES ('5600Q', 'VODECEE');
INSERT INTO code_postaux (code_postal, LOCALITE)
VALUES ('5620', 'FLORENNES');
INSERT INTO code_postaux (code_postal, LOCALITE)
VALUES ('5620B', 'CORENNE');
INSERT INTO code_postaux (code_postal, LOCALITE)
VALUES ('5620C', 'FLAVION');
INSERT INTO code_postaux (code_postal, LOCALITE)
VALUES ('5620D', 'HEMPTINNE-LEZ-FLORENNES');
INSERT INTO code_postaux (code_postal, LOCALITE)
VALUES ('5620E', 'MORVILLE');
INSERT INTO code_postaux (code_postal, LOCALITE)
VALUES ('5620F', 'ROSEE');
INSERT INTO code_postaux (code_postal, LOCALITE)
VALUES ('5620G', 'SAINT-AUBIN');
INSERT INTO code_postaux (code_postal, LOCALITE)
VALUES ('5621', 'HANZINELLE');
INSERT INTO code_postaux (code_postal, LOCALITE)
VALUES ('5621B', 'HANZINNE');
INSERT INTO code_postaux (code_postal, LOCALITE)
VALUES ('5621C', 'MORIALME');
INSERT INTO code_postaux (code_postal, LOCALITE)
VALUES ('5621D', 'THY-LE-BAUDUIN');
INSERT INTO code_postaux (code_postal, LOCALITE)
VALUES ('5630', 'CERFONTAINE');
INSERT INTO code_postaux (code_postal, LOCALITE)
VALUES ('5630B', 'DAUSSOIS');
INSERT INTO code_postaux (code_postal, LOCALITE)
VALUES ('5630C', 'SENZEILLE');
INSERT INTO code_postaux (code_postal, LOCALITE)
VALUES ('5630D', 'SILENRIEUX');
INSERT INTO code_postaux (code_postal, LOCALITE)
VALUES ('5630E', 'SOUMOY');
INSERT INTO code_postaux (code_postal, LOCALITE)
VALUES ('5630F', 'VILLERS-DEUX-EGLISES');
INSERT INTO code_postaux (code_postal, LOCALITE)
VALUES ('5640', 'METTET');
INSERT INTO code_postaux (code_postal, LOCALITE)
VALUES ('5640B', 'BIESME');
INSERT INTO code_postaux (code_postal, LOCALITE)
VALUES ('5640C', 'BIESMEREE');
INSERT INTO code_postaux (code_postal, LOCALITE)
VALUES ('5640D', 'GRAUX');
INSERT INTO code_postaux (code_postal, LOCALITE)
VALUES ('5640E', 'ORET');
INSERT INTO code_postaux (code_postal, LOCALITE)
VALUES ('5640F', 'SAINT-GERARD');
INSERT INTO code_postaux (code_postal, LOCALITE)
VALUES ('5641', 'FURNAUX');
INSERT INTO code_postaux (code_postal, LOCALITE)
VALUES ('5644', 'ERMETON-SUR-BIERT');
COMMIT;
INSERT INTO code_postaux (code_postal, LOCALITE)
VALUES ('5646', 'STAVE');
INSERT INTO code_postaux (code_postal, LOCALITE)
VALUES ('5650', 'WALCOURT');
INSERT INTO code_postaux (code_postal, LOCALITE)
VALUES ('5650B', 'CASTILLON');
INSERT INTO code_postaux (code_postal, LOCALITE)
VALUES ('5650C', 'CHASTRES');
INSERT INTO code_postaux (code_postal, LOCALITE)
VALUES ('5650D', 'CLERMONT (NAM.)');
INSERT INTO code_postaux (code_postal, LOCALITE)
VALUES ('5650E', 'FONTENELLE');
INSERT INTO code_postaux (code_postal, LOCALITE)
VALUES ('5650F', 'FRAIRE');
INSERT INTO code_postaux (code_postal, LOCALITE)
VALUES ('5650G', 'PRY');
INSERT INTO code_postaux (code_postal, LOCALITE)
VALUES ('5650H', 'VOGENEE');
INSERT INTO code_postaux (code_postal, LOCALITE)
VALUES ('5650I', 'YVES-GOMEZEE');
INSERT INTO code_postaux (code_postal, LOCALITE)
VALUES ('5651', 'BERZEE');
INSERT INTO code_postaux (code_postal, LOCALITE)
VALUES ('5651B', 'GOURDINNE');
INSERT INTO code_postaux (code_postal, LOCALITE)
VALUES ('5651C', 'LANEFFE');
INSERT INTO code_postaux (code_postal, LOCALITE)
VALUES ('5651D', 'ROGNEE');
INSERT INTO code_postaux (code_postal, LOCALITE)
VALUES ('5651E', 'SOMZEE');
INSERT INTO code_postaux (code_postal, LOCALITE)
VALUES ('5651F', 'TARCIENNE');
INSERT INTO code_postaux (code_postal, LOCALITE)
VALUES ('5651G', 'THY-LE-CHATEAU');
INSERT INTO code_postaux (code_postal, LOCALITE)
VALUES ('5660', 'COUVIN');
INSERT INTO code_postaux (code_postal, LOCALITE)
VALUES ('5660B', 'AUBLAIN');
INSERT INTO code_postaux (code_postal, LOCALITE)
VALUES ('5660C', 'BOUSSU-EN-FAGNE');
INSERT INTO code_postaux (code_postal, LOCALITE)
VALUES ('5660D', 'BRULY');
INSERT INTO code_postaux (code_postal, LOCALITE)
VALUES ('5660E', 'BRULY-DE-PESCHE');
INSERT INTO code_postaux (code_postal, LOCALITE)
VALUES ('5660F', 'CUL-DES-SARTS');
INSERT INTO code_postaux (code_postal, LOCALITE)
VALUES ('5660G', 'DAILLY');
INSERT INTO code_postaux (code_postal, LOCALITE)
VALUES ('5660H', 'FRASNES (NAM.)');
INSERT INTO code_postaux (code_postal, LOCALITE)
VALUES ('5660I', 'GONRIEUX');
INSERT INTO code_postaux (code_postal, LOCALITE)
VALUES ('5660J', 'MARIEMBOURG');
INSERT INTO code_postaux (code_postal, LOCALITE)
VALUES ('5660K', 'PESCHE');
INSERT INTO code_postaux (code_postal, LOCALITE)
VALUES ('5660L', 'PETIGNY');
INSERT INTO code_postaux (code_postal, LOCALITE)
VALUES ('5660M', 'PETITE-CHAPELLE');
INSERT INTO code_postaux (code_postal, LOCALITE)
VALUES ('5660N', 'PRESGAUX');
INSERT INTO code_postaux (code_postal, LOCALITE)
VALUES ('5670', 'VIROINVAL');
INSERT INTO code_postaux (code_postal, LOCALITE)
VALUES ('5670B', 'DOURBES');
INSERT INTO code_postaux (code_postal, LOCALITE)
VALUES ('5670C', 'LE MESNIL');
INSERT INTO code_postaux (code_postal, LOCALITE)
VALUES ('5670D', 'MAZEE');
INSERT INTO code_postaux (code_postal, LOCALITE)
VALUES ('5670E', 'NISMES');
INSERT INTO code_postaux (code_postal, LOCALITE)
VALUES ('5670F', 'OIGNIES-EN-THIERACHE');
INSERT INTO code_postaux (code_postal, LOCALITE)
VALUES ('5670G', 'OLLOY-SUR-VIROIN');
INSERT INTO code_postaux (code_postal, LOCALITE)
VALUES ('5670H', 'TREIGNES');
INSERT INTO code_postaux (code_postal, LOCALITE)
VALUES ('5670I', 'VIERVES-SUR-VIROIN');
INSERT INTO code_postaux (code_postal, LOCALITE)
VALUES ('5680', 'DOISCHE');
INSERT INTO code_postaux (code_postal, LOCALITE)
VALUES ('5680B', 'GIMNEE');
INSERT INTO code_postaux (code_postal, LOCALITE)
VALUES ('5680C', 'GOCHENEE');
INSERT INTO code_postaux (code_postal, LOCALITE)
VALUES ('5680D', 'MATAGNE-LA-GRANDE');
INSERT INTO code_postaux (code_postal, LOCALITE)
VALUES ('5680E', 'MATAGNE-LA-PETITE');
INSERT INTO code_postaux (code_postal, LOCALITE)
VALUES ('5680F', 'NIVERLEE');
INSERT INTO code_postaux (code_postal, LOCALITE)
VALUES ('5680G', 'ROMEREE');
INSERT INTO code_postaux (code_postal, LOCALITE)
VALUES ('5680H', 'SOULME');
INSERT INTO code_postaux (code_postal, LOCALITE)
VALUES ('5680I', 'VAUCELLES');
INSERT INTO code_postaux (code_postal, LOCALITE)
VALUES ('5680J', 'VODELEE');
INSERT INTO code_postaux (code_postal, LOCALITE)
VALUES ('59000', 'LILLE');
INSERT INTO code_postaux (code_postal, LOCALITE)
VALUES ('59100', 'ROUBAIX');
INSERT INTO code_postaux (code_postal, LOCALITE)
VALUES ('59154', 'CRESPIN - FRANCE');
INSERT INTO code_postaux (code_postal, LOCALITE)
VALUES ('59170', 'CROIX');
INSERT INTO code_postaux (code_postal, LOCALITE)
VALUES ('59700', 'MARQ-EN-BAROEUL');
INSERT INTO code_postaux (code_postal, LOCALITE)
VALUES ('59710', 'AVELIN (FRANCE)');
INSERT INTO code_postaux (code_postal, LOCALITE)
VALUES ('6000', 'CHARLEROI');
INSERT INTO code_postaux (code_postal, LOCALITE)
VALUES ('6001', 'MARCINELLE');
INSERT INTO code_postaux (code_postal, LOCALITE)
VALUES ('6010', 'COUILLET');
INSERT INTO code_postaux (code_postal, LOCALITE)
VALUES ('7870D', 'LOMBISE');
INSERT INTO code_postaux (code_postal, LOCALITE)
VALUES ('7870E', 'MONTIGNIES-LEZ-LENS');
INSERT INTO code_postaux (code_postal, LOCALITE)
VALUES ('7880', 'FLOBECQ');
INSERT INTO code_postaux (code_postal, LOCALITE)
VALUES ('7880B', 'VLOESBERG');
INSERT INTO code_postaux (code_postal, LOCALITE)
VALUES ('7890', 'ELLEZELLES');
INSERT INTO code_postaux (code_postal, LOCALITE)
VALUES ('7890B', 'LAHAMAIDE');
INSERT INTO code_postaux (code_postal, LOCALITE)
VALUES ('7890C', 'WODECQ');
INSERT INTO code_postaux (code_postal, LOCALITE)
VALUES ('7900', 'LEUZE-EN-HAINAUT');
INSERT INTO code_postaux (code_postal, LOCALITE)
VALUES ('7900B', 'GRANDMETZ');
INSERT INTO code_postaux (code_postal, LOCALITE)
VALUES ('7901', 'THIEULAIN');
INSERT INTO code_postaux (code_postal, LOCALITE)
VALUES ('7903', 'BLICQUY');
INSERT INTO code_postaux (code_postal, LOCALITE)
VALUES ('7903B', 'CHAPELLE-A-OIE');
INSERT INTO code_postaux (code_postal, LOCALITE)
VALUES ('7903C', 'CHAPELLE-A-WATTINES');
INSERT INTO code_postaux (code_postal, LOCALITE)
VALUES ('7904', 'PIPAIX');
INSERT INTO code_postaux (code_postal, LOCALITE)
VALUES ('7904B', 'TOURPES');
INSERT INTO code_postaux (code_postal, LOCALITE)
VALUES ('7904C', 'WILLAUPUIS');
INSERT INTO code_postaux (code_postal, LOCALITE)
VALUES ('7906', 'GALLAIX');
INSERT INTO code_postaux (code_postal, LOCALITE)
VALUES ('7910', 'FRASNES-LEZ-ANVAING');
INSERT INTO code_postaux (code_postal, LOCALITE)
VALUES ('7910B', 'ANVAING');
INSERT INTO code_postaux (code_postal, LOCALITE)
VALUES ('7910C', 'ARC-AINIERES');
INSERT INTO code_postaux (code_postal, LOCALITE)
VALUES ('7910D', 'ARC-WATTRIPONT');
INSERT INTO code_postaux (code_postal, LOCALITE)
VALUES ('7910E', 'CORDES');
INSERT INTO code_postaux (code_postal, LOCALITE)
VALUES ('7910F', 'ELLIGNIES-LEZ-FRASNES');
INSERT INTO code_postaux (code_postal, LOCALITE)
VALUES ('7910G', 'FOREST (HT.)');
INSERT INTO code_postaux (code_postal, LOCALITE)
VALUES ('7910H', 'WATTRIPONT');
INSERT INTO code_postaux (code_postal, LOCALITE)
VALUES ('7911', 'BUISSENAL');
INSERT INTO code_postaux (code_postal, LOCALITE)
VALUES ('7911B', 'FRASNES-LEZ-BUISSENAL');
INSERT INTO code_postaux (code_postal, LOCALITE)
VALUES ('7911C', 'HACQUEGNIES');
INSERT INTO code_postaux (code_postal, LOCALITE)
VALUES ('7911D', 'HERQUEGIES');
INSERT INTO code_postaux (code_postal, LOCALITE)
VALUES ('7911E', 'MONTROEUL-AU-BOIS');
INSERT INTO code_postaux (code_postal, LOCALITE)
VALUES ('7911F', 'MOUSTIER (HT.)');
INSERT INTO code_postaux (code_postal, LOCALITE)
VALUES ('7911G', 'OEUDEGHIEN');
INSERT INTO code_postaux (code_postal, LOCALITE)
VALUES ('7912', 'DERGNEAU');
INSERT INTO code_postaux (code_postal, LOCALITE)
VALUES ('7912B', 'SAINT-SAUVEUR');
INSERT INTO code_postaux (code_postal, LOCALITE)
VALUES ('7940', 'BRUGELETTE');
INSERT INTO code_postaux (code_postal, LOCALITE)
VALUES ('7940B', 'CAMBRON-CASTEAU');
INSERT INTO code_postaux (code_postal, LOCALITE)
VALUES ('7941', 'ATTRE');
INSERT INTO code_postaux (code_postal, LOCALITE)
VALUES ('7942', 'MEVERGNIES-LEZ-LENS');
INSERT INTO code_postaux (code_postal, LOCALITE)
VALUES ('7943', 'GAGES');
INSERT INTO code_postaux (code_postal, LOCALITE)
VALUES ('7950', 'CHIEVRES');
INSERT INTO code_postaux (code_postal, LOCALITE)
VALUES ('7950B', 'GROSAGE');
COMMIT;
INSERT INTO code_postaux (code_postal, LOCALITE)
VALUES ('7950C', 'HUISSIGNIES');
INSERT INTO code_postaux (code_postal, LOCALITE)
VALUES ('7950D', 'LADEUZE');
INSERT INTO code_postaux (code_postal, LOCALITE)
VALUES ('7950E', 'TONGRE-SAINT-MARTIN');
INSERT INTO code_postaux (code_postal, LOCALITE)
VALUES ('7951', 'TONGRE-NOTRE-DAME');
INSERT INTO code_postaux (code_postal, LOCALITE)
VALUES ('7970', 'BELOEIL');
INSERT INTO code_postaux (code_postal, LOCALITE)
VALUES ('7971', 'BASECLES');
INSERT INTO code_postaux (code_postal, LOCALITE)
VALUES ('7971B', 'RAMEGNIES');
INSERT INTO code_postaux (code_postal, LOCALITE)
VALUES ('7971C', 'THUMAIDE');
INSERT INTO code_postaux (code_postal, LOCALITE)
VALUES ('7971D', 'WADELINCOURT');
INSERT INTO code_postaux (code_postal, LOCALITE)
VALUES ('7972', 'AUBECHIES');
INSERT INTO code_postaux (code_postal, LOCALITE)
VALUES ('7972B', 'ELLIGNIES-SAINTE-ANNE');
INSERT INTO code_postaux (code_postal, LOCALITE)
VALUES ('7972C', 'QUEVAUCAMPS');
INSERT INTO code_postaux (code_postal, LOCALITE)
VALUES ('7973', 'GRANDGLISE');
INSERT INTO code_postaux (code_postal, LOCALITE)
VALUES ('7973B', 'STAMBRUGES');
INSERT INTO code_postaux (code_postal, LOCALITE)
VALUES ('8000', 'BRUGES');
INSERT INTO code_postaux (code_postal, LOCALITE)
VALUES ('8000B', 'BRUGGE');
INSERT INTO code_postaux (code_postal, LOCALITE)
VALUES ('8000C', 'KOOLKERKE');
INSERT INTO code_postaux (code_postal, LOCALITE)
VALUES ('8020', 'OOSTKAMP');
INSERT INTO code_postaux (code_postal, LOCALITE)
VALUES ('8020B', 'HERTSBERGE');
INSERT INTO code_postaux (code_postal, LOCALITE)
VALUES ('8020C', 'RUDDERVOORDE');
INSERT INTO code_postaux (code_postal, LOCALITE)
VALUES ('8020D', 'WAARDAMME');
INSERT INTO code_postaux (code_postal, LOCALITE)
VALUES ('8200', 'SINT-ANDRIES');
INSERT INTO code_postaux (code_postal, LOCALITE)
VALUES ('8200B', 'SINT-MICHIELS');
INSERT INTO code_postaux (code_postal, LOCALITE)
VALUES ('8210', 'ZEDELGEM');
INSERT INTO code_postaux (code_postal, LOCALITE)
VALUES ('8210B', 'LOPPEM');
INSERT INTO code_postaux (code_postal, LOCALITE)
VALUES ('8210C', 'VELDEGEM');
INSERT INTO code_postaux (code_postal, LOCALITE)
VALUES ('8211', 'AARTRIJKE');
INSERT INTO code_postaux (code_postal, LOCALITE)
VALUES ('8281', 'KEHLEN (LUX)');
INSERT INTO code_postaux (code_postal, LOCALITE)
VALUES ('8300', 'KNOKKE-HEIST');
INSERT INTO code_postaux (code_postal, LOCALITE)
VALUES ('8300B', 'KNOKKE');
INSERT INTO code_postaux (code_postal, LOCALITE)
VALUES ('8300C', 'WESTKAPELLE');
INSERT INTO code_postaux (code_postal, LOCALITE)
VALUES ('8301', 'HEIST-AAN-ZEE');
INSERT INTO code_postaux (code_postal, LOCALITE)
VALUES ('8301B', 'RAMSKAPELLE (KNOKKE-HEIST)');
INSERT INTO code_postaux (code_postal, LOCALITE)
VALUES ('8310', 'SINT-KRUIS (BRUGGE)');
INSERT INTO code_postaux (code_postal, LOCALITE)
VALUES ('8310B', 'ASSEBROEK');
INSERT INTO code_postaux (code_postal, LOCALITE)
VALUES ('8340', 'DAMME');
INSERT INTO code_postaux (code_postal, LOCALITE)
VALUES ('8340B', 'HOEKE');
INSERT INTO code_postaux (code_postal, LOCALITE)
VALUES ('8340C', 'LAPSCHEURE');
INSERT INTO code_postaux (code_postal, LOCALITE)
VALUES ('8340D', 'MOERKERKE');
INSERT INTO code_postaux (code_postal, LOCALITE)
VALUES ('8340E', 'OOSTKERKE (DAMME)');
INSERT INTO code_postaux (code_postal, LOCALITE)
VALUES ('8340F', 'SIJSELE');
INSERT INTO code_postaux (code_postal, LOCALITE)
VALUES ('8370', 'BLANKENBERGE');
INSERT INTO code_postaux (code_postal, LOCALITE)
VALUES ('8370B', 'UITKERKE');
INSERT INTO code_postaux (code_postal, LOCALITE)
VALUES ('8377', 'ZUIENKERKE');
INSERT INTO code_postaux (code_postal, LOCALITE)
VALUES ('8377B', 'HOUTAVE');
INSERT INTO code_postaux (code_postal, LOCALITE)
VALUES ('8377C', 'MEETKERKE');
INSERT INTO code_postaux (code_postal, LOCALITE)
VALUES ('8377D', 'NIEUWMUNSTER');
INSERT INTO code_postaux (code_postal, LOCALITE)
VALUES ('8380', 'ZEEBRUGGE (BRUGGE)');
INSERT INTO code_postaux (code_postal, LOCALITE)
VALUES ('8380B', 'DUDZELE');
INSERT INTO code_postaux (code_postal, LOCALITE)
VALUES ('8380C', 'LISSEWEGE');
INSERT INTO code_postaux (code_postal, LOCALITE)
VALUES ('8395', 'SEPTFONTAINES');
INSERT INTO code_postaux (code_postal, LOCALITE)
VALUES ('8400', 'OSTENDE');
INSERT INTO code_postaux (code_postal, LOCALITE)
VALUES ('8400B', 'OOSTENDE');
INSERT INTO code_postaux (code_postal, LOCALITE)
VALUES ('8400C', 'STENE');
INSERT INTO code_postaux (code_postal, LOCALITE)
VALUES ('8400D', 'ZANDVOORDE (OOSTENDE)');
INSERT INTO code_postaux (code_postal, LOCALITE)
VALUES ('8420', 'DE HAAN');
INSERT INTO code_postaux (code_postal, LOCALITE)
VALUES ('8420B', 'KLEMSKERKE');
INSERT INTO code_postaux (code_postal, LOCALITE)
VALUES ('8420C', 'WENDUINE');
INSERT INTO code_postaux (code_postal, LOCALITE)
VALUES ('8421', 'VLISSEGEM');
INSERT INTO code_postaux (code_postal, LOCALITE)
VALUES ('8430', 'MIDDELKERKE');
INSERT INTO code_postaux (code_postal, LOCALITE)
VALUES ('8431', 'WILSKERKE');
INSERT INTO code_postaux (code_postal, LOCALITE)
VALUES ('8432', 'LEFFINGE');
INSERT INTO code_postaux (code_postal, LOCALITE)
VALUES ('8433', 'MANNEKENSVERE');
INSERT INTO code_postaux (code_postal, LOCALITE)
VALUES ('8433B', 'SCHORE');
INSERT INTO code_postaux (code_postal, LOCALITE)
VALUES ('8433C', 'SINT-PIETERS-KAPELLE (W.-VL.)');
INSERT INTO code_postaux (code_postal, LOCALITE)
VALUES ('8433D', 'SLIJPE');
INSERT INTO code_postaux (code_postal, LOCALITE)
VALUES ('8433E', 'SPERMALIE');
INSERT INTO code_postaux (code_postal, LOCALITE)
VALUES ('8434', 'LOMBARDSIJDE');
INSERT INTO code_postaux (code_postal, LOCALITE)
VALUES ('8434B', 'WESTENDE');
INSERT INTO code_postaux (code_postal, LOCALITE)
VALUES ('8450', 'BREDENE');
INSERT INTO code_postaux (code_postal, LOCALITE)
VALUES ('8460', 'OUDENBURG');
INSERT INTO code_postaux (code_postal, LOCALITE)
VALUES ('8460B', 'ETTELGEM');
INSERT INTO code_postaux (code_postal, LOCALITE)
VALUES ('8460C', 'ROKSEM');
INSERT INTO code_postaux (code_postal, LOCALITE)
VALUES ('8460D', 'WESTKERKE');
INSERT INTO code_postaux (code_postal, LOCALITE)
VALUES ('8470', 'GISTEL');
INSERT INTO code_postaux (code_postal, LOCALITE)
VALUES ('8470B', 'MOERE');
INSERT INTO code_postaux (code_postal, LOCALITE)
VALUES ('8470C', 'SNAASKERKE');
INSERT INTO code_postaux (code_postal, LOCALITE)
VALUES ('8470D', 'ZEVEKOTE');
INSERT INTO code_postaux (code_postal, LOCALITE)
VALUES ('8480', 'ICHTEGEM');
INSERT INTO code_postaux (code_postal, LOCALITE)
VALUES ('8480B', 'BEKEGEM');
INSERT INTO code_postaux (code_postal, LOCALITE)
VALUES ('8480C', 'EERNEGEM');
INSERT INTO code_postaux (code_postal, LOCALITE)
VALUES ('8490', 'JABBEKE');
INSERT INTO code_postaux (code_postal, LOCALITE)
VALUES ('8490B', 'SNELLEGEM');
INSERT INTO code_postaux (code_postal, LOCALITE)
VALUES ('8490C', 'STALHILLE');
INSERT INTO code_postaux (code_postal, LOCALITE)
VALUES ('8490D', 'VARSENARE');
INSERT INTO code_postaux (code_postal, LOCALITE)
VALUES ('8490E', 'ZERKEGEM');
INSERT INTO code_postaux (code_postal, LOCALITE)
VALUES ('8500', 'COURTRAI');
INSERT INTO code_postaux (code_postal, LOCALITE)
VALUES ('8500B', 'KORTRIJK');
INSERT INTO code_postaux (code_postal, LOCALITE)
VALUES ('8501', 'BISSEGEM');
INSERT INTO code_postaux (code_postal, LOCALITE)
VALUES ('8501B', 'HEULE');
INSERT INTO code_postaux (code_postal, LOCALITE)
VALUES ('8510', 'MARKE (KORTRIJK)');
INSERT INTO code_postaux (code_postal, LOCALITE)
VALUES ('8510B', 'BELLEGEM');
INSERT INTO code_postaux (code_postal, LOCALITE)
VALUES ('8510C', 'KOOIGEM');
INSERT INTO code_postaux (code_postal, LOCALITE)
VALUES ('8510D', 'ROLLEGEM');
INSERT INTO code_postaux (code_postal, LOCALITE)
VALUES ('8511', 'AALBEKE');
INSERT INTO code_postaux (code_postal, LOCALITE)
VALUES ('8520', 'KUURNE');
INSERT INTO code_postaux (code_postal, LOCALITE)
VALUES ('8530', 'HARELBEKE');
INSERT INTO code_postaux (code_postal, LOCALITE)
VALUES ('8531', 'BAVIKHOVE');
INSERT INTO code_postaux (code_postal, LOCALITE)
VALUES ('8531B', 'HULSTE');
INSERT INTO code_postaux (code_postal, LOCALITE)
VALUES ('8540', 'DEERLIJK');
COMMIT;
INSERT INTO code_postaux (code_postal, LOCALITE)
VALUES ('8550', 'ZWEVEGEM');
INSERT INTO code_postaux (code_postal, LOCALITE)
VALUES ('8551', 'HEESTERT');
INSERT INTO code_postaux (code_postal, LOCALITE)
VALUES ('8552', 'MOEN');
INSERT INTO code_postaux (code_postal, LOCALITE)
VALUES ('8553', 'OTEGEM');
INSERT INTO code_postaux (code_postal, LOCALITE)
VALUES ('8554', 'SINT-DENIJS');
INSERT INTO code_postaux (code_postal, LOCALITE)
VALUES ('8560', 'WEVELGEM');
INSERT INTO code_postaux (code_postal, LOCALITE)
VALUES ('8560B', 'GULLEGEM');
INSERT INTO code_postaux (code_postal, LOCALITE)
VALUES ('8560C', 'MOORSELE');
INSERT INTO code_postaux (code_postal, LOCALITE)
VALUES ('8570', 'ANZEGEM');
INSERT INTO code_postaux (code_postal, LOCALITE)
VALUES ('8570B', 'GIJZELBRECHTEGEM');
INSERT INTO code_postaux (code_postal, LOCALITE)
VALUES ('8570C', 'INGOOIGEM');
INSERT INTO code_postaux (code_postal, LOCALITE)
VALUES ('8570D', 'VICHTE');
INSERT INTO code_postaux (code_postal, LOCALITE)
VALUES ('8570E', 'WORTEGEM-PETEGEM');
INSERT INTO code_postaux (code_postal, LOCALITE)
VALUES ('8572', 'KASTER');
INSERT INTO code_postaux (code_postal, LOCALITE)
VALUES ('8573', 'TIEGEM');
INSERT INTO code_postaux (code_postal, LOCALITE)
VALUES ('8580', 'AVELGEM');
INSERT INTO code_postaux (code_postal, LOCALITE)
VALUES ('8581', 'KERKHOVE');
INSERT INTO code_postaux (code_postal, LOCALITE)
VALUES ('8581B', 'WAARMAARDE');
INSERT INTO code_postaux (code_postal, LOCALITE)
VALUES ('8582', 'OUTRIJVE');
INSERT INTO code_postaux (code_postal, LOCALITE)
VALUES ('8583', 'BOSSUIT');
INSERT INTO code_postaux (code_postal, LOCALITE)
VALUES ('8587', 'ESPIERRES-HELCHIN');
INSERT INTO code_postaux (code_postal, LOCALITE)
VALUES ('8587B', 'ESPIERRES');
INSERT INTO code_postaux (code_postal, LOCALITE)
VALUES ('8587C', 'HELCHIN');
INSERT INTO code_postaux (code_postal, LOCALITE)
VALUES ('8587D', 'SPIERE-HELKIJN');
INSERT INTO code_postaux (code_postal, LOCALITE)
VALUES ('8587E', 'HELKIJN');
INSERT INTO code_postaux (code_postal, LOCALITE)
VALUES ('8587F', 'SPIERE');
INSERT INTO code_postaux (code_postal, LOCALITE)
VALUES ('8600', 'DIXMUDE');
INSERT INTO code_postaux (code_postal, LOCALITE)
VALUES ('8600B', 'DIKSMUIDE');
INSERT INTO code_postaux (code_postal, LOCALITE)
VALUES ('8600C', 'BEERST');
INSERT INTO code_postaux (code_postal, LOCALITE)
VALUES ('8600D', 'DRIEKAPELLEN');
INSERT INTO code_postaux (code_postal, LOCALITE)
VALUES ('8600E', 'ESEN');
INSERT INTO code_postaux (code_postal, LOCALITE)
VALUES ('8600F', 'KAASKERKE');
INSERT INTO code_postaux (code_postal, LOCALITE)
VALUES ('8600G', 'KEIEM');
INSERT INTO code_postaux (code_postal, LOCALITE)
VALUES ('8600H', 'LAMPERNISSE');
INSERT INTO code_postaux (code_postal, LOCALITE)
VALUES ('8600I', 'LEKE');
INSERT INTO code_postaux (code_postal, LOCALITE)
VALUES ('8600J', 'NIEUWKAPELLE');
INSERT INTO code_postaux (code_postal, LOCALITE)
VALUES ('8600K', 'OOSTKERKE (DIKSMUIDE)');
INSERT INTO code_postaux (code_postal, LOCALITE)
VALUES ('8600L', 'OUDEKAPELLE');
INSERT INTO code_postaux (code_postal, LOCALITE)
VALUES ('8600M', 'PERVIJZE');
INSERT INTO code_postaux (code_postal, LOCALITE)
VALUES ('8600N', 'SINT-JACOBS-KAPELLE');
INSERT INTO code_postaux (code_postal, LOCALITE)
VALUES ('8600O', 'STUIVEKENSKERKE');
INSERT INTO code_postaux (code_postal, LOCALITE)
VALUES ('8600P', 'VLADSLO');
INSERT INTO code_postaux (code_postal, LOCALITE)
VALUES ('8600Q', 'WOUMEN');
INSERT INTO code_postaux (code_postal, LOCALITE)
VALUES ('8610', 'KORTEMARK');
INSERT INTO code_postaux (code_postal, LOCALITE)
VALUES ('8610B', 'HANDZAME');
INSERT INTO code_postaux (code_postal, LOCALITE)
VALUES ('8610C', 'WERKEN');
INSERT INTO code_postaux (code_postal, LOCALITE)
VALUES ('8610D', 'ZARREN');
INSERT INTO code_postaux (code_postal, LOCALITE)
VALUES ('8620', 'NIEUPORT');
INSERT INTO code_postaux (code_postal, LOCALITE)
VALUES ('8620B', 'NIEUWPOORT');
INSERT INTO code_postaux (code_postal, LOCALITE)
VALUES ('8620C', 'RAMSKAPELLE (NIEUWPOORT)');
INSERT INTO code_postaux (code_postal, LOCALITE)
VALUES ('8620D', 'SINT-JORIS (NIEUWPOORT)');
INSERT INTO code_postaux (code_postal, LOCALITE)
VALUES ('8630', 'FURNES');
INSERT INTO code_postaux (code_postal, LOCALITE)
VALUES ('8630B', 'VEURNE');
INSERT INTO code_postaux (code_postal, LOCALITE)
VALUES ('8630C', 'AVEKAPELLE');
INSERT INTO code_postaux (code_postal, LOCALITE)
VALUES ('8630D', 'BEAUVOORDE');
INSERT INTO code_postaux (code_postal, LOCALITE)
VALUES ('8630E', 'BOOITSHOEKE');
INSERT INTO code_postaux (code_postal, LOCALITE)
VALUES ('8630F', 'BULSKAMP');
INSERT INTO code_postaux (code_postal, LOCALITE)
VALUES ('8630G', 'DE MOEREN');
INSERT INTO code_postaux (code_postal, LOCALITE)
VALUES ('8630H', 'EGGEWAARTSKAPELLE');
INSERT INTO code_postaux (code_postal, LOCALITE)
VALUES ('8630I', 'HOUTEM (W.-VL.)');
INSERT INTO code_postaux (code_postal, LOCALITE)
VALUES ('8630J', 'STEENKERKE (W.-VL.)');
INSERT INTO code_postaux (code_postal, LOCALITE)
VALUES ('8630K', 'VINKEM');
INSERT INTO code_postaux (code_postal, LOCALITE)
VALUES ('8630L', 'WULVERINGEM');
INSERT INTO code_postaux (code_postal, LOCALITE)
VALUES ('8630M', 'ZOUTENAAIE');
INSERT INTO code_postaux (code_postal, LOCALITE)
VALUES ('8640', 'VLETEREN');
INSERT INTO code_postaux (code_postal, LOCALITE)
VALUES ('8640B', 'OOSTVLETEREN');
INSERT INTO code_postaux (code_postal, LOCALITE)
VALUES ('8640C', 'WESTVLETEREN');
INSERT INTO code_postaux (code_postal, LOCALITE)
VALUES ('8640D', 'WOESTEN');
INSERT INTO code_postaux (code_postal, LOCALITE)
VALUES ('8647', 'LO-RENINGE');
INSERT INTO code_postaux (code_postal, LOCALITE)
VALUES ('8647B', 'LO');
INSERT INTO code_postaux (code_postal, LOCALITE)
VALUES ('8647C', 'NOORDSCHOTE');
INSERT INTO code_postaux (code_postal, LOCALITE)
VALUES ('8647D', 'POLLINKHOVE');
INSERT INTO code_postaux (code_postal, LOCALITE)
VALUES ('8647E', 'RENINGE');
INSERT INTO code_postaux (code_postal, LOCALITE)
VALUES ('8650', 'HOUTHULST');
INSERT INTO code_postaux (code_postal, LOCALITE)
VALUES ('8650B', 'KLERKEN');
INSERT INTO code_postaux (code_postal, LOCALITE)
VALUES ('8650C', 'MERKEM');
INSERT INTO code_postaux (code_postal, LOCALITE)
VALUES ('8660', 'DE PANNE');
INSERT INTO code_postaux (code_postal, LOCALITE)
VALUES ('8660B', 'ADINKERKE');
INSERT INTO code_postaux (code_postal, LOCALITE)
VALUES ('8670', 'KOKSIJDE');
INSERT INTO code_postaux (code_postal, LOCALITE)
VALUES ('8670B', 'OOSTDUINKERKE');
INSERT INTO code_postaux (code_postal, LOCALITE)
VALUES ('8670C', 'WULPEN');
INSERT INTO code_postaux (code_postal, LOCALITE)
VALUES ('8680', 'KOEKELARE');
INSERT INTO code_postaux (code_postal, LOCALITE)
VALUES ('8680B', 'BOVEKERKE');
INSERT INTO code_postaux (code_postal, LOCALITE)
VALUES ('8680C', 'ZANDE');
INSERT INTO code_postaux (code_postal, LOCALITE)
VALUES ('8690', 'ALVERINGEM');
INSERT INTO code_postaux (code_postal, LOCALITE)
VALUES ('8690B', 'HOOGSTADE');
INSERT INTO code_postaux (code_postal, LOCALITE)
VALUES ('8690C', 'OEREN');
INSERT INTO code_postaux (code_postal, LOCALITE)
VALUES ('8690D', 'SINT-RIJKERS');
INSERT INTO code_postaux (code_postal, LOCALITE)
VALUES ('8691', 'BEVEREN-AAN-DEN-IJZER');
INSERT INTO code_postaux (code_postal, LOCALITE)
VALUES ('8691B', 'GIJVERINKHOVE');
INSERT INTO code_postaux (code_postal, LOCALITE)
VALUES ('8691C', 'IZENBERGE');
INSERT INTO code_postaux (code_postal, LOCALITE)
VALUES ('8691D', 'LEISELE');
INSERT INTO code_postaux (code_postal, LOCALITE)
VALUES ('8691E', 'STAVELE');
INSERT INTO code_postaux (code_postal, LOCALITE)
VALUES ('8700', 'TIELT');
INSERT INTO code_postaux (code_postal, LOCALITE)
VALUES ('8700B', 'AARSELE');
INSERT INTO code_postaux (code_postal, LOCALITE)
VALUES ('8700C', 'KANEGEM');
INSERT INTO code_postaux (code_postal, LOCALITE)
VALUES ('8700D', 'SCHUIFERSKAPELLE');
INSERT INTO code_postaux (code_postal, LOCALITE)
VALUES ('8710', 'WIELSBEKE');
INSERT INTO code_postaux (code_postal, LOCALITE)
VALUES ('8710B', 'OOIGEM');
INSERT INTO code_postaux (code_postal, LOCALITE)
VALUES ('8710C', 'SINT-BAAFS-VIJVE');
COMMIT;
INSERT INTO code_postaux (code_postal, LOCALITE)
VALUES ('8720', 'DENTERGEM');
INSERT INTO code_postaux (code_postal, LOCALITE)
VALUES ('8720B', 'MARKEGEM');
INSERT INTO code_postaux (code_postal, LOCALITE)
VALUES ('8720C', 'OESELGEM');
INSERT INTO code_postaux (code_postal, LOCALITE)
VALUES ('8720D', 'WAKKEN');
INSERT INTO code_postaux (code_postal, LOCALITE)
VALUES ('8730', 'BEERNEM');
INSERT INTO code_postaux (code_postal, LOCALITE)
VALUES ('8730B', 'OEDELEM');
INSERT INTO code_postaux (code_postal, LOCALITE)
VALUES ('8730C', 'SINT-JORIS (BEERNEM)');
INSERT INTO code_postaux (code_postal, LOCALITE)
VALUES ('8740', 'PITTEM');
INSERT INTO code_postaux (code_postal, LOCALITE)
VALUES ('8740B', 'EGEM');
INSERT INTO code_postaux (code_postal, LOCALITE)
VALUES ('8750', 'WINGENE');
INSERT INTO code_postaux (code_postal, LOCALITE)
VALUES ('8750B', 'ZWEVEZELE');
INSERT INTO code_postaux (code_postal, LOCALITE)
VALUES ('8755', 'RUISELEDE');
INSERT INTO code_postaux (code_postal, LOCALITE)
VALUES ('8760', 'MEULEBEKE');
INSERT INTO code_postaux (code_postal, LOCALITE)
VALUES ('8770', 'INGELMUNSTER');
INSERT INTO code_postaux (code_postal, LOCALITE)
VALUES ('8780', 'OOSTROZEBEKE');
INSERT INTO code_postaux (code_postal, LOCALITE)
VALUES ('8790', 'WAREGEM');
INSERT INTO code_postaux (code_postal, LOCALITE)
VALUES ('8791', 'BEVEREN (LEIE)');
INSERT INTO code_postaux (code_postal, LOCALITE)
VALUES ('8792', 'DESSELGEM');
INSERT INTO code_postaux (code_postal, LOCALITE)
VALUES ('8793', 'SINT-ELOOIS-VIJVE');
INSERT INTO code_postaux (code_postal, LOCALITE)
VALUES ('8800', 'ROULERS');
INSERT INTO code_postaux (code_postal, LOCALITE)
VALUES ('8800B', 'ROESELARE');
INSERT INTO code_postaux (code_postal, LOCALITE)
VALUES ('8800C', 'BEVEREN (ROESELARE)');
INSERT INTO code_postaux (code_postal, LOCALITE)
VALUES ('8800D', 'OEKENE');
INSERT INTO code_postaux (code_postal, LOCALITE)
VALUES ('8800E', 'RUMBEKE');
INSERT INTO code_postaux (code_postal, LOCALITE)
VALUES ('8810', 'LICHTERVELDE');
INSERT INTO code_postaux (code_postal, LOCALITE)
VALUES ('8820', 'TORHOUT');
INSERT INTO code_postaux (code_postal, LOCALITE)
VALUES ('8830', 'HOOGLEDE');
INSERT INTO code_postaux (code_postal, LOCALITE)
VALUES ('8830B', 'GITS');
INSERT INTO code_postaux (code_postal, LOCALITE)
VALUES ('8840', 'STADEN');
INSERT INTO code_postaux (code_postal, LOCALITE)
VALUES ('8840B', 'OOSTNIEUWKERKE');
INSERT INTO code_postaux (code_postal, LOCALITE)
VALUES ('8840C', 'WESTROZEBEKE');
INSERT INTO code_postaux (code_postal, LOCALITE)
VALUES ('8850', 'ARDOOIE');
INSERT INTO code_postaux (code_postal, LOCALITE)
VALUES ('8851', 'KOOLSKAMP');
INSERT INTO code_postaux (code_postal, LOCALITE)
VALUES ('8860', 'LENDELEDE');
INSERT INTO code_postaux (code_postal, LOCALITE)
VALUES ('8870', 'IZEGEM');
INSERT INTO code_postaux (code_postal, LOCALITE)
VALUES ('8870B', 'EMELGEM');
INSERT INTO code_postaux (code_postal, LOCALITE)
VALUES ('8870C', 'KACHTEM');
INSERT INTO code_postaux (code_postal, LOCALITE)
VALUES ('8880', 'LEDEGEM');
INSERT INTO code_postaux (code_postal, LOCALITE)
VALUES ('8880B', 'ROLLEGEM-KAPELLE');
INSERT INTO code_postaux (code_postal, LOCALITE)
VALUES ('8880C', 'SINT-ELOOIS-WINKEL');
INSERT INTO code_postaux (code_postal, LOCALITE)
VALUES ('8890', 'MOORSLEDE');
INSERT INTO code_postaux (code_postal, LOCALITE)
VALUES ('8890B', 'DADIZELE');
INSERT INTO code_postaux (code_postal, LOCALITE)
VALUES ('8900', 'YPRES');
INSERT INTO code_postaux (code_postal, LOCALITE)
VALUES ('8900B', 'IEPER');
INSERT INTO code_postaux (code_postal, LOCALITE)
VALUES ('8900C', 'BRIELEN');
INSERT INTO code_postaux (code_postal, LOCALITE)
VALUES ('8900D', 'DIKKEBUS');
INSERT INTO code_postaux (code_postal, LOCALITE)
VALUES ('8900E', 'SINT-JAN');
INSERT INTO code_postaux (code_postal, LOCALITE)
VALUES ('8902', 'HOLLEBEKE');
INSERT INTO code_postaux (code_postal, LOCALITE)
VALUES ('8902B', 'VOORMEZELE');
INSERT INTO code_postaux (code_postal, LOCALITE)
VALUES ('8902C', 'ZILLEBEKE');
INSERT INTO code_postaux (code_postal, LOCALITE)
VALUES ('8904', 'BOEZINGE');
INSERT INTO code_postaux (code_postal, LOCALITE)
VALUES ('8904B', 'ZUIDSCHOTE');
INSERT INTO code_postaux (code_postal, LOCALITE)
VALUES ('8906', 'ELVERDINGE');
INSERT INTO code_postaux (code_postal, LOCALITE)
VALUES ('8908', 'VLAMERTINGE');
INSERT INTO code_postaux (code_postal, LOCALITE)
VALUES ('8920', 'LANGEMARK-POELKAPELLE');
INSERT INTO code_postaux (code_postal, LOCALITE)
VALUES ('8920B', 'BIKSCHOTE');
INSERT INTO code_postaux (code_postal, LOCALITE)
VALUES ('8920C', 'LANGEMARK');
INSERT INTO code_postaux (code_postal, LOCALITE)
VALUES ('8920D', 'POELKAPELLE');
INSERT INTO code_postaux (code_postal, LOCALITE)
VALUES ('8930', 'MENIN');
INSERT INTO code_postaux (code_postal, LOCALITE)
VALUES ('8930B', 'MENEN');
INSERT INTO code_postaux (code_postal, LOCALITE)
VALUES ('8930C', 'LAUWE');
INSERT INTO code_postaux (code_postal, LOCALITE)
VALUES ('8930D', 'REKKEM');
INSERT INTO code_postaux (code_postal, LOCALITE)
VALUES ('8940', 'WERVIK');
INSERT INTO code_postaux (code_postal, LOCALITE)
VALUES ('8940B', 'GELUWE');
INSERT INTO code_postaux (code_postal, LOCALITE)
VALUES ('8950', 'NEUVE-EGLISE');
INSERT INTO code_postaux (code_postal, LOCALITE)
VALUES ('8950B', 'HEUVELLAND');
INSERT INTO code_postaux (code_postal, LOCALITE)
VALUES ('8950C', 'NIEUWKERKE');
INSERT INTO code_postaux (code_postal, LOCALITE)
VALUES ('8951', 'DRANOUTER');
INSERT INTO code_postaux (code_postal, LOCALITE)
VALUES ('8952', 'WULVERGEM');
INSERT INTO code_postaux (code_postal, LOCALITE)
VALUES ('8953', 'WIJTSCHATE');
INSERT INTO code_postaux (code_postal, LOCALITE)
VALUES ('8954', 'WESTOUTER');
INSERT INTO code_postaux (code_postal, LOCALITE)
VALUES ('8956', 'KEMMEL');
INSERT INTO code_postaux (code_postal, LOCALITE)
VALUES ('8957', 'MESSINES');
INSERT INTO code_postaux (code_postal, LOCALITE)
VALUES ('8957B', 'MESEN');
INSERT INTO code_postaux (code_postal, LOCALITE)
VALUES ('8958', 'LOKER');
INSERT INTO code_postaux (code_postal, LOCALITE)
VALUES ('8970', 'POPERINGE');
INSERT INTO code_postaux (code_postal, LOCALITE)
VALUES ('8970B', 'RENINGELST');
INSERT INTO code_postaux (code_postal, LOCALITE)
VALUES ('8972', 'KROMBEKE');
INSERT INTO code_postaux (code_postal, LOCALITE)
VALUES ('8972B', 'PROVEN');
INSERT INTO code_postaux (code_postal, LOCALITE)
VALUES ('8972C', 'ROESBRUGGE-HARINGE');
INSERT INTO code_postaux (code_postal, LOCALITE)
VALUES ('8978', 'WATOU');
INSERT INTO code_postaux (code_postal, LOCALITE)
VALUES ('8980', 'ZONNEBEKE');
INSERT INTO code_postaux (code_postal, LOCALITE)
VALUES ('8980B', 'BESELARE');
INSERT INTO code_postaux (code_postal, LOCALITE)
VALUES ('8980C', 'GELUVELD');
INSERT INTO code_postaux (code_postal, LOCALITE)
VALUES ('8980D', 'PASSENDALE');
INSERT INTO code_postaux (code_postal, LOCALITE)
VALUES ('8980E', 'ZANDVOORDE (ZONNEBEKE)');
INSERT INTO code_postaux (code_postal, LOCALITE)
VALUES ('9000', 'GAND');
INSERT INTO code_postaux (code_postal, LOCALITE)
VALUES ('9000B', 'GENT');
INSERT INTO code_postaux (code_postal, LOCALITE)
VALUES ('9030', 'MARIAKERKE (GENT)');
INSERT INTO code_postaux (code_postal, LOCALITE)
VALUES ('9031', 'TRONCHIENNES');
INSERT INTO code_postaux (code_postal, LOCALITE)
VALUES ('9031B', 'DRONGEN');
INSERT INTO code_postaux (code_postal, LOCALITE)
VALUES ('9032', 'WONDELGEM');
INSERT INTO code_postaux (code_postal, LOCALITE)
VALUES ('9040', 'SINT-AMANDSBERG (GENT)');
INSERT INTO code_postaux (code_postal, LOCALITE)
VALUES ('9041', 'OOSTAKKER');
INSERT INTO code_postaux (code_postal, LOCALITE)
VALUES ('9042', 'DESTELDONK');
INSERT INTO code_postaux (code_postal, LOCALITE)
VALUES ('9042B', 'MENDONK');
INSERT INTO code_postaux (code_postal, LOCALITE)
VALUES ('9042C', 'SINT-KRUIS-WINKEL');
INSERT INTO code_postaux (code_postal, LOCALITE)
VALUES ('9050', 'LEDEBERG (GENT)');
INSERT INTO code_postaux (code_postal, LOCALITE)
VALUES ('9050B', 'GENTBRUGGE');
INSERT INTO code_postaux (code_postal, LOCALITE)
VALUES ('9051', 'AFSNEE');
COMMIT;
INSERT INTO code_postaux (code_postal, LOCALITE)
VALUES ('9051B', 'SINT-DENIJS-WESTREM');
INSERT INTO code_postaux (code_postal, LOCALITE)
VALUES ('9052', 'ZWIJNAARDE');
INSERT INTO code_postaux (code_postal, LOCALITE)
VALUES ('9060', 'ZELZATE');
INSERT INTO code_postaux (code_postal, LOCALITE)
VALUES ('9070', 'DESTELBERGEN');
INSERT INTO code_postaux (code_postal, LOCALITE)
VALUES ('9070B', 'HEUSDEN');
INSERT INTO code_postaux (code_postal, LOCALITE)
VALUES ('9080', 'LOCHRISTI');
INSERT INTO code_postaux (code_postal, LOCALITE)
VALUES ('9080B', 'BEERVELDE');
INSERT INTO code_postaux (code_postal, LOCALITE)
VALUES ('9080C', 'ZAFFELARE');
INSERT INTO code_postaux (code_postal, LOCALITE)
VALUES ('9080D', 'ZEVENEKEN');
INSERT INTO code_postaux (code_postal, LOCALITE)
VALUES ('9090', 'MELLE');
INSERT INTO code_postaux (code_postal, LOCALITE)
VALUES ('9090B', 'GONTRODE');
INSERT INTO code_postaux (code_postal, LOCALITE)
VALUES ('9100', 'SAINT-NICOLAS');
INSERT INTO code_postaux (code_postal, LOCALITE)
VALUES ('9100B', 'SINT-NIKLAAS');
INSERT INTO code_postaux (code_postal, LOCALITE)
VALUES ('9100C', 'NIEUWKERKEN-WAAS');
INSERT INTO code_postaux (code_postal, LOCALITE)
VALUES ('9111', 'BELSELE (SINT-NIKLAAS)');
INSERT INTO code_postaux (code_postal, LOCALITE)
VALUES ('9112', 'SINAAI-WAAS');
INSERT INTO code_postaux (code_postal, LOCALITE)
VALUES ('9120', 'BEVEREN-WAAS');
INSERT INTO code_postaux (code_postal, LOCALITE)
VALUES ('9120B', 'HAASDONK');
INSERT INTO code_postaux (code_postal, LOCALITE)
VALUES ('9120C', 'KALLO (BEVEREN-WAAS)');
INSERT INTO code_postaux (code_postal, LOCALITE)
VALUES ('9120D', 'MELSELE');
INSERT INTO code_postaux (code_postal, LOCALITE)
VALUES ('9120E', 'VRASENE');
INSERT INTO code_postaux (code_postal, LOCALITE)
VALUES ('9130', 'KIELDRECHT (BEVEREN)');
INSERT INTO code_postaux (code_postal, LOCALITE)
VALUES ('9130B', 'DOEL');
INSERT INTO code_postaux (code_postal, LOCALITE)
VALUES ('9130C', 'KALLO (KIELDRECHT)');
INSERT INTO code_postaux (code_postal, LOCALITE)
VALUES ('9130D', 'VERREBROEK');
INSERT INTO code_postaux (code_postal, LOCALITE)
VALUES ('9140', 'TAMISE');
INSERT INTO code_postaux (code_postal, LOCALITE)
VALUES ('9140B', 'TEMSE');
INSERT INTO code_postaux (code_postal, LOCALITE)
VALUES ('9140C', 'ELVERSELE');
INSERT INTO code_postaux (code_postal, LOCALITE)
VALUES ('9140D', 'STEENDORP');
INSERT INTO code_postaux (code_postal, LOCALITE)
VALUES ('9140E', 'TIELRODE');
INSERT INTO code_postaux (code_postal, LOCALITE)
VALUES ('9150', 'KRUIBEKE');
INSERT INTO code_postaux (code_postal, LOCALITE)
VALUES ('9150B', 'BAZEL');
INSERT INTO code_postaux (code_postal, LOCALITE)
VALUES ('9150C', 'RUPELMONDE');
INSERT INTO code_postaux (code_postal, LOCALITE)
VALUES ('9160', 'LOKEREN');
INSERT INTO code_postaux (code_postal, LOCALITE)
VALUES ('9160B', 'DAKNAM');
INSERT INTO code_postaux (code_postal, LOCALITE)
VALUES ('9160C', 'EKSAARDE');
INSERT INTO code_postaux (code_postal, LOCALITE)
VALUES ('9167', 'MERTZIG');
INSERT INTO code_postaux (code_postal, LOCALITE)
VALUES ('9170', 'SINT-GILLIS-WAAS');
INSERT INTO code_postaux (code_postal, LOCALITE)
VALUES ('9170B', 'DE KLINGE');
INSERT INTO code_postaux (code_postal, LOCALITE)
VALUES ('9170C', 'MEERDONK');
INSERT INTO code_postaux (code_postal, LOCALITE)
VALUES ('9170D', 'SINT-PAUWELS');
INSERT INTO code_postaux (code_postal, LOCALITE)
VALUES ('9180', 'MOERBEKE-WAAS');
INSERT INTO code_postaux (code_postal, LOCALITE)
VALUES ('9185', 'WACHTEBEKE');
INSERT INTO code_postaux (code_postal, LOCALITE)
VALUES ('9190', 'STEKENE');
INSERT INTO code_postaux (code_postal, LOCALITE)
VALUES ('9190B', 'KEMZEKE');
INSERT INTO code_postaux (code_postal, LOCALITE)
VALUES ('9200', 'TERMONDE');
INSERT INTO code_postaux (code_postal, LOCALITE)
VALUES ('9200B', 'DENDERMONDE');
INSERT INTO code_postaux (code_postal, LOCALITE)
VALUES ('9200C', 'APPELS');
INSERT INTO code_postaux (code_postal, LOCALITE)
VALUES ('9200D', 'BAASRODE');
INSERT INTO code_postaux (code_postal, LOCALITE)
VALUES ('9200E', 'GREMBERGEN');
INSERT INTO code_postaux (code_postal, LOCALITE)
VALUES ('9200F', 'MESPELARE');
INSERT INTO code_postaux (code_postal, LOCALITE)
VALUES ('9200G', 'OUDEGEM');
INSERT INTO code_postaux (code_postal, LOCALITE)
VALUES ('9200H', 'SCHOONAARDE');
INSERT INTO code_postaux (code_postal, LOCALITE)
VALUES ('9200I', 'SINT-GILLIS-BIJ-DENDERMONDE');
INSERT INTO code_postaux (code_postal, LOCALITE)
VALUES ('9220', 'HAMME (O.-VL.)');
INSERT INTO code_postaux (code_postal, LOCALITE)
VALUES ('9220B', 'MOERZEKE');
INSERT INTO code_postaux (code_postal, LOCALITE)
VALUES ('9230', 'WETTEREN');
INSERT INTO code_postaux (code_postal, LOCALITE)
VALUES ('9230B', 'MASSEMEN');
INSERT INTO code_postaux (code_postal, LOCALITE)
VALUES ('9230C', 'WESTREM');
INSERT INTO code_postaux (code_postal, LOCALITE)
VALUES ('9240', 'ZELE');
INSERT INTO code_postaux (code_postal, LOCALITE)
VALUES ('92400', 'COURBEVOIE (France)');
INSERT INTO code_postaux (code_postal, LOCALITE)
VALUES ('9250', 'WAASMUNSTER');
INSERT INTO code_postaux (code_postal, LOCALITE)
VALUES ('9255', 'BUGGENHOUT');
INSERT INTO code_postaux (code_postal, LOCALITE)
VALUES ('9255B', 'OPDORP');
INSERT INTO code_postaux (code_postal, LOCALITE)
VALUES ('9260', 'WICHELEN');
INSERT INTO code_postaux (code_postal, LOCALITE)
VALUES ('9260B', 'SCHELLEBELLE');
INSERT INTO code_postaux (code_postal, LOCALITE)
VALUES ('9260C', 'SERSKAMP');
INSERT INTO code_postaux (code_postal, LOCALITE)
VALUES ('9270', 'LAARNE');
INSERT INTO code_postaux (code_postal, LOCALITE)
VALUES ('9270B', 'KALKEN');
INSERT INTO code_postaux (code_postal, LOCALITE)
VALUES ('9280', 'LEBBEKE');
INSERT INTO code_postaux (code_postal, LOCALITE)
VALUES ('9280B', 'DENDERBELLE');
INSERT INTO code_postaux (code_postal, LOCALITE)
VALUES ('9280C', 'WIEZE');
INSERT INTO code_postaux (code_postal, LOCALITE)
VALUES ('9290', 'BERLARE');
INSERT INTO code_postaux (code_postal, LOCALITE)
VALUES ('9290B', 'OVERMERE');
INSERT INTO code_postaux (code_postal, LOCALITE)
VALUES ('9290C', 'UITBERGEN');
INSERT INTO code_postaux (code_postal, LOCALITE)
VALUES ('9300', 'ALOST');
INSERT INTO code_postaux (code_postal, LOCALITE)
VALUES ('9300B', 'AALST');
INSERT INTO code_postaux (code_postal, LOCALITE)
VALUES ('9308', 'GIJZEGEM');
INSERT INTO code_postaux (code_postal, LOCALITE)
VALUES ('9308B', 'HOFSTADE (O.-VL.)');
INSERT INTO code_postaux (code_postal, LOCALITE)
VALUES ('9310', 'BAARDEGEM');
INSERT INTO code_postaux (code_postal, LOCALITE)
VALUES ('9310B', 'HERDERSEM');
INSERT INTO code_postaux (code_postal, LOCALITE)
VALUES ('9310C', 'MELDERT (O.-VL.)');
INSERT INTO code_postaux (code_postal, LOCALITE)
VALUES ('9310D', 'MOORSEL');
INSERT INTO code_postaux (code_postal, LOCALITE)
VALUES ('9320', 'EREMBODEGEM (AALST)');
INSERT INTO code_postaux (code_postal, LOCALITE)
VALUES ('9320B', 'NIEUWERKERKEN (AALST)');
INSERT INTO code_postaux (code_postal, LOCALITE)
VALUES ('9340', 'LEDE');
INSERT INTO code_postaux (code_postal, LOCALITE)
VALUES ('9340B', 'IMPE');
INSERT INTO code_postaux (code_postal, LOCALITE)
VALUES ('9340C', 'OORDEGEM');
INSERT INTO code_postaux (code_postal, LOCALITE)
VALUES ('9340D', 'SMETLEDE');
INSERT INTO code_postaux (code_postal, LOCALITE)
VALUES ('9340E', 'WANZELE');
INSERT INTO code_postaux (code_postal, LOCALITE)
VALUES ('9400', 'NINOVE');
INSERT INTO code_postaux (code_postal, LOCALITE)
VALUES ('9400B', 'APPELTERRE-EICHEM');
INSERT INTO code_postaux (code_postal, LOCALITE)
VALUES ('9400C', 'DENDERWINDEKE');
INSERT INTO code_postaux (code_postal, LOCALITE)
VALUES ('9400D', 'LIEFERINGE');
INSERT INTO code_postaux (code_postal, LOCALITE)
VALUES ('9400E', 'NEDERHASSELT');
INSERT INTO code_postaux (code_postal, LOCALITE)
VALUES ('9400F', 'OKEGEM');
INSERT INTO code_postaux (code_postal, LOCALITE)
VALUES ('9400G', 'VOORDE');
INSERT INTO code_postaux (code_postal, LOCALITE)
VALUES ('9401', 'POLLARE');
INSERT INTO code_postaux (code_postal, LOCALITE)
VALUES ('9402', 'MEERBEKE');
INSERT INTO code_postaux (code_postal, LOCALITE)
VALUES ('9403', 'NEIGEM');
COMMIT;
INSERT INTO code_postaux (code_postal, LOCALITE)
VALUES ('9404', 'ASPELARE');
INSERT INTO code_postaux (code_postal, LOCALITE)
VALUES ('9406', 'OUTER');
INSERT INTO code_postaux (code_postal, LOCALITE)
VALUES ('9420', 'ERPE-MERE');
INSERT INTO code_postaux (code_postal, LOCALITE)
VALUES ('9420B', 'AAIGEM');
INSERT INTO code_postaux (code_postal, LOCALITE)
VALUES ('9420C', 'BAMBRUGGE');
INSERT INTO code_postaux (code_postal, LOCALITE)
VALUES ('9420D', 'BURST');
INSERT INTO code_postaux (code_postal, LOCALITE)
VALUES ('9420E', 'ERONDEGEM');
INSERT INTO code_postaux (code_postal, LOCALITE)
VALUES ('9420F', 'ERPE');
INSERT INTO code_postaux (code_postal, LOCALITE)
VALUES ('9420G', 'MERE');
INSERT INTO code_postaux (code_postal, LOCALITE)
VALUES ('9420H', 'OTTERGEM');
INSERT INTO code_postaux (code_postal, LOCALITE)
VALUES ('9420I', 'VLEKKEM');
INSERT INTO code_postaux (code_postal, LOCALITE)
VALUES ('9450', 'HAALTERT');
INSERT INTO code_postaux (code_postal, LOCALITE)
VALUES ('9450B', 'DENDERHOUTEM');
INSERT INTO code_postaux (code_postal, LOCALITE)
VALUES ('9450C', 'HELDERGEM');
INSERT INTO code_postaux (code_postal, LOCALITE)
VALUES ('9451', 'KERKSKEN');
INSERT INTO code_postaux (code_postal, LOCALITE)
VALUES ('9470', 'DENDERLEEUW');
INSERT INTO code_postaux (code_postal, LOCALITE)
VALUES ('9472', 'IDDERGEM');
INSERT INTO code_postaux (code_postal, LOCALITE)
VALUES ('9473', 'WELLE');
INSERT INTO code_postaux (code_postal, LOCALITE)
VALUES ('9500', 'GRAMMONT');
INSERT INTO code_postaux (code_postal, LOCALITE)
VALUES ('9500B', 'GERAARDSBERGEN');
INSERT INTO code_postaux (code_postal, LOCALITE)
VALUES ('9500C', 'GOEFERDINGE');
INSERT INTO code_postaux (code_postal, LOCALITE)
VALUES ('9500D', 'MOERBEKE');
INSERT INTO code_postaux (code_postal, LOCALITE)
VALUES ('9500E', 'NEDERBOELARE');
INSERT INTO code_postaux (code_postal, LOCALITE)
VALUES ('9500F', 'ONKERZELE');
INSERT INTO code_postaux (code_postal, LOCALITE)
VALUES ('9500G', 'OPHASSELT');
INSERT INTO code_postaux (code_postal, LOCALITE)
VALUES ('9500H', 'OVERBOELARE');
INSERT INTO code_postaux (code_postal, LOCALITE)
VALUES ('9500I', 'VIANE');
INSERT INTO code_postaux (code_postal, LOCALITE)
VALUES ('9500J', 'ZARLARDINGE');
INSERT INTO code_postaux (code_postal, LOCALITE)
VALUES ('9506', 'GRIMMINGE');
INSERT INTO code_postaux (code_postal, LOCALITE)
VALUES ('9506B', 'IDEGEM');
INSERT INTO code_postaux (code_postal, LOCALITE)
VALUES ('9506C', 'NIEUWENHOVE');
INSERT INTO code_postaux (code_postal, LOCALITE)
VALUES ('9506D', 'SCHENDELBEKE');
INSERT INTO code_postaux (code_postal, LOCALITE)
VALUES ('9506E', 'SMEEREBBE-VLOERZEGEM');
INSERT INTO code_postaux (code_postal, LOCALITE)
VALUES ('9506F', 'WAARBEKE');
INSERT INTO code_postaux (code_postal, LOCALITE)
VALUES ('9506G', 'ZANDBERGEN');
INSERT INTO code_postaux (code_postal, LOCALITE)
VALUES ('9520', 'SINT-LIEVENS-HOUTEM');
INSERT INTO code_postaux (code_postal, LOCALITE)
VALUES ('9520B', 'BAVEGEM');
INSERT INTO code_postaux (code_postal, LOCALITE)
VALUES ('9520C', 'VLIERZELE');
INSERT INTO code_postaux (code_postal, LOCALITE)
VALUES ('9520D', 'ZONNEGEM');
INSERT INTO code_postaux (code_postal, LOCALITE)
VALUES ('9521', 'LETTERHOUTEM');
INSERT INTO code_postaux (code_postal, LOCALITE)
VALUES ('9550', 'HERZELE');
INSERT INTO code_postaux (code_postal, LOCALITE)
VALUES ('9550B', 'HILLEGEM');
INSERT INTO code_postaux (code_postal, LOCALITE)
VALUES ('9550C', 'SINT-ANTELINKS');
INSERT INTO code_postaux (code_postal, LOCALITE)
VALUES ('9550D', 'SINT-LIEVENS-ESSE');
INSERT INTO code_postaux (code_postal, LOCALITE)
VALUES ('9550E', 'STEENHUIZE-WIJNHUIZE');
INSERT INTO code_postaux (code_postal, LOCALITE)
VALUES ('9550F', 'WOUBRECHTEGEM');
INSERT INTO code_postaux (code_postal, LOCALITE)
VALUES ('9551', 'RESSEGEM');
INSERT INTO code_postaux (code_postal, LOCALITE)
VALUES ('9552', 'BORSBEKE');
INSERT INTO code_postaux (code_postal, LOCALITE)
VALUES ('9570', 'LIERDE');
INSERT INTO code_postaux (code_postal, LOCALITE)
VALUES ('9570B', 'DEFTINGE');
INSERT INTO code_postaux (code_postal, LOCALITE)
VALUES ('9570C', 'SINT-MARIA-LIERDE');
INSERT INTO code_postaux (code_postal, LOCALITE)
VALUES ('9571', 'HEMELVEERDEGEM');
INSERT INTO code_postaux (code_postal, LOCALITE)
VALUES ('9572', 'SINT-MARTENS-LIERDE');
INSERT INTO code_postaux (code_postal, LOCALITE)
VALUES ('9600', 'RENAIX');
INSERT INTO code_postaux (code_postal, LOCALITE)
VALUES ('9600A', 'RENAIX - RONSE');
INSERT INTO code_postaux (code_postal, LOCALITE)
VALUES ('9600B', 'RONSE');
INSERT INTO code_postaux (code_postal, LOCALITE)
VALUES ('9620', 'ZOTTEGEM');
INSERT INTO code_postaux (code_postal, LOCALITE)
VALUES ('9620B', 'ELENE');
INSERT INTO code_postaux (code_postal, LOCALITE)
VALUES ('9620C', 'ERWETEGEM');
INSERT INTO code_postaux (code_postal, LOCALITE)
VALUES ('9620D', 'GODVEERDEGEM');
INSERT INTO code_postaux (code_postal, LOCALITE)
VALUES ('9620E', 'GROTENBERGE');
INSERT INTO code_postaux (code_postal, LOCALITE)
VALUES ('9620F', 'LEEUWERGEM');
INSERT INTO code_postaux (code_postal, LOCALITE)
VALUES ('9620G', 'OOMBERGEN (ZOTTEGEM)');
INSERT INTO code_postaux (code_postal, LOCALITE)
VALUES ('9620H', 'SINT-GORIKS-OUDENHOVE');
INSERT INTO code_postaux (code_postal, LOCALITE)
VALUES ('9620I', 'SINT-MARIA-OUDENHOVE (ZOTTEGEM');
INSERT INTO code_postaux (code_postal, LOCALITE)
VALUES ('9620J', 'STRIJPEN');
INSERT INTO code_postaux (code_postal, LOCALITE)
VALUES ('9620K', 'VELZEKE-RUDDERSHOVE');
INSERT INTO code_postaux (code_postal, LOCALITE)
VALUES ('9630', 'ZWALM');
INSERT INTO code_postaux (code_postal, LOCALITE)
VALUES ('9630B', 'BEERLEGEM');
INSERT INTO code_postaux (code_postal, LOCALITE)
VALUES ('9630C', 'DIKKELE');
INSERT INTO code_postaux (code_postal, LOCALITE)
VALUES ('9630D', 'HUNDELGEM');
INSERT INTO code_postaux (code_postal, LOCALITE)
VALUES ('9630E', 'MEILEGEM');
INSERT INTO code_postaux (code_postal, LOCALITE)
VALUES ('9630F', 'MUNKZWALM');
INSERT INTO code_postaux (code_postal, LOCALITE)
VALUES ('9630G', 'PAULATEM');
INSERT INTO code_postaux (code_postal, LOCALITE)
VALUES ('9630H', 'ROBORST');
INSERT INTO code_postaux (code_postal, LOCALITE)
VALUES ('9630I', 'ROZEBEKE');
INSERT INTO code_postaux (code_postal, LOCALITE)
VALUES ('9630J', 'SINT-BLASIUS-BOEKEL');
INSERT INTO code_postaux (code_postal, LOCALITE)
VALUES ('9630K', 'SINT-DENIJS-BOEKEL');
INSERT INTO code_postaux (code_postal, LOCALITE)
VALUES ('9630L', 'SINT-MARIA-LATEM');
INSERT INTO code_postaux (code_postal, LOCALITE)
VALUES ('9636', 'NEDERZWALM-HERMELGEM');
INSERT INTO code_postaux (code_postal, LOCALITE)
VALUES ('9660', 'BRAKEL');
INSERT INTO code_postaux (code_postal, LOCALITE)
VALUES ('9660B', 'ELST');
INSERT INTO code_postaux (code_postal, LOCALITE)
VALUES ('9660C', 'EVERBEEK');
INSERT INTO code_postaux (code_postal, LOCALITE)
VALUES ('9660D', 'MICHELBEKE');
INSERT INTO code_postaux (code_postal, LOCALITE)
VALUES ('9660E', 'NEDERBRAKEL');
INSERT INTO code_postaux (code_postal, LOCALITE)
VALUES ('9660F', 'OPBRAKEL');
INSERT INTO code_postaux (code_postal, LOCALITE)
VALUES ('9660G', 'ZEGELSEM');
INSERT INTO code_postaux (code_postal, LOCALITE)
VALUES ('9661', 'PARIKE');
INSERT INTO code_postaux (code_postal, LOCALITE)
VALUES ('9667', 'HOREBEKE');
INSERT INTO code_postaux (code_postal, LOCALITE)
VALUES ('9667B', 'SINT-KORNELIS-HOREBEKE');
INSERT INTO code_postaux (code_postal, LOCALITE)
VALUES ('9667C', 'SINT-MARIA-HOREBEKE');
INSERT INTO code_postaux (code_postal, LOCALITE)
VALUES ('9680', 'MAARKEDAL');
INSERT INTO code_postaux (code_postal, LOCALITE)
VALUES ('9680B', 'ETIKHOVE');
INSERT INTO code_postaux (code_postal, LOCALITE)
VALUES ('9680C', 'MAARKE-KERKEM');
INSERT INTO code_postaux (code_postal, LOCALITE)
VALUES ('9681', 'NUKERKE');
INSERT INTO code_postaux (code_postal, LOCALITE)
VALUES ('9688', 'SCHORISSE');
INSERT INTO code_postaux (code_postal, LOCALITE)
VALUES ('9690', 'KLUISBERGEN');
INSERT INTO code_postaux (code_postal, LOCALITE)
VALUES ('9690B', 'BERCHEM (O.-VL.)');
INSERT INTO code_postaux (code_postal, LOCALITE)
VALUES ('9690C', 'KWAREMONT');
INSERT INTO code_postaux (code_postal, LOCALITE)
VALUES ('9690D', 'RUIEN');
COMMIT;
INSERT INTO code_postaux (code_postal, LOCALITE)
VALUES ('9690E', 'ZULZEKE');
INSERT INTO code_postaux (code_postal, LOCALITE)
VALUES ('9700', 'AUDENARDE');
INSERT INTO code_postaux (code_postal, LOCALITE)
VALUES ('9700B', 'OUDENAARDE');
INSERT INTO code_postaux (code_postal, LOCALITE)
VALUES ('9700C', 'BEVERE');
INSERT INTO code_postaux (code_postal, LOCALITE)
VALUES ('9700D', 'EDELARE');
INSERT INTO code_postaux (code_postal, LOCALITE)
VALUES ('9700E', 'EINE');
INSERT INTO code_postaux (code_postal, LOCALITE)
VALUES ('9700F', 'ENAME');
INSERT INTO code_postaux (code_postal, LOCALITE)
VALUES ('9700G', 'HEURNE');
INSERT INTO code_postaux (code_postal, LOCALITE)
VALUES ('9700H', 'LEUPEGEM');
INSERT INTO code_postaux (code_postal, LOCALITE)
VALUES ('9700I', 'MATER');
INSERT INTO code_postaux (code_postal, LOCALITE)
VALUES ('9700J', 'MELDEN');
INSERT INTO code_postaux (code_postal, LOCALITE)
VALUES ('9700K', 'MULLEM');
INSERT INTO code_postaux (code_postal, LOCALITE)
VALUES ('9700L', 'NEDERENAME');
INSERT INTO code_postaux (code_postal, LOCALITE)
VALUES ('9700M', 'VOLKEGEM');
INSERT INTO code_postaux (code_postal, LOCALITE)
VALUES ('9700N', 'WELDEN');
INSERT INTO code_postaux (code_postal, LOCALITE)
VALUES ('9750', 'ZINGEM');
INSERT INTO code_postaux (code_postal, LOCALITE)
VALUES ('9750B', 'HUISE');
INSERT INTO code_postaux (code_postal, LOCALITE)
VALUES ('9750C', 'OUWEGEM');
INSERT INTO code_postaux (code_postal, LOCALITE)
VALUES ('9770', 'KRUISHOUTEM');
INSERT INTO code_postaux (code_postal, LOCALITE)
VALUES ('9771', 'NOKERE');
INSERT INTO code_postaux (code_postal, LOCALITE)
VALUES ('9772', 'WANNEGEM-LEDE');
INSERT INTO code_postaux (code_postal, LOCALITE)
VALUES ('9790', 'WORTEGEM-PETEGEM');
INSERT INTO code_postaux (code_postal, LOCALITE)
VALUES ('9790B', 'ELSEGEM');
INSERT INTO code_postaux (code_postal, LOCALITE)
VALUES ('9790C', 'MOREGEM');
INSERT INTO code_postaux (code_postal, LOCALITE)
VALUES ('9790D', 'OOIKE (WORTEGEM-PETEGEM)');
INSERT INTO code_postaux (code_postal, LOCALITE)
VALUES ('9790E', 'PETEGEM-AAN-DE-SCHELDE');
INSERT INTO code_postaux (code_postal, LOCALITE)
VALUES ('9790F', 'WORTEGEM');
INSERT INTO code_postaux (code_postal, LOCALITE)
VALUES ('9800', 'DEINZE');
INSERT INTO code_postaux (code_postal, LOCALITE)
VALUES ('9800B', 'ASTENE');
INSERT INTO code_postaux (code_postal, LOCALITE)
VALUES ('9800C', 'BACHTE-MARIA-LEERNE');
INSERT INTO code_postaux (code_postal, LOCALITE)
VALUES ('9800D', 'GOTTEM');
INSERT INTO code_postaux (code_postal, LOCALITE)
VALUES ('9800E', 'GRAMMENE');
INSERT INTO code_postaux (code_postal, LOCALITE)
VALUES ('9800F', 'MEIGEM');
INSERT INTO code_postaux (code_postal, LOCALITE)
VALUES ('9800G', 'PETEGEM-AAN-DE-LEIE');
INSERT INTO code_postaux (code_postal, LOCALITE)
VALUES ('9800H', 'SINT-MARTENS-LEERNE');
INSERT INTO code_postaux (code_postal, LOCALITE)
VALUES ('9800I', 'VINKT');
INSERT INTO code_postaux (code_postal, LOCALITE)
VALUES ('9800J', 'WONTERGEM');
INSERT INTO code_postaux (code_postal, LOCALITE)
VALUES ('9800K', 'ZEVEREN');
INSERT INTO code_postaux (code_postal, LOCALITE)
VALUES ('9810', 'NAZARETH');
INSERT INTO code_postaux (code_postal, LOCALITE)
VALUES ('9810B', 'EKE');
INSERT INTO code_postaux (code_postal, LOCALITE)
VALUES ('9820', 'MERELBEKE');
INSERT INTO code_postaux (code_postal, LOCALITE)
VALUES ('9820B', 'BOTTELARE');
INSERT INTO code_postaux (code_postal, LOCALITE)
VALUES ('9820C', 'LEMBERGE');
INSERT INTO code_postaux (code_postal, LOCALITE)
VALUES ('9820D', 'MELSEN');
INSERT INTO code_postaux (code_postal, LOCALITE)
VALUES ('9820E', 'MUNTE');
INSERT INTO code_postaux (code_postal, LOCALITE)
VALUES ('9820F', 'SCHELDERODE');
INSERT INTO code_postaux (code_postal, LOCALITE)
VALUES ('9830', 'SINT-MARTENS-LATEM');
INSERT INTO code_postaux (code_postal, LOCALITE)
VALUES ('9831', 'DEURLE');
INSERT INTO code_postaux (code_postal, LOCALITE)
VALUES ('9840', 'DE PINTE');
INSERT INTO code_postaux (code_postal, LOCALITE)
VALUES ('9840B', 'ZEVERGEM');
INSERT INTO code_postaux (code_postal, LOCALITE)
VALUES ('9850', 'NEVELE');
INSERT INTO code_postaux (code_postal, LOCALITE)
VALUES ('9850B', 'HANSBEKE');
INSERT INTO code_postaux (code_postal, LOCALITE)
VALUES ('9850C', 'LANDEGEM');
INSERT INTO code_postaux (code_postal, LOCALITE)
VALUES ('9850D', 'MERENDREE');
INSERT INTO code_postaux (code_postal, LOCALITE)
VALUES ('9850E', 'POESELE');
INSERT INTO code_postaux (code_postal, LOCALITE)
VALUES ('9850F', 'VOSSELARE');
INSERT INTO code_postaux (code_postal, LOCALITE)
VALUES ('9860', 'OOSTERZELE');
INSERT INTO code_postaux (code_postal, LOCALITE)
VALUES ('9860B', 'BALEGEM');
INSERT INTO code_postaux (code_postal, LOCALITE)
VALUES ('9860C', 'GIJZENZELE');
INSERT INTO code_postaux (code_postal, LOCALITE)
VALUES ('9860D', 'LANDSKOUTER');
INSERT INTO code_postaux (code_postal, LOCALITE)
VALUES ('9860E', 'MOORTSELE');
INSERT INTO code_postaux (code_postal, LOCALITE)
VALUES ('9860F', 'SCHELDEWINDEKE');
INSERT INTO code_postaux (code_postal, LOCALITE)
VALUES ('9870', 'ZULTE');
INSERT INTO code_postaux (code_postal, LOCALITE)
VALUES ('9870B', 'MACHELEN (O.-VL.)');
INSERT INTO code_postaux (code_postal, LOCALITE)
VALUES ('9870C', 'OLSENE');
INSERT INTO code_postaux (code_postal, LOCALITE)
VALUES ('9880', 'AALTER');
INSERT INTO code_postaux (code_postal, LOCALITE)
VALUES ('9880B', 'LOTENHULLE');
INSERT INTO code_postaux (code_postal, LOCALITE)
VALUES ('9880C', 'POEKE');
INSERT INTO code_postaux (code_postal, LOCALITE)
VALUES ('9881', 'BELLEM');
INSERT INTO code_postaux (code_postal, LOCALITE)
VALUES ('9890', 'GAVERE');
INSERT INTO code_postaux (code_postal, LOCALITE)
VALUES ('9890B', 'ASPER');
INSERT INTO code_postaux (code_postal, LOCALITE)
VALUES ('9890C', 'BAAIGEM');
INSERT INTO code_postaux (code_postal, LOCALITE)
VALUES ('9890D', 'DIKKELVENNE');
INSERT INTO code_postaux (code_postal, LOCALITE)
VALUES ('9890E', 'SEMMERZAKE');
INSERT INTO code_postaux (code_postal, LOCALITE)
VALUES ('9890F', 'VURSTE');
INSERT INTO code_postaux (code_postal, LOCALITE)
VALUES ('9900', 'EEKLO');
INSERT INTO code_postaux (code_postal, LOCALITE)
VALUES ('9910', 'KNESSELARE');
INSERT INTO code_postaux (code_postal, LOCALITE)
VALUES ('9910B', 'URSEL');
INSERT INTO code_postaux (code_postal, LOCALITE)
VALUES ('9920', 'LOVENDEGEM');
INSERT INTO code_postaux (code_postal, LOCALITE)
VALUES ('9921', 'VINDERHOUTE');
INSERT INTO code_postaux (code_postal, LOCALITE)
VALUES ('9930', 'ZOMERGEM');
INSERT INTO code_postaux (code_postal, LOCALITE)
VALUES ('9931', 'OOSTWINKEL');
INSERT INTO code_postaux (code_postal, LOCALITE)
VALUES ('9932', 'RONSELE');
INSERT INTO code_postaux (code_postal, LOCALITE)
VALUES ('9940', 'EVERGEM');
INSERT INTO code_postaux (code_postal, LOCALITE)
VALUES ('9940B', 'ERTVELDE');
INSERT INTO code_postaux (code_postal, LOCALITE)
VALUES ('9940C', 'KLUIZEN');
INSERT INTO code_postaux (code_postal, LOCALITE)
VALUES ('9940D', 'SLEIDINGE');
INSERT INTO code_postaux (code_postal, LOCALITE)
VALUES ('9950', 'WAARSCHOOT');
INSERT INTO code_postaux (code_postal, LOCALITE)
VALUES ('9960', 'ASSENEDE');
INSERT INTO code_postaux (code_postal, LOCALITE)
VALUES ('9961', 'BOEKHOUTE');
INSERT INTO code_postaux (code_postal, LOCALITE)
VALUES ('9968', 'BASSEVELDE');
INSERT INTO code_postaux (code_postal, LOCALITE)
VALUES ('9968B', 'OOSTEEKLO');
INSERT INTO code_postaux (code_postal, LOCALITE)
VALUES ('9970', 'KAPRIJKE');
INSERT INTO code_postaux (code_postal, LOCALITE)
VALUES ('9971', 'LEMBEKE');
INSERT INTO code_postaux (code_postal, LOCALITE)
VALUES ('9980', 'SINT-LAUREINS');
INSERT INTO code_postaux (code_postal, LOCALITE)
VALUES ('9981', 'SINT-MARGRIETE');
INSERT INTO code_postaux (code_postal, LOCALITE)
VALUES ('9982', 'SINT-JAN-IN-EREMO');
INSERT INTO code_postaux (code_postal, LOCALITE)
VALUES ('9988', 'WATERLAND-OUDEMAN');
INSERT INTO code_postaux (code_postal, LOCALITE)
VALUES ('9988B', 'WATERVLIET');
INSERT INTO code_postaux (code_postal, LOCALITE)
VALUES ('9990', 'MALDEGEM');
COMMIT;
INSERT INTO code_postaux (code_postal, LOCALITE)
VALUES ('9991', 'ADEGEM');
INSERT INTO code_postaux (code_postal, LOCALITE)
VALUES ('9992', 'MIDDELBURG');
INSERT INTO code_postaux (code_postal, LOCALITE)
VALUES ('6010B', 'MONTIGNIES-SUR-SAMBRE');
INSERT INTO code_postaux (code_postal, LOCALITE)
VALUES ('6020', 'DAMPREMY');
INSERT INTO code_postaux (code_postal, LOCALITE)
VALUES ('6030', 'GOUTROUX');
INSERT INTO code_postaux (code_postal, LOCALITE)
VALUES ('6030B', 'MARCHIENNE-AU-PONT');
INSERT INTO code_postaux (code_postal, LOCALITE)
VALUES ('6031', 'MONCEAU-SUR-SAMBRE');
INSERT INTO code_postaux (code_postal, LOCALITE)
VALUES ('6032', 'MONT-SUR-MARCHIENNE');
INSERT INTO code_postaux (code_postal, LOCALITE)
VALUES ('6040', 'JUMET (CHARLEROI)');
INSERT INTO code_postaux (code_postal, LOCALITE)
VALUES ('6041', 'GOSSELIES');
INSERT INTO code_postaux (code_postal, LOCALITE)
VALUES ('6042', 'LODELINSART');
INSERT INTO code_postaux (code_postal, LOCALITE)
VALUES ('6043', 'RANSART');
INSERT INTO code_postaux (code_postal, LOCALITE)
VALUES ('6044', 'ROUX');
INSERT INTO code_postaux (code_postal, LOCALITE)
VALUES ('6060', 'GILLY (CHARLEROI)');
INSERT INTO code_postaux (code_postal, LOCALITE)
VALUES ('6061', 'MONTIGNIES-SUR-SAMBRE');
INSERT INTO code_postaux (code_postal, LOCALITE)
VALUES ('6110', 'MONTIGNY-LE-TILLEUL');
INSERT INTO code_postaux (code_postal, LOCALITE)
VALUES ('6111', 'LANDELIES');
INSERT INTO code_postaux (code_postal, LOCALITE)
VALUES ('6120', 'HAM-SUR-HEURE-NALINNES');
INSERT INTO code_postaux (code_postal, LOCALITE)
VALUES ('6120B', 'COUR-SUR-HEURE');
INSERT INTO code_postaux (code_postal, LOCALITE)
VALUES ('6120C', 'HAM-SUR-HEURE');
INSERT INTO code_postaux (code_postal, LOCALITE)
VALUES ('6120D', 'JAMIOULX');
INSERT INTO code_postaux (code_postal, LOCALITE)
VALUES ('6120E', 'MARBAIX (HT.)');
INSERT INTO code_postaux (code_postal, LOCALITE)
VALUES ('6120F', 'NALINNES');
INSERT INTO code_postaux (code_postal, LOCALITE)
VALUES ('6141', 'FORCHIES-LA-MARCHE');
INSERT INTO code_postaux (code_postal, LOCALITE)
VALUES ('6142', 'LEERNES');
INSERT INTO code_postaux (code_postal, LOCALITE)
VALUES ('61479', 'GLASHHUETTEN - DEUTSCHLAND');
INSERT INTO code_postaux (code_postal, LOCALITE)
VALUES ('6150', 'ANDERLUES');
INSERT INTO code_postaux (code_postal, LOCALITE)
VALUES ('6180', 'COURCELLES');
INSERT INTO code_postaux (code_postal, LOCALITE)
VALUES ('6181', 'GOUY-LEZ-PIETON');
INSERT INTO code_postaux (code_postal, LOCALITE)
VALUES ('6182', 'SOUVRET');
INSERT INTO code_postaux (code_postal, LOCALITE)
VALUES ('6183', 'TRAZEGNIES');
INSERT INTO code_postaux (code_postal, LOCALITE)
VALUES ('6200', 'CHATELET');
INSERT INTO code_postaux (code_postal, LOCALITE)
VALUES ('6200B', 'BOUFFIOULX');
INSERT INTO code_postaux (code_postal, LOCALITE)
VALUES ('6200C', 'CHATELINEAU');
INSERT INTO code_postaux (code_postal, LOCALITE)
VALUES ('6210', 'LES BONS VILLERS');
INSERT INTO code_postaux (code_postal, LOCALITE)
VALUES ('6210B', 'FRASNES-LEZ-GOSSELIES');
INSERT INTO code_postaux (code_postal, LOCALITE)
VALUES ('6210C', 'REVES');
INSERT INTO code_postaux (code_postal, LOCALITE)
VALUES ('6210D', 'VILLERS-PERWIN');
INSERT INTO code_postaux (code_postal, LOCALITE)
VALUES ('6210E', 'WAYAUX');
INSERT INTO code_postaux (code_postal, LOCALITE)
VALUES ('6211', 'MELLET');
INSERT INTO code_postaux (code_postal, LOCALITE)
VALUES ('6220', 'FLEURUS');
INSERT INTO code_postaux (code_postal, LOCALITE)
VALUES ('6220B', 'HEPPIGNIES');
INSERT INTO code_postaux (code_postal, LOCALITE)
VALUES ('6220C', 'LAMBUSART');
INSERT INTO code_postaux (code_postal, LOCALITE)
VALUES ('6220D', 'WANGENIES');
INSERT INTO code_postaux (code_postal, LOCALITE)
VALUES ('6221', 'SAINT-AMAND');
INSERT INTO code_postaux (code_postal, LOCALITE)
VALUES ('6222', 'BRYE');
INSERT INTO code_postaux (code_postal, LOCALITE)
VALUES ('6223', 'WAGNELEE');
INSERT INTO code_postaux (code_postal, LOCALITE)
VALUES ('6224', 'WANFERCEE-BAULET');
INSERT INTO code_postaux (code_postal, LOCALITE)
VALUES ('6227', 'MAASTRICHT');
INSERT INTO code_postaux (code_postal, LOCALITE)
VALUES ('6230', 'PONT-A-CELLES');
INSERT INTO code_postaux (code_postal, LOCALITE)
VALUES ('6230B', 'BUZET');
INSERT INTO code_postaux (code_postal, LOCALITE)
VALUES ('6230C', 'OBAIX');
INSERT INTO code_postaux (code_postal, LOCALITE)
VALUES ('6230D', 'THIMEON');
INSERT INTO code_postaux (code_postal, LOCALITE)
VALUES ('6230E', 'VIESVILLE');
INSERT INTO code_postaux (code_postal, LOCALITE)
VALUES ('6238', 'LIBERCHIES');
INSERT INTO code_postaux (code_postal, LOCALITE)
VALUES ('6238B', 'LUTTRE');
INSERT INTO code_postaux (code_postal, LOCALITE)
VALUES ('6240', 'FARCIENNES');
INSERT INTO code_postaux (code_postal, LOCALITE)
VALUES ('6240B', 'PIRONCHAMPS');
INSERT INTO code_postaux (code_postal, LOCALITE)
VALUES ('6250', 'AISEAU-PRESLES');
INSERT INTO code_postaux (code_postal, LOCALITE)
VALUES ('6250B', 'AISEAU');
INSERT INTO code_postaux (code_postal, LOCALITE)
VALUES ('6250C', 'PONT-DE-LOUP');
INSERT INTO code_postaux (code_postal, LOCALITE)
VALUES ('6250D', 'PRESLES');
INSERT INTO code_postaux (code_postal, LOCALITE)
VALUES ('6250E', 'ROSELIES');
INSERT INTO code_postaux (code_postal, LOCALITE)
VALUES ('6255A', 'NOORBEEK');
INSERT INTO code_postaux (code_postal, LOCALITE)
VALUES ('6280', 'GERPINNES');
INSERT INTO code_postaux (code_postal, LOCALITE)
VALUES ('6280B', 'ACOZ');
INSERT INTO code_postaux (code_postal, LOCALITE)
VALUES ('6280C', 'GOUGNIES');
INSERT INTO code_postaux (code_postal, LOCALITE)
VALUES ('6280D', 'JONCRET');
INSERT INTO code_postaux (code_postal, LOCALITE)
VALUES ('6280E', 'LOVERVAL');
INSERT INTO code_postaux (code_postal, LOCALITE)
VALUES ('6280F', 'VILLERS-POTERIE');
INSERT INTO code_postaux (code_postal, LOCALITE)
VALUES ('6414B', 'HEERLEN');
INSERT INTO code_postaux (code_postal, LOCALITE)
VALUES ('6414E', 'HEERLEN');
INSERT INTO code_postaux (code_postal, LOCALITE)
VALUES ('6416B', 'HEERLEN');
INSERT INTO code_postaux (code_postal, LOCALITE)
VALUES ('6440', 'FROIDCHAPELLE');
INSERT INTO code_postaux (code_postal, LOCALITE)
VALUES ('6440B', 'BOUSSU-LEZ-WALCOURT');
INSERT INTO code_postaux (code_postal, LOCALITE)
VALUES ('6440C', 'FOURBECHIES');
INSERT INTO code_postaux (code_postal, LOCALITE)
VALUES ('6440D', 'VERGNIES');
INSERT INTO code_postaux (code_postal, LOCALITE)
VALUES ('6441', 'ERPION');
INSERT INTO code_postaux (code_postal, LOCALITE)
VALUES ('6460', 'CHIMAY');
INSERT INTO code_postaux (code_postal, LOCALITE)
VALUES ('6460B', 'BAILIEVRE');
INSERT INTO code_postaux (code_postal, LOCALITE)
VALUES ('6460C', 'ROBECHIES');
INSERT INTO code_postaux (code_postal, LOCALITE)
VALUES ('6460D', 'SAINT-REMY (HT.)');
INSERT INTO code_postaux (code_postal, LOCALITE)
VALUES ('6460E', 'SALLES');
INSERT INTO code_postaux (code_postal, LOCALITE)
VALUES ('6460F', 'VILLERS-LA-TOUR');
INSERT INTO code_postaux (code_postal, LOCALITE)
VALUES ('6461', 'VIRELLES');
INSERT INTO code_postaux (code_postal, LOCALITE)
VALUES ('6462', 'VAULX-LEZ-CHIMAY');
INSERT INTO code_postaux (code_postal, LOCALITE)
VALUES ('6463', 'LOMPRET');
INSERT INTO code_postaux (code_postal, LOCALITE)
VALUES ('6464', 'BAILEUX');
INSERT INTO code_postaux (code_postal, LOCALITE)
VALUES ('6464B', 'BOURLERS');
INSERT INTO code_postaux (code_postal, LOCALITE)
VALUES ('6464C', 'FORGES');
INSERT INTO code_postaux (code_postal, LOCALITE)
VALUES ('6464E', 'RIEZES');
INSERT INTO code_postaux (code_postal, LOCALITE)
VALUES ('6470', 'SIVRY-RANCE');
INSERT INTO code_postaux (code_postal, LOCALITE)
VALUES ('6470B', 'GRANDRIEU');
INSERT INTO code_postaux (code_postal, LOCALITE)
VALUES ('6470C', 'MONTBLIART');
INSERT INTO code_postaux (code_postal, LOCALITE)
VALUES ('6470D', 'RANCE');
INSERT INTO code_postaux (code_postal, LOCALITE)
VALUES ('6470E', 'SAUTIN');
INSERT INTO code_postaux (code_postal, LOCALITE)
VALUES ('6470F', 'SIVRY');
INSERT INTO code_postaux (code_postal, LOCALITE)
VALUES ('6500', 'BEAUMONT');
INSERT INTO code_postaux (code_postal, LOCALITE)
VALUES ('6500B', 'BARBENCON');
INSERT INTO code_postaux (code_postal, LOCALITE)
VALUES ('6500C', 'LEUGNIES');
COMMIT;
INSERT INTO code_postaux (code_postal, LOCALITE)
VALUES ('6500D', 'LEVAL-CHAUDEVILLE');
INSERT INTO code_postaux (code_postal, LOCALITE)
VALUES ('6500E', 'RENLIES');
INSERT INTO code_postaux (code_postal, LOCALITE)
VALUES ('6500F', 'SOLRE-SAINT-GERY');
INSERT INTO code_postaux (code_postal, LOCALITE)
VALUES ('6500G', 'THIRIMONT');
INSERT INTO code_postaux (code_postal, LOCALITE)
VALUES ('6511', 'STREE (HT.)');
INSERT INTO code_postaux (code_postal, LOCALITE)
VALUES ('6530', 'THUIN');
INSERT INTO code_postaux (code_postal, LOCALITE)
VALUES ('6530B', 'LEERS-ET-FOSTEAU');
INSERT INTO code_postaux (code_postal, LOCALITE)
VALUES ('6531', 'BIESME-SOUS-THUIN');
INSERT INTO code_postaux (code_postal, LOCALITE)
VALUES ('6532', 'RAGNIES');
INSERT INTO code_postaux (code_postal, LOCALITE)
VALUES ('6533', 'BIERCEE');
INSERT INTO code_postaux (code_postal, LOCALITE)
VALUES ('6534', 'GOZEE');
INSERT INTO code_postaux (code_postal, LOCALITE)
VALUES ('6536', 'DONSTIENNES');
INSERT INTO code_postaux (code_postal, LOCALITE)
VALUES ('6536B', 'THUILLIES');
INSERT INTO code_postaux (code_postal, LOCALITE)
VALUES ('6540', 'LOBBES');
INSERT INTO code_postaux (code_postal, LOCALITE)
VALUES ('6540B', 'MONT-SAINTE-GENEVIEVE');
INSERT INTO code_postaux (code_postal, LOCALITE)
VALUES ('6542', 'SARS-LA-BUISSIERE');
INSERT INTO code_postaux (code_postal, LOCALITE)
VALUES ('6543', 'BIENNE-LEZ-HAPPART');
INSERT INTO code_postaux (code_postal, LOCALITE)
VALUES ('6560', 'ERQUELINNES');
INSERT INTO code_postaux (code_postal, LOCALITE)
VALUES ('6560C', 'GRAND-RENG');
INSERT INTO code_postaux (code_postal, LOCALITE)
VALUES ('6560D', 'HANTES-WIHERIES');
INSERT INTO code_postaux (code_postal, LOCALITE)
VALUES ('6560E', 'MONTIGNIES-SAINT-CHRISTOPHE');
INSERT INTO code_postaux (code_postal, LOCALITE)
VALUES ('6560F', 'SOLRE-SUR-SAMBRE');
INSERT INTO code_postaux (code_postal, LOCALITE)
VALUES ('6567', 'MERBES-LE-CHATEAU');
INSERT INTO code_postaux (code_postal, LOCALITE)
VALUES ('6567B', 'FONTAINE-VALMONT');
INSERT INTO code_postaux (code_postal, LOCALITE)
VALUES ('6567C', 'LABUISSIERE');
INSERT INTO code_postaux (code_postal, LOCALITE)
VALUES ('6567D', 'MERBES-SAINTE-MARIE');
INSERT INTO code_postaux (code_postal, LOCALITE)
VALUES ('6590', 'MOMIGNIES');
INSERT INTO code_postaux (code_postal, LOCALITE)
VALUES ('6591', 'MACON');
INSERT INTO code_postaux (code_postal, LOCALITE)
VALUES ('6592', 'MONCEAU-IMBRECHIES');
INSERT INTO code_postaux (code_postal, LOCALITE)
VALUES ('6593', 'MACQUENOISE');
INSERT INTO code_postaux (code_postal, LOCALITE)
VALUES ('65934', 'NIED-FRANKFURT');
INSERT INTO code_postaux (code_postal, LOCALITE)
VALUES ('6594', 'BEAUWELZ');
INSERT INTO code_postaux (code_postal, LOCALITE)
VALUES ('6596', 'FORGE-PHILIPPE');
INSERT INTO code_postaux (code_postal, LOCALITE)
VALUES ('6596B', 'SELOIGNES');
INSERT INTO code_postaux (code_postal, LOCALITE)
VALUES ('6600', 'BASTOGNE');
INSERT INTO code_postaux (code_postal, LOCALITE)
VALUES ('6600B', 'LONGVILLY');
INSERT INTO code_postaux (code_postal, LOCALITE)
VALUES ('6600C', 'NOVILLE (LUX.)');
INSERT INTO code_postaux (code_postal, LOCALITE)
VALUES ('6600D', 'VILLERS-LA-BONNE-EAU');
INSERT INTO code_postaux (code_postal, LOCALITE)
VALUES ('6600E', 'WARDIN');
INSERT INTO code_postaux (code_postal, LOCALITE)
VALUES ('66140', 'CANET PLAGE - FRANCE');
INSERT INTO code_postaux (code_postal, LOCALITE)
VALUES ('6630', 'MARTELANGE');
INSERT INTO code_postaux (code_postal, LOCALITE)
VALUES ('6637', 'FAUVILLERS');
INSERT INTO code_postaux (code_postal, LOCALITE)
VALUES ('6637B', 'HOLLANGE');
INSERT INTO code_postaux (code_postal, LOCALITE)
VALUES ('6637C', 'TINTANGE');
INSERT INTO code_postaux (code_postal, LOCALITE)
VALUES ('6640', 'VAUX-SUR-SURE');
INSERT INTO code_postaux (code_postal, LOCALITE)
VALUES ('6640B', 'HOMPRE');
INSERT INTO code_postaux (code_postal, LOCALITE)
VALUES ('6640C', 'MORHET');
INSERT INTO code_postaux (code_postal, LOCALITE)
VALUES ('6640D', 'NIVES');
INSERT INTO code_postaux (code_postal, LOCALITE)
VALUES ('6640E', 'SIBRET');
INSERT INTO code_postaux (code_postal, LOCALITE)
VALUES ('6640F', 'VAUX-LEZ-ROSIERES');
INSERT INTO code_postaux (code_postal, LOCALITE)
VALUES ('6642', 'JUSERET');
INSERT INTO code_postaux (code_postal, LOCALITE)
VALUES ('6660', 'HOUFFALIZE');
INSERT INTO code_postaux (code_postal, LOCALITE)
VALUES ('6660B', 'NADRIN');
INSERT INTO code_postaux (code_postal, LOCALITE)
VALUES ('6661', 'MONT (LUX.)');
INSERT INTO code_postaux (code_postal, LOCALITE)
VALUES ('6661B', 'TAILLES');
INSERT INTO code_postaux (code_postal, LOCALITE)
VALUES ('6662', 'TAVIGNY');
INSERT INTO code_postaux (code_postal, LOCALITE)
VALUES ('6663', 'MABOMPRE');
INSERT INTO code_postaux (code_postal, LOCALITE)
VALUES ('6666', 'WIBRIN');
INSERT INTO code_postaux (code_postal, LOCALITE)
VALUES ('6670', 'GOUVY');
INSERT INTO code_postaux (code_postal, LOCALITE)
VALUES ('6670B', 'LIMERLE');
INSERT INTO code_postaux (code_postal, LOCALITE)
VALUES ('6671', 'BOVIGNY');
INSERT INTO code_postaux (code_postal, LOCALITE)
VALUES ('6672', 'BEHO');
INSERT INTO code_postaux (code_postal, LOCALITE)
VALUES ('6673', 'CHERAIN');
INSERT INTO code_postaux (code_postal, LOCALITE)
VALUES ('6674', 'MONTLEBAN');
INSERT INTO code_postaux (code_postal, LOCALITE)
VALUES ('6680', 'SAINTE-ODE');
INSERT INTO code_postaux (code_postal, LOCALITE)
VALUES ('6680B', 'AMBERLOUP');
INSERT INTO code_postaux (code_postal, LOCALITE)
VALUES ('6680C', 'TILLET');
INSERT INTO code_postaux (code_postal, LOCALITE)
VALUES ('6681', 'LAVACHERIE');
INSERT INTO code_postaux (code_postal, LOCALITE)
VALUES ('6686', 'FLAMIERGE');
INSERT INTO code_postaux (code_postal, LOCALITE)
VALUES ('6687', 'BERTOGNE');
INSERT INTO code_postaux (code_postal, LOCALITE)
VALUES ('6688', 'LONGCHAMPS (LUX.)');
INSERT INTO code_postaux (code_postal, LOCALITE)
VALUES ('6690', 'VIELSALM');
INSERT INTO code_postaux (code_postal, LOCALITE)
VALUES ('6690B', 'BIHAIN');
INSERT INTO code_postaux (code_postal, LOCALITE)
VALUES ('6692', 'PETIT-THIER');
INSERT INTO code_postaux (code_postal, LOCALITE)
VALUES ('6698', 'GRAND-HALLEUX');
INSERT INTO code_postaux (code_postal, LOCALITE)
VALUES ('6700', 'ARLON');
INSERT INTO code_postaux (code_postal, LOCALITE)
VALUES ('6700B', 'BONNERT');
INSERT INTO code_postaux (code_postal, LOCALITE)
VALUES ('6700C', 'HEINSCH');
INSERT INTO code_postaux (code_postal, LOCALITE)
VALUES ('6700D', 'TOERNICH');
INSERT INTO code_postaux (code_postal, LOCALITE)
VALUES ('6704', 'GUIRSCH');
INSERT INTO code_postaux (code_postal, LOCALITE)
VALUES ('6706', 'AUTELBAS');
INSERT INTO code_postaux (code_postal, LOCALITE)
VALUES ('6717', 'ATTERT');
INSERT INTO code_postaux (code_postal, LOCALITE)
VALUES ('6717B', 'NOBRESSART');
INSERT INTO code_postaux (code_postal, LOCALITE)
VALUES ('6717C', 'NOTHOMB');
INSERT INTO code_postaux (code_postal, LOCALITE)
VALUES ('6717D', 'THIAUMONT');
INSERT INTO code_postaux (code_postal, LOCALITE)
VALUES ('6717E', 'TONTELANGE');
INSERT INTO code_postaux (code_postal, LOCALITE)
VALUES ('6720', 'HABAY');
INSERT INTO code_postaux (code_postal, LOCALITE)
VALUES ('6720B', 'HABAY-LA-NEUVE');
INSERT INTO code_postaux (code_postal, LOCALITE)
VALUES ('6720C', 'HACHY');
INSERT INTO code_postaux (code_postal, LOCALITE)
VALUES ('6721', 'ANLIER');
INSERT INTO code_postaux (code_postal, LOCALITE)
VALUES ('6723', 'HABAY-LA-VIEILLE');
INSERT INTO code_postaux (code_postal, LOCALITE)
VALUES ('6724', 'HOUDEMONT');
INSERT INTO code_postaux (code_postal, LOCALITE)
VALUES ('6724B', 'RULLES');
INSERT INTO code_postaux (code_postal, LOCALITE)
VALUES ('6724C', 'MARBEHAN');
INSERT INTO code_postaux (code_postal, LOCALITE)
VALUES ('6730', 'TINTIGNY');
INSERT INTO code_postaux (code_postal, LOCALITE)
VALUES ('6730B', 'BELLEFONTAINE');
INSERT INTO code_postaux (code_postal, LOCALITE)
VALUES ('6730C', 'ROSSIGNOL');
INSERT INTO code_postaux (code_postal, LOCALITE)
VALUES ('6730D', 'SAINT-VINCENT');
INSERT INTO code_postaux (code_postal, LOCALITE)
VALUES ('6740', 'ETALLE');
INSERT INTO code_postaux (code_postal, LOCALITE)
VALUES ('6740B', 'SAINTE-MARIE-SUR-SEMOIS');
COMMIT;
INSERT INTO code_postaux (code_postal, LOCALITE)
VALUES ('6740C', 'VILLERS-SUR-SEMOIS');
INSERT INTO code_postaux (code_postal, LOCALITE)
VALUES ('6741', 'VANCE');
INSERT INTO code_postaux (code_postal, LOCALITE)
VALUES ('6742', 'CHANTEMELLE');
INSERT INTO code_postaux (code_postal, LOCALITE)
VALUES ('6743', 'BUZENOL');
INSERT INTO code_postaux (code_postal, LOCALITE)
VALUES ('6747', 'SAINT-LEGER (LUX.)');
INSERT INTO code_postaux (code_postal, LOCALITE)
VALUES ('6747B', 'CHATILLON');
INSERT INTO code_postaux (code_postal, LOCALITE)
VALUES ('6747C', 'MEIX-LE-TIGE');
INSERT INTO code_postaux (code_postal, LOCALITE)
VALUES ('6750', 'MUSSON');
INSERT INTO code_postaux (code_postal, LOCALITE)
VALUES ('6750B', 'MUSSY-LA-VILLE');
INSERT INTO code_postaux (code_postal, LOCALITE)
VALUES ('6750C', 'SIGNEULX');
INSERT INTO code_postaux (code_postal, LOCALITE)
VALUES ('6760', 'VIRTON');
INSERT INTO code_postaux (code_postal, LOCALITE)
VALUES ('6760B', 'BLEID');
INSERT INTO code_postaux (code_postal, LOCALITE)
VALUES ('6760C', 'ETHE');
INSERT INTO code_postaux (code_postal, LOCALITE)
VALUES ('6760D', 'RUETTE');
INSERT INTO code_postaux (code_postal, LOCALITE)
VALUES ('6761', 'LATOUR');
INSERT INTO code_postaux (code_postal, LOCALITE)
VALUES ('6762', 'SAINT-MARD');
INSERT INTO code_postaux (code_postal, LOCALITE)
VALUES ('6767', 'ROUVROY');
INSERT INTO code_postaux (code_postal, LOCALITE)
VALUES ('6767B', 'DAMPICOURT');
INSERT INTO code_postaux (code_postal, LOCALITE)
VALUES ('6767C', 'HARNONCOURT');
INSERT INTO code_postaux (code_postal, LOCALITE)
VALUES ('6767D', 'LAMORTEAU');
INSERT INTO code_postaux (code_postal, LOCALITE)
VALUES ('6767E', 'TORGNY');
INSERT INTO code_postaux (code_postal, LOCALITE)
VALUES ('6769', 'MEIX-DEVANT-VIRTON');
INSERT INTO code_postaux (code_postal, LOCALITE)
VALUES ('6769B', 'GEROUVILLE');
INSERT INTO code_postaux (code_postal, LOCALITE)
VALUES ('6769C', 'ROBELMONT');
INSERT INTO code_postaux (code_postal, LOCALITE)
VALUES ('6769D', 'SOMMETHONNE');
INSERT INTO code_postaux (code_postal, LOCALITE)
VALUES ('6769E', 'VILLERS-LA-LOUE');
INSERT INTO code_postaux (code_postal, LOCALITE)
VALUES ('6780', 'MESSANCY');
INSERT INTO code_postaux (code_postal, LOCALITE)
VALUES ('6780B', 'HONDELANGE');
INSERT INTO code_postaux (code_postal, LOCALITE)
VALUES ('6780C', 'WOLKRANGE');
INSERT INTO code_postaux (code_postal, LOCALITE)
VALUES ('6781', 'SELANGE');
INSERT INTO code_postaux (code_postal, LOCALITE)
VALUES ('6782', 'HABERGY');
INSERT INTO code_postaux (code_postal, LOCALITE)
VALUES ('6790', 'AUBANGE');
INSERT INTO code_postaux (code_postal, LOCALITE)
VALUES ('6791', 'ATHUS');
INSERT INTO code_postaux (code_postal, LOCALITE)
VALUES ('6792', 'HALANZY');
INSERT INTO code_postaux (code_postal, LOCALITE)
VALUES ('6792B', 'RACHECOURT');
INSERT INTO code_postaux (code_postal, LOCALITE)
VALUES ('6800', 'LIBRAMONT');
INSERT INTO code_postaux (code_postal, LOCALITE)
VALUES ('6800B', 'BRAS');
INSERT INTO code_postaux (code_postal, LOCALITE)
VALUES ('6800C', 'FREUX');
INSERT INTO code_postaux (code_postal, LOCALITE)
VALUES ('6800D', 'MOIRCY');
INSERT INTO code_postaux (code_postal, LOCALITE)
VALUES ('6800E', 'RECOGNE');
INSERT INTO code_postaux (code_postal, LOCALITE)
VALUES ('6800F', 'REMAGNE');
INSERT INTO code_postaux (code_postal, LOCALITE)
VALUES ('6800G', 'SAINT-PIERRE');
INSERT INTO code_postaux (code_postal, LOCALITE)
VALUES ('6800H', 'SAINTE-MARIE-CHEVIGNY');
INSERT INTO code_postaux (code_postal, LOCALITE)
VALUES ('6810', 'CHINY');
INSERT INTO code_postaux (code_postal, LOCALITE)
VALUES ('6810B', 'IZEL');
INSERT INTO code_postaux (code_postal, LOCALITE)
VALUES ('6810C', 'JAMOIGNE');
INSERT INTO code_postaux (code_postal, LOCALITE)
VALUES ('6811', 'LES BULLES');
INSERT INTO code_postaux (code_postal, LOCALITE)
VALUES ('6812', 'SUXY');
INSERT INTO code_postaux (code_postal, LOCALITE)
VALUES ('6813', 'TERMES');
INSERT INTO code_postaux (code_postal, LOCALITE)
VALUES ('6820', 'FLORENVILLE');
INSERT INTO code_postaux (code_postal, LOCALITE)
VALUES ('6820B', 'FONTENOILLE');
INSERT INTO code_postaux (code_postal, LOCALITE)
VALUES ('6820C', 'MUNO');
INSERT INTO code_postaux (code_postal, LOCALITE)
VALUES ('6820D', 'SAINTE-CECILE');
INSERT INTO code_postaux (code_postal, LOCALITE)
VALUES ('6821', 'LACUISINE');
INSERT INTO code_postaux (code_postal, LOCALITE)
VALUES ('6823', 'VILLERS-DEVANT-ORVAL');
INSERT INTO code_postaux (code_postal, LOCALITE)
VALUES ('6824', 'CHASSEPIERRE');
INSERT INTO code_postaux (code_postal, LOCALITE)
VALUES ('6830', 'BOUILLON');
INSERT INTO code_postaux (code_postal, LOCALITE)
VALUES ('6830B', 'LES HAYONS');
INSERT INTO code_postaux (code_postal, LOCALITE)
VALUES ('6830C', 'POUPEHAN');
INSERT INTO code_postaux (code_postal, LOCALITE)
VALUES ('6830D', 'ROCHEHAUT');
INSERT INTO code_postaux (code_postal, LOCALITE)
VALUES ('6831', 'NOIREFONTAINE');
INSERT INTO code_postaux (code_postal, LOCALITE)
VALUES ('6832', 'SENSENRUTH');
INSERT INTO code_postaux (code_postal, LOCALITE)
VALUES ('6833', 'UCIMONT');
INSERT INTO code_postaux (code_postal, LOCALITE)
VALUES ('6833B', 'VIVY');
INSERT INTO code_postaux (code_postal, LOCALITE)
VALUES ('6834', 'BELLEVAUX');
INSERT INTO code_postaux (code_postal, LOCALITE)
VALUES ('6836', 'DOHAN');
INSERT INTO code_postaux (code_postal, LOCALITE)
VALUES ('6838', 'CORBION');
INSERT INTO code_postaux (code_postal, LOCALITE)
VALUES ('6840', 'NEUFCHATEAU');
INSERT INTO code_postaux (code_postal, LOCALITE)
VALUES ('6840B', 'GRANDVOIR');
INSERT INTO code_postaux (code_postal, LOCALITE)
VALUES ('6840C', 'GRAPFONTAINE');
INSERT INTO code_postaux (code_postal, LOCALITE)
VALUES ('6840D', 'HAMIPRE');
INSERT INTO code_postaux (code_postal, LOCALITE)
VALUES ('6840E', 'LONGLIER');
INSERT INTO code_postaux (code_postal, LOCALITE)
VALUES ('6840F', 'TOURNAY');
INSERT INTO code_postaux (code_postal, LOCALITE)
VALUES ('6850', 'PALISEUL');
INSERT INTO code_postaux (code_postal, LOCALITE)
VALUES ('6850B', 'CARLSBOURG');
INSERT INTO code_postaux (code_postal, LOCALITE)
VALUES ('6850C', 'OFFAGNE');
INSERT INTO code_postaux (code_postal, LOCALITE)
VALUES ('6851', 'NOLLEVAUX');
INSERT INTO code_postaux (code_postal, LOCALITE)
VALUES ('6852', 'MAISSIN');
INSERT INTO code_postaux (code_postal, LOCALITE)
VALUES ('6852B', 'OPONT');
INSERT INTO code_postaux (code_postal, LOCALITE)
VALUES ('6853', 'FRAMONT');
INSERT INTO code_postaux (code_postal, LOCALITE)
VALUES ('6856', 'FAYS-LES-VENEURS');
INSERT INTO code_postaux (code_postal, LOCALITE)
VALUES ('6860', 'LEGLISE');
INSERT INTO code_postaux (code_postal, LOCALITE)
VALUES ('6860B', 'ASSENOIS');
INSERT INTO code_postaux (code_postal, LOCALITE)
VALUES ('6860C', 'EBLY');
INSERT INTO code_postaux (code_postal, LOCALITE)
VALUES ('6860D', 'MELLIER');
INSERT INTO code_postaux (code_postal, LOCALITE)
VALUES ('6860E', 'WITRY');
INSERT INTO code_postaux (code_postal, LOCALITE)
VALUES ('6870', 'SAINT-HUBERT');
INSERT INTO code_postaux (code_postal, LOCALITE)
VALUES ('6870A', 'BRAS');
INSERT INTO code_postaux (code_postal, LOCALITE)
VALUES ('6870C', 'ARVILLE');
INSERT INTO code_postaux (code_postal, LOCALITE)
VALUES ('6870D', 'AWENNE');
INSERT INTO code_postaux (code_postal, LOCALITE)
VALUES ('6870E', 'HATRIVAL');
INSERT INTO code_postaux (code_postal, LOCALITE)
VALUES ('6870F', 'MIRWART');
INSERT INTO code_postaux (code_postal, LOCALITE)
VALUES ('6870G', 'VESQUEVILLE');
INSERT INTO code_postaux (code_postal, LOCALITE)
VALUES ('6880', 'BERTRIX');
INSERT INTO code_postaux (code_postal, LOCALITE)
VALUES ('6880B', 'AUBY-SUR-SEMOIS');
INSERT INTO code_postaux (code_postal, LOCALITE)
VALUES ('6880C', 'CUGNON');
INSERT INTO code_postaux (code_postal, LOCALITE)
VALUES ('6880D', 'JEHONVILLE');
INSERT INTO code_postaux (code_postal, LOCALITE)
VALUES ('6880E', 'ORGEO - BERTRIX');
INSERT INTO code_postaux (code_postal, LOCALITE)
VALUES ('6887', 'HERBEUMONT');
INSERT INTO code_postaux (code_postal, LOCALITE)
VALUES ('6887B', 'SAINT-MEDARD');
COMMIT;
INSERT INTO code_postaux (code_postal, LOCALITE)
VALUES ('6887C', 'STRAIMONT');
INSERT INTO code_postaux (code_postal, LOCALITE)
VALUES ('6890', 'LIBIN');
INSERT INTO code_postaux (code_postal, LOCALITE)
VALUES ('6890B', 'ANLOY');
INSERT INTO code_postaux (code_postal, LOCALITE)
VALUES ('6890C', 'OCHAMPS');
INSERT INTO code_postaux (code_postal, LOCALITE)
VALUES ('6890D', 'REDU');
INSERT INTO code_postaux (code_postal, LOCALITE)
VALUES ('6890E', 'SMUID');
INSERT INTO code_postaux (code_postal, LOCALITE)
VALUES ('6890F', 'TRANSINNE');
INSERT INTO code_postaux (code_postal, LOCALITE)
VALUES ('6890G', 'VILLANCE');
INSERT INTO code_postaux (code_postal, LOCALITE)
VALUES ('6900', 'MARCHE-EN-FAMENNE');
INSERT INTO code_postaux (code_postal, LOCALITE)
VALUES ('6900A', 'MARLOIE');
INSERT INTO code_postaux (code_postal, LOCALITE)
VALUES ('6900B', 'AYE');
INSERT INTO code_postaux (code_postal, LOCALITE)
VALUES ('6900C', 'HARGIMONT');
INSERT INTO code_postaux (code_postal, LOCALITE)
VALUES ('6900D', 'HUMAIN');
INSERT INTO code_postaux (code_postal, LOCALITE)
VALUES ('6900E', 'ON');
INSERT INTO code_postaux (code_postal, LOCALITE)
VALUES ('6900F', 'ROY');
INSERT INTO code_postaux (code_postal, LOCALITE)
VALUES ('6900G', 'WAHA - MARCHE');
INSERT INTO code_postaux (code_postal, LOCALITE)
VALUES ('6920', 'ROCHEFORT');
INSERT INTO code_postaux (code_postal, LOCALITE)
VALUES ('6920B', 'WELLIN');
INSERT INTO code_postaux (code_postal, LOCALITE)
VALUES ('6920C', 'SOHIER');
INSERT INTO code_postaux (code_postal, LOCALITE)
VALUES ('6921', 'CHANLY');
INSERT INTO code_postaux (code_postal, LOCALITE)
VALUES ('6922', 'HALMA');
INSERT INTO code_postaux (code_postal, LOCALITE)
VALUES ('6924', 'LOMPREZ');
INSERT INTO code_postaux (code_postal, LOCALITE)
VALUES ('6927', 'TELLIN');
INSERT INTO code_postaux (code_postal, LOCALITE)
VALUES ('6927B', 'BURE');
INSERT INTO code_postaux (code_postal, LOCALITE)
VALUES ('6927C', 'GRUPONT');
INSERT INTO code_postaux (code_postal, LOCALITE)
VALUES ('6927D', 'RESTEIGNE');
INSERT INTO code_postaux (code_postal, LOCALITE)
VALUES ('6929', 'DAVERDISSE');
INSERT INTO code_postaux (code_postal, LOCALITE)
VALUES ('6929B', 'GEMBES');
INSERT INTO code_postaux (code_postal, LOCALITE)
VALUES ('6929C', 'HAUT-FAYS');
INSERT INTO code_postaux (code_postal, LOCALITE)
VALUES ('6929D', 'PORCHERESSE (LUX.)');
INSERT INTO code_postaux (code_postal, LOCALITE)
VALUES ('6940', 'DURBUY');
INSERT INTO code_postaux (code_postal, LOCALITE)
VALUES ('6940B', 'BARVAUX-SUR-OURTHE');
INSERT INTO code_postaux (code_postal, LOCALITE)
VALUES ('6940C', 'GRANDHAN');
INSERT INTO code_postaux (code_postal, LOCALITE)
VALUES ('6940D', 'SEPTON');
INSERT INTO code_postaux (code_postal, LOCALITE)
VALUES ('6940E', 'WERIS');
INSERT INTO code_postaux (code_postal, LOCALITE)
VALUES ('6941', 'BENDE');
INSERT INTO code_postaux (code_postal, LOCALITE)
VALUES ('6941B', 'BOMAL-SUR-OURTHE');
INSERT INTO code_postaux (code_postal, LOCALITE)
VALUES ('6941C', 'BORLON');
INSERT INTO code_postaux (code_postal, LOCALITE)
VALUES ('6941D', 'HEYD');
INSERT INTO code_postaux (code_postal, LOCALITE)
VALUES ('6941E', 'IZIER');
INSERT INTO code_postaux (code_postal, LOCALITE)
VALUES ('6941F', 'TOHOGNE');
INSERT INTO code_postaux (code_postal, LOCALITE)
VALUES ('6941G', 'VILLERS-SAINTE-GERTRUDE');
INSERT INTO code_postaux (code_postal, LOCALITE)
VALUES ('6950', 'NASSOGNE');
INSERT INTO code_postaux (code_postal, LOCALITE)
VALUES ('6950B', 'HARSIN');
INSERT INTO code_postaux (code_postal, LOCALITE)
VALUES ('6951', 'BANDE');
INSERT INTO code_postaux (code_postal, LOCALITE)
VALUES ('6952', 'GRUNE');
INSERT INTO code_postaux (code_postal, LOCALITE)
VALUES ('6953', 'AMBLY');
INSERT INTO code_postaux (code_postal, LOCALITE)
VALUES ('6953B', 'FORRIERES');
INSERT INTO code_postaux (code_postal, LOCALITE)
VALUES ('6953C', 'LESTERNY');
INSERT INTO code_postaux (code_postal, LOCALITE)
VALUES ('6953D', 'MASBOURG');
INSERT INTO code_postaux (code_postal, LOCALITE)
VALUES ('6960', 'MANHAY');
INSERT INTO code_postaux (code_postal, LOCALITE)
VALUES ('6960B', 'DOCHAMPS');
INSERT INTO code_postaux (code_postal, LOCALITE)
VALUES ('6960C', 'GRANDMENIL');
INSERT INTO code_postaux (code_postal, LOCALITE)
VALUES ('6960D', 'HARRE');
INSERT INTO code_postaux (code_postal, LOCALITE)
VALUES ('6960E', 'MALEMPRE');
INSERT INTO code_postaux (code_postal, LOCALITE)
VALUES ('6960F', 'ODEIGNE');
INSERT INTO code_postaux (code_postal, LOCALITE)
VALUES ('6960G', 'VAUX-CHAVANNE');
INSERT INTO code_postaux (code_postal, LOCALITE)
VALUES ('6970', 'TENNEVILLE');
INSERT INTO code_postaux (code_postal, LOCALITE)
VALUES ('6971', 'CHAMPLON');
INSERT INTO code_postaux (code_postal, LOCALITE)
VALUES ('6972', 'ERNEUVILLE');
INSERT INTO code_postaux (code_postal, LOCALITE)
VALUES ('6980', 'LA ROCHE-EN-ARDENNE');
INSERT INTO code_postaux (code_postal, LOCALITE)
VALUES ('6980B', 'BEAUSAINT');
INSERT INTO code_postaux (code_postal, LOCALITE)
VALUES ('6982', 'SAMREE');
INSERT INTO code_postaux (code_postal, LOCALITE)
VALUES ('6983', 'ORTHO');
INSERT INTO code_postaux (code_postal, LOCALITE)
VALUES ('6984', 'HIVES');
INSERT INTO code_postaux (code_postal, LOCALITE)
VALUES ('6986', 'HALLEUX');
INSERT INTO code_postaux (code_postal, LOCALITE)
VALUES ('6987', 'RENDEUX');
INSERT INTO code_postaux (code_postal, LOCALITE)
VALUES ('6987B', 'BEFFE');
INSERT INTO code_postaux (code_postal, LOCALITE)
VALUES ('6987C', 'HODISTER');
INSERT INTO code_postaux (code_postal, LOCALITE)
VALUES ('6987D', 'MARCOURT');
INSERT INTO code_postaux (code_postal, LOCALITE)
VALUES ('6990', 'HOTTON');
INSERT INTO code_postaux (code_postal, LOCALITE)
VALUES ('6990A', 'MELREUX');
INSERT INTO code_postaux (code_postal, LOCALITE)
VALUES ('6990B', 'FRONVILLE');
INSERT INTO code_postaux (code_postal, LOCALITE)
VALUES ('6990C', 'HAMPTEAU');
INSERT INTO code_postaux (code_postal, LOCALITE)
VALUES ('6990D', 'MARENNE');
INSERT INTO code_postaux (code_postal, LOCALITE)
VALUES ('6997', 'EREZEE');
INSERT INTO code_postaux (code_postal, LOCALITE)
VALUES ('6997B', 'AMONINES');
INSERT INTO code_postaux (code_postal, LOCALITE)
VALUES ('6997C', 'MORMONT');
INSERT INTO code_postaux (code_postal, LOCALITE)
VALUES ('6997D', 'SOY');
INSERT INTO code_postaux (code_postal, LOCALITE)
VALUES ('7000', 'MONS');
INSERT INTO code_postaux (code_postal, LOCALITE)
VALUES ('7010', 'S.H.A.P.E. BELGIQUE');
INSERT INTO code_postaux (code_postal, LOCALITE)
VALUES ('7010B', 'S.H.A.P.E. BELGIE');
INSERT INTO code_postaux (code_postal, LOCALITE)
VALUES ('7011', 'GHLIN');
INSERT INTO code_postaux (code_postal, LOCALITE)
VALUES ('7012', 'FLENU');
INSERT INTO code_postaux (code_postal, LOCALITE)
VALUES ('7012B', 'JEMAPPES');
INSERT INTO code_postaux (code_postal, LOCALITE)
VALUES ('7020', 'MAISIERES');
INSERT INTO code_postaux (code_postal, LOCALITE)
VALUES ('7020B', 'NIMY');
INSERT INTO code_postaux (code_postal, LOCALITE)
VALUES ('7021', 'HAVRE');
INSERT INTO code_postaux (code_postal, LOCALITE)
VALUES ('7022', 'HARMIGNIES');
INSERT INTO code_postaux (code_postal, LOCALITE)
VALUES ('7022B', 'HARVENG');
INSERT INTO code_postaux (code_postal, LOCALITE)
VALUES ('7022C', 'HYON');
INSERT INTO code_postaux (code_postal, LOCALITE)
VALUES ('7022D', 'MESVIN');
INSERT INTO code_postaux (code_postal, LOCALITE)
VALUES ('7022E', 'NOUVELLES');
INSERT INTO code_postaux (code_postal, LOCALITE)
VALUES ('7024', 'CIPLY');
INSERT INTO code_postaux (code_postal, LOCALITE)
VALUES ('7030', 'SAINT-SYMPHORIEN');
INSERT INTO code_postaux (code_postal, LOCALITE)
VALUES ('7031', 'VILLERS-SAINT-GHISLAIN');
INSERT INTO code_postaux (code_postal, LOCALITE)
VALUES ('7032', 'SPIENNES');
INSERT INTO code_postaux (code_postal, LOCALITE)
VALUES ('7033', 'CUESMES');
INSERT INTO code_postaux (code_postal, LOCALITE)
VALUES ('7034', 'OBOURG');
INSERT INTO code_postaux (code_postal, LOCALITE)
VALUES ('7034B', 'SAINT-DENIS (HT.)');
COMMIT;
INSERT INTO code_postaux (code_postal, LOCALITE)
VALUES ('7040', 'QUEVY');
INSERT INTO code_postaux (code_postal, LOCALITE)
VALUES ('7040B', 'ASQUILLIES');
INSERT INTO code_postaux (code_postal, LOCALITE)
VALUES ('7040C', 'AULNOIS');
INSERT INTO code_postaux (code_postal, LOCALITE)
VALUES ('7040D', 'BLAREGNIES');
INSERT INTO code_postaux (code_postal, LOCALITE)
VALUES ('7040E', 'BOUGNIES');
INSERT INTO code_postaux (code_postal, LOCALITE)
VALUES ('7040F', 'GENLY');
INSERT INTO code_postaux (code_postal, LOCALITE)
VALUES ('7040G', 'GOEGNIES-CHAUSSEE');
INSERT INTO code_postaux (code_postal, LOCALITE)
VALUES ('7040H', 'QUEVY-LE-GRAND');
INSERT INTO code_postaux (code_postal, LOCALITE)
VALUES ('7040I', 'QUEVY-LE-PETIT');
INSERT INTO code_postaux (code_postal, LOCALITE)
VALUES ('7041', 'GIVRY');
INSERT INTO code_postaux (code_postal, LOCALITE)
VALUES ('7041B', 'HAVAY');
INSERT INTO code_postaux (code_postal, LOCALITE)
VALUES ('7050', 'JURBISE');
INSERT INTO code_postaux (code_postal, LOCALITE)
VALUES ('7050B', 'ERBAUT');
INSERT INTO code_postaux (code_postal, LOCALITE)
VALUES ('7050C', 'ERBISOEUL');
INSERT INTO code_postaux (code_postal, LOCALITE)
VALUES ('7050D', 'HERCHIES');
INSERT INTO code_postaux (code_postal, LOCALITE)
VALUES ('7050E', 'MASNUY-SAINT-JEAN (JURBISE)');
INSERT INTO code_postaux (code_postal, LOCALITE)
VALUES ('7050F', 'MASNUY-SAINT-PIERRE');
INSERT INTO code_postaux (code_postal, LOCALITE)
VALUES ('7060', 'SOIGNIES');
INSERT INTO code_postaux (code_postal, LOCALITE)
VALUES ('7060B', 'HORRUES');
INSERT INTO code_postaux (code_postal, LOCALITE)
VALUES ('7061', 'CASTEAU (SOIGNIES)');
INSERT INTO code_postaux (code_postal, LOCALITE)
VALUES ('7061B', 'THIEUSIES');
INSERT INTO code_postaux (code_postal, LOCALITE)
VALUES ('7062', 'NAAST');
INSERT INTO code_postaux (code_postal, LOCALITE)
VALUES ('7063', 'CHAUSSEE-NOTRE-DAME-LOUVIGNIES');
INSERT INTO code_postaux (code_postal, LOCALITE)
VALUES ('7063B', 'NEUFVILLES');
INSERT INTO code_postaux (code_postal, LOCALITE)
VALUES ('7070', 'LE ROEULX');
INSERT INTO code_postaux (code_postal, LOCALITE)
VALUES ('7070B', 'GOTTIGNIES');
INSERT INTO code_postaux (code_postal, LOCALITE)
VALUES ('7070C', 'MIGNAULT');
INSERT INTO code_postaux (code_postal, LOCALITE)
VALUES ('7070D', 'THIEU');
INSERT INTO code_postaux (code_postal, LOCALITE)
VALUES ('7070E', 'VILLE-SUR-HAINE (LE ROEULX)');
INSERT INTO code_postaux (code_postal, LOCALITE)
VALUES ('7080', 'FRAMERIES');
INSERT INTO code_postaux (code_postal, LOCALITE)
VALUES ('7080B', 'EUGIES (FRAMERIES)');
INSERT INTO code_postaux (code_postal, LOCALITE)
VALUES ('7080C', 'LA BOUVERIE');
INSERT INTO code_postaux (code_postal, LOCALITE)
VALUES ('7080D', 'NOIRCHAIN');
INSERT INTO code_postaux (code_postal, LOCALITE)
VALUES ('7080E', 'SARS-LA-BRUYERE');
INSERT INTO code_postaux (code_postal, LOCALITE)
VALUES ('7090', 'BRAINE-LE-COMTE');
INSERT INTO code_postaux (code_postal, LOCALITE)
VALUES ('7090B', 'HENNUYERES');
INSERT INTO code_postaux (code_postal, LOCALITE)
VALUES ('7090C', 'HENRIPONT');
INSERT INTO code_postaux (code_postal, LOCALITE)
VALUES ('7090D', 'PETIT-ROEULX-LEZ-BRAINE');
INSERT INTO code_postaux (code_postal, LOCALITE)
VALUES ('7090E', 'RONQUIERES');
INSERT INTO code_postaux (code_postal, LOCALITE)
VALUES ('7090F', 'STEENKERQUE (HT.)');
INSERT INTO code_postaux (code_postal, LOCALITE)
VALUES ('7100', 'LA LOUVIERE');
INSERT INTO code_postaux (code_postal, LOCALITE)
VALUES ('7100B', 'HAINE-SAINT-PAUL');
INSERT INTO code_postaux (code_postal, LOCALITE)
VALUES ('7100C', 'HAINE-SAINT-PIERRE');
INSERT INTO code_postaux (code_postal, LOCALITE)
VALUES ('7100D', 'SAINT-VAAST');
INSERT INTO code_postaux (code_postal, LOCALITE)
VALUES ('7100E', 'TRIVIERES');
INSERT INTO code_postaux (code_postal, LOCALITE)
VALUES ('7110', 'HOUDENG-GOEGNIES (LA LOUVIERE)');
INSERT INTO code_postaux (code_postal, LOCALITE)
VALUES ('7110B', 'BOUSSOIT');
INSERT INTO code_postaux (code_postal, LOCALITE)
VALUES ('7110C', 'HOUDENG-AIMERIES');
INSERT INTO code_postaux (code_postal, LOCALITE)
VALUES ('7110D', 'MAURAGE');
INSERT INTO code_postaux (code_postal, LOCALITE)
VALUES ('7110E', 'STREPY-BRACQUEGNIES');
INSERT INTO code_postaux (code_postal, LOCALITE)
VALUES ('7120', 'ESTINNES');
INSERT INTO code_postaux (code_postal, LOCALITE)
VALUES ('7120B', 'CROIX-LEZ-ROUVEROY');
INSERT INTO code_postaux (code_postal, LOCALITE)
VALUES ('7120C', 'ESTINNES-AU-MONT');
INSERT INTO code_postaux (code_postal, LOCALITE)
VALUES ('7120D', 'ESTINNES-AU-VAL');
INSERT INTO code_postaux (code_postal, LOCALITE)
VALUES ('7120E', 'FAUROEULX');
INSERT INTO code_postaux (code_postal, LOCALITE)
VALUES ('7120F', 'HAULCHIN');
INSERT INTO code_postaux (code_postal, LOCALITE)
VALUES ('7120G', 'PEISSANT');
INSERT INTO code_postaux (code_postal, LOCALITE)
VALUES ('7120H', 'ROUVEROY (HT.)');
INSERT INTO code_postaux (code_postal, LOCALITE)
VALUES ('7120I', 'VELLEREILLE-LE-SEC');
INSERT INTO code_postaux (code_postal, LOCALITE)
VALUES ('7120J', 'VELLEREILLE-LES-BRAYEUX');
INSERT INTO code_postaux (code_postal, LOCALITE)
VALUES ('7130', 'BINCHE');
INSERT INTO code_postaux (code_postal, LOCALITE)
VALUES ('7130B', 'BATTIGNIES');
INSERT INTO code_postaux (code_postal, LOCALITE)
VALUES ('7130C', 'BRAY');
INSERT INTO code_postaux (code_postal, LOCALITE)
VALUES ('7131', 'WAUDREZ');
INSERT INTO code_postaux (code_postal, LOCALITE)
VALUES ('7133', 'BUVRINNES');
INSERT INTO code_postaux (code_postal, LOCALITE)
VALUES ('7134', 'EPINOIS');
INSERT INTO code_postaux (code_postal, LOCALITE)
VALUES ('7134B', 'LEVAL-TRAHEGNIES');
INSERT INTO code_postaux (code_postal, LOCALITE)
VALUES ('7134C', 'PERONNES-LEZ-BINCHE');
INSERT INTO code_postaux (code_postal, LOCALITE)
VALUES ('7134D', 'RESSAIX');
INSERT INTO code_postaux (code_postal, LOCALITE)
VALUES ('7140', 'MORLANWELZ');
INSERT INTO code_postaux (code_postal, LOCALITE)
VALUES ('7140B', 'MORLANWELZ-MARIEMONT');
INSERT INTO code_postaux (code_postal, LOCALITE)
VALUES ('7141', 'CARNIERES');
INSERT INTO code_postaux (code_postal, LOCALITE)
VALUES ('7141B', 'MONT-SAINTE-ALDEGONDE');
INSERT INTO code_postaux (code_postal, LOCALITE)
VALUES ('7160', 'CHAPELLE-LEZ-HERLAIMONT');
INSERT INTO code_postaux (code_postal, LOCALITE)
VALUES ('7160B', 'GODARVILLE');
INSERT INTO code_postaux (code_postal, LOCALITE)
VALUES ('7160C', 'PIETON');
INSERT INTO code_postaux (code_postal, LOCALITE)
VALUES ('7170', 'MANAGE');
INSERT INTO code_postaux (code_postal, LOCALITE)
VALUES ('7170B', 'BELLECOURT');
INSERT INTO code_postaux (code_postal, LOCALITE)
VALUES ('7170D', 'FAYT-LEZ-MANAGE');
INSERT INTO code_postaux (code_postal, LOCALITE)
VALUES ('7170E', 'LA HESTRE');
INSERT INTO code_postaux (code_postal, LOCALITE)
VALUES ('7180', 'SENEFFE');
INSERT INTO code_postaux (code_postal, LOCALITE)
VALUES ('7181', 'ARQUENNES');
INSERT INTO code_postaux (code_postal, LOCALITE)
VALUES ('7181B', 'FAMILLEUREUX');
INSERT INTO code_postaux (code_postal, LOCALITE)
VALUES ('7181C', 'FELUY');
INSERT INTO code_postaux (code_postal, LOCALITE)
VALUES ('7181D', 'PETIT-ROEULX-LEZ-NIVELLES');
INSERT INTO code_postaux (code_postal, LOCALITE)
VALUES ('7181E', 'ECAUSSINNES');
INSERT INTO code_postaux (code_postal, LOCALITE)
VALUES ('7190', 'ECAUSSINNES');
INSERT INTO code_postaux (code_postal, LOCALITE)
VALUES ('7190C', 'MARCHE-LEZ-ECAUSSINNES');
INSERT INTO code_postaux (code_postal, LOCALITE)
VALUES ('7191', 'ECAUSSINNES-LALAING');
INSERT INTO code_postaux (code_postal, LOCALITE)
VALUES ('7300', 'BOUSSU');
INSERT INTO code_postaux (code_postal, LOCALITE)
VALUES ('7301', 'HORNU');
INSERT INTO code_postaux (code_postal, LOCALITE)
VALUES ('7320', 'BERNISSART');
INSERT INTO code_postaux (code_postal, LOCALITE)
VALUES ('7321', 'BLATON');
INSERT INTO code_postaux (code_postal, LOCALITE)
VALUES ('7321B', 'HARCHIES');
INSERT INTO code_postaux (code_postal, LOCALITE)
VALUES ('7322', 'POMMEROEUL');
INSERT INTO code_postaux (code_postal, LOCALITE)
VALUES ('7322B', 'VILLE-POMMEROEUL');
INSERT INTO code_postaux (code_postal, LOCALITE)
VALUES ('7330', 'SAINT-GHISLAIN');
INSERT INTO code_postaux (code_postal, LOCALITE)
VALUES ('7331', 'BAUDOUR');
INSERT INTO code_postaux (code_postal, LOCALITE)
VALUES ('7332', 'NEUFMAISON');
INSERT INTO code_postaux (code_postal, LOCALITE)
VALUES ('7332B', 'SIRAULT');
COMMIT;
INSERT INTO code_postaux (code_postal, LOCALITE)
VALUES ('7333', 'TERTRE');
INSERT INTO code_postaux (code_postal, LOCALITE)
VALUES ('7334', 'HAUTRAGE');
INSERT INTO code_postaux (code_postal, LOCALITE)
VALUES ('7334B', 'VILLEROT');
INSERT INTO code_postaux (code_postal, LOCALITE)
VALUES ('7340', 'COLFONTAINE');
INSERT INTO code_postaux (code_postal, LOCALITE)
VALUES ('7340B', 'PATURAGES');
INSERT INTO code_postaux (code_postal, LOCALITE)
VALUES ('7340C', 'WARQUIGNIES');
INSERT INTO code_postaux (code_postal, LOCALITE)
VALUES ('7340D', 'WASMES');
INSERT INTO code_postaux (code_postal, LOCALITE)
VALUES ('7350', 'HENSIES');
INSERT INTO code_postaux (code_postal, LOCALITE)
VALUES ('7350B', 'HAININ');
INSERT INTO code_postaux (code_postal, LOCALITE)
VALUES ('7350C', 'MONTROEUL-SUR-HAINE');
INSERT INTO code_postaux (code_postal, LOCALITE)
VALUES ('7350D', 'THULIN');
INSERT INTO code_postaux (code_postal, LOCALITE)
VALUES ('7370', 'DOUR');
INSERT INTO code_postaux (code_postal, LOCALITE)
VALUES ('7370B', 'BLAUGIES');
INSERT INTO code_postaux (code_postal, LOCALITE)
VALUES ('7370C', 'ELOUGES');
INSERT INTO code_postaux (code_postal, LOCALITE)
VALUES ('7370D', 'WIHERIES');
INSERT INTO code_postaux (code_postal, LOCALITE)
VALUES ('7380', 'QUIEVRAIN');
INSERT INTO code_postaux (code_postal, LOCALITE)
VALUES ('7380B', 'BAISIEUX');
INSERT INTO code_postaux (code_postal, LOCALITE)
VALUES ('7382', 'AUDREGNIES');
INSERT INTO code_postaux (code_postal, LOCALITE)
VALUES ('7387', 'HONNELLES');
INSERT INTO code_postaux (code_postal, LOCALITE)
VALUES ('7387B', 'ANGRE');
INSERT INTO code_postaux (code_postal, LOCALITE)
VALUES ('7387C', 'ANGREAU');
INSERT INTO code_postaux (code_postal, LOCALITE)
VALUES ('7387D', 'ATHIS');
INSERT INTO code_postaux (code_postal, LOCALITE)
VALUES ('7387E', 'AUTREPPE');
INSERT INTO code_postaux (code_postal, LOCALITE)
VALUES ('7387F', 'ERQUENNES');
INSERT INTO code_postaux (code_postal, LOCALITE)
VALUES ('7387G', 'FAYT-LE-FRANC');
INSERT INTO code_postaux (code_postal, LOCALITE)
VALUES ('7387H', 'MARCHIPONT');
INSERT INTO code_postaux (code_postal, LOCALITE)
VALUES ('7387I', 'MONTIGNIES-SUR-ROC');
INSERT INTO code_postaux (code_postal, LOCALITE)
VALUES ('7387J', 'ONNEZIES');
INSERT INTO code_postaux (code_postal, LOCALITE)
VALUES ('7387K', 'ROISIN');
INSERT INTO code_postaux (code_postal, LOCALITE)
VALUES ('7390', 'QUAREGNON');
INSERT INTO code_postaux (code_postal, LOCALITE)
VALUES ('7390B', 'WASMUEL');
INSERT INTO code_postaux (code_postal, LOCALITE)
VALUES ('7500', 'TOURNAI');
INSERT INTO code_postaux (code_postal, LOCALITE)
VALUES ('7500B', 'ERE');
INSERT INTO code_postaux (code_postal, LOCALITE)
VALUES ('7500C', 'SAINT-MAUR');
INSERT INTO code_postaux (code_postal, LOCALITE)
VALUES ('7501', 'ORCQ');
INSERT INTO code_postaux (code_postal, LOCALITE)
VALUES ('7502', 'ESPLECHIN');
INSERT INTO code_postaux (code_postal, LOCALITE)
VALUES ('7503', 'FROYENNES');
INSERT INTO code_postaux (code_postal, LOCALITE)
VALUES ('7504', 'FROIDMONT');
INSERT INTO code_postaux (code_postal, LOCALITE)
VALUES ('7506', 'WILLEMEAU');
INSERT INTO code_postaux (code_postal, LOCALITE)
VALUES ('7520', 'RAMEGNIES-CHIN');
INSERT INTO code_postaux (code_postal, LOCALITE)
VALUES ('7520B', 'TEMPLEUVE');
INSERT INTO code_postaux (code_postal, LOCALITE)
VALUES ('7521', 'CHERCQ');
INSERT INTO code_postaux (code_postal, LOCALITE)
VALUES ('7522', 'BLANDAIN');
INSERT INTO code_postaux (code_postal, LOCALITE)
VALUES ('7522B', 'HERTAIN');
INSERT INTO code_postaux (code_postal, LOCALITE)
VALUES ('7522C', 'LAMAIN');
INSERT INTO code_postaux (code_postal, LOCALITE)
VALUES ('7522D', 'MARQUAIN');
INSERT INTO code_postaux (code_postal, LOCALITE)
VALUES ('7530', 'GAURAIN-RAMECROIX (TOURNAI)');
INSERT INTO code_postaux (code_postal, LOCALITE)
VALUES ('7531', 'HAVINNES');
INSERT INTO code_postaux (code_postal, LOCALITE)
VALUES ('7532', 'BECLERS');
INSERT INTO code_postaux (code_postal, LOCALITE)
VALUES ('7533', 'THIMOUGIES');
INSERT INTO code_postaux (code_postal, LOCALITE)
VALUES ('7534', 'BARRY');
INSERT INTO code_postaux (code_postal, LOCALITE)
VALUES ('7534B', 'MAULDE');
INSERT INTO code_postaux (code_postal, LOCALITE)
VALUES ('7536', 'VAULX (TOURNAI)');
INSERT INTO code_postaux (code_postal, LOCALITE)
VALUES ('7538', 'VEZON');
INSERT INTO code_postaux (code_postal, LOCALITE)
VALUES ('7540', 'KAIN');
INSERT INTO code_postaux (code_postal, LOCALITE)
VALUES ('7540B', 'MELLES');
INSERT INTO code_postaux (code_postal, LOCALITE)
VALUES ('7540C', 'QUARTES');
INSERT INTO code_postaux (code_postal, LOCALITE)
VALUES ('7540D', 'RUMILLIES');
INSERT INTO code_postaux (code_postal, LOCALITE)
VALUES ('7542', 'MONT-SAINT-AUBERT');
INSERT INTO code_postaux (code_postal, LOCALITE)
VALUES ('7543', 'MOURCOURT');
INSERT INTO code_postaux (code_postal, LOCALITE)
VALUES ('7548', 'WARCHIN');
INSERT INTO code_postaux (code_postal, LOCALITE)
VALUES ('7600', 'PERUWELZ');
INSERT INTO code_postaux (code_postal, LOCALITE)
VALUES ('7601', 'ROUCOURT');
INSERT INTO code_postaux (code_postal, LOCALITE)
VALUES ('7602', 'BURY');
INSERT INTO code_postaux (code_postal, LOCALITE)
VALUES ('7603', 'BON-SECOURS');
INSERT INTO code_postaux (code_postal, LOCALITE)
VALUES ('7604', 'BAUGNIES');
INSERT INTO code_postaux (code_postal, LOCALITE)
VALUES ('7604B', 'BRAFFE');
INSERT INTO code_postaux (code_postal, LOCALITE)
VALUES ('7604C', 'BRASMENIL');
INSERT INTO code_postaux (code_postal, LOCALITE)
VALUES ('7604D', 'CALLENELLE');
INSERT INTO code_postaux (code_postal, LOCALITE)
VALUES ('7604E', 'WASMES-AUDEMEZ-BRIFFOEIL');
INSERT INTO code_postaux (code_postal, LOCALITE)
VALUES ('7608', 'WIERS');
INSERT INTO code_postaux (code_postal, LOCALITE)
VALUES ('7610', 'RUMES');
INSERT INTO code_postaux (code_postal, LOCALITE)
VALUES ('7611', 'LA GLANERIE');
INSERT INTO code_postaux (code_postal, LOCALITE)
VALUES ('7618', 'TAINTIGNIES');
INSERT INTO code_postaux (code_postal, LOCALITE)
VALUES ('7620', 'BRUNEHAUT');
INSERT INTO code_postaux (code_postal, LOCALITE)
VALUES ('7620B', 'BLEHARIES');
INSERT INTO code_postaux (code_postal, LOCALITE)
VALUES ('7620C', 'GUIGNIES');
INSERT INTO code_postaux (code_postal, LOCALITE)
VALUES ('7620D', 'HOLLAIN');
INSERT INTO code_postaux (code_postal, LOCALITE)
VALUES ('7620E', 'JOLLAIN-MERLIN');
INSERT INTO code_postaux (code_postal, LOCALITE)
VALUES ('7620F', 'WEZ-VELVAIN');
INSERT INTO code_postaux (code_postal, LOCALITE)
VALUES ('7621', 'LESDAIN');
INSERT INTO code_postaux (code_postal, LOCALITE)
VALUES ('7622', 'LAPLAIGNE');
INSERT INTO code_postaux (code_postal, LOCALITE)
VALUES ('7623', 'RONGY');
INSERT INTO code_postaux (code_postal, LOCALITE)
VALUES ('7624', 'HOWARDRIES');
INSERT INTO code_postaux (code_postal, LOCALITE)
VALUES ('7640', 'ANTOING');
INSERT INTO code_postaux (code_postal, LOCALITE)
VALUES ('7640B', 'MAUBRAY');
INSERT INTO code_postaux (code_postal, LOCALITE)
VALUES ('7640C', 'PERONNES-LEZ-ANTOING');
INSERT INTO code_postaux (code_postal, LOCALITE)
VALUES ('7641', 'BRUYELLE');
INSERT INTO code_postaux (code_postal, LOCALITE)
VALUES ('7642', 'CALONNE');
INSERT INTO code_postaux (code_postal, LOCALITE)
VALUES ('7643', 'FONTENOY');
INSERT INTO code_postaux (code_postal, LOCALITE)
VALUES ('7700', 'LUINGNE');
INSERT INTO code_postaux (code_postal, LOCALITE)
VALUES ('7700B', 'MOUSCRON');
INSERT INTO code_postaux (code_postal, LOCALITE)
VALUES ('7700C', 'MOESKROEN');
INSERT INTO code_postaux (code_postal, LOCALITE)
VALUES ('7711', 'DOTTIGNIES');
INSERT INTO code_postaux (code_postal, LOCALITE)
VALUES ('7711B', 'DOTTENIJS');
INSERT INTO code_postaux (code_postal, LOCALITE)
VALUES ('7712', 'HERSEAUX');
INSERT INTO code_postaux (code_postal, LOCALITE)
VALUES ('7730', 'ESTAIMPUIS');
INSERT INTO code_postaux (code_postal, LOCALITE)
VALUES ('7730B', 'BAILLEUL');
INSERT INTO code_postaux (code_postal, LOCALITE)
VALUES ('7730C', 'ESTAIMBOURG');
INSERT INTO code_postaux (code_postal, LOCALITE)
VALUES ('7730D', 'EVREGNIES');
COMMIT;
INSERT INTO code_postaux (code_postal, LOCALITE)
VALUES ('7730E', 'LEERS-NORD');
INSERT INTO code_postaux (code_postal, LOCALITE)
VALUES ('7730F', 'NECHIN');
INSERT INTO code_postaux (code_postal, LOCALITE)
VALUES ('7730G', 'SAINT-LEGER (HT.)');
INSERT INTO code_postaux (code_postal, LOCALITE)
VALUES ('7740', 'PECQ');
INSERT INTO code_postaux (code_postal, LOCALITE)
VALUES ('7740B', 'WARCOING');
INSERT INTO code_postaux (code_postal, LOCALITE)
VALUES ('7742', 'HERINNES-LEZ-PECQ');
INSERT INTO code_postaux (code_postal, LOCALITE)
VALUES ('7743', 'ESQUELMES');
INSERT INTO code_postaux (code_postal, LOCALITE)
VALUES ('7743B', 'OBIGIES');
INSERT INTO code_postaux (code_postal, LOCALITE)
VALUES ('7750B', 'AMOUGIES');
INSERT INTO code_postaux (code_postal, LOCALITE)
VALUES ('7750C', 'ANSEROEUL');
INSERT INTO code_postaux (code_postal, LOCALITE)
VALUES ('7750D', 'ORROIR');
INSERT INTO code_postaux (code_postal, LOCALITE)
VALUES ('7750E', 'RUSSEIGNIES');
INSERT INTO code_postaux (code_postal, LOCALITE)
VALUES ('7760', 'CELLES (HT.)');
INSERT INTO code_postaux (code_postal, LOCALITE)
VALUES ('7760B', 'ESCANAFFLES');
INSERT INTO code_postaux (code_postal, LOCALITE)
VALUES ('7760C', 'MOLENBAIX');
INSERT INTO code_postaux (code_postal, LOCALITE)
VALUES ('7760D', 'POPUELLES');
INSERT INTO code_postaux (code_postal, LOCALITE)
VALUES ('7760E', 'POTTES');
INSERT INTO code_postaux (code_postal, LOCALITE)
VALUES ('7760F', 'VELAINES');
INSERT INTO code_postaux (code_postal, LOCALITE)
VALUES ('7780', 'COMINES-WARNETON');
INSERT INTO code_postaux (code_postal, LOCALITE)
VALUES ('7780B', 'COMINES');
INSERT INTO code_postaux (code_postal, LOCALITE)
VALUES ('7780C', 'KOMEN-WAASTEN');
INSERT INTO code_postaux (code_postal, LOCALITE)
VALUES ('7780D', 'KOMEN');
INSERT INTO code_postaux (code_postal, LOCALITE)
VALUES ('7781', 'HOUTHEM (COMINES)');
INSERT INTO code_postaux (code_postal, LOCALITE)
VALUES ('7782', 'PLOEGSTEERT');
INSERT INTO code_postaux (code_postal, LOCALITE)
VALUES ('7783', 'BIZET');
INSERT INTO code_postaux (code_postal, LOCALITE)
VALUES ('7784', 'BAS-WARNETON');
INSERT INTO code_postaux (code_postal, LOCALITE)
VALUES ('7784B', 'WARNETON');
INSERT INTO code_postaux (code_postal, LOCALITE)
VALUES ('7784C', 'NEERWAASTEN');
INSERT INTO code_postaux (code_postal, LOCALITE)
VALUES ('7784D', 'WAASTEN');
INSERT INTO code_postaux (code_postal, LOCALITE)
VALUES ('7800', 'ATH');
INSERT INTO code_postaux (code_postal, LOCALITE)
VALUES ('7800B', 'LANQUESAINT');
INSERT INTO code_postaux (code_postal, LOCALITE)
VALUES ('7801', 'IRCHONWELZ');
INSERT INTO code_postaux (code_postal, LOCALITE)
VALUES ('7802', 'ORMEIGNIES');
INSERT INTO code_postaux (code_postal, LOCALITE)
VALUES ('7803', 'BOUVIGNIES');
INSERT INTO code_postaux (code_postal, LOCALITE)
VALUES ('7804', 'OSTICHES');
INSERT INTO code_postaux (code_postal, LOCALITE)
VALUES ('7804B', 'REBAIX');
INSERT INTO code_postaux (code_postal, LOCALITE)
VALUES ('7810', 'MAFFLE');
INSERT INTO code_postaux (code_postal, LOCALITE)
VALUES ('7811', 'ARBRE (HT.)');
INSERT INTO code_postaux (code_postal, LOCALITE)
VALUES ('7812', 'HOUTAING');
INSERT INTO code_postaux (code_postal, LOCALITE)
VALUES ('7812B', 'LIGNE');
INSERT INTO code_postaux (code_postal, LOCALITE)
VALUES ('7812C', 'MAINVAULT');
INSERT INTO code_postaux (code_postal, LOCALITE)
VALUES ('7812D', 'MOULBAIX');
INSERT INTO code_postaux (code_postal, LOCALITE)
VALUES ('7812E', 'VILLERS-NOTRE-DAME');
INSERT INTO code_postaux (code_postal, LOCALITE)
VALUES ('7812F', 'VILLERS-SAINT-AMAND');
INSERT INTO code_postaux (code_postal, LOCALITE)
VALUES ('7822', 'GHISLENGHIEN');
INSERT INTO code_postaux (code_postal, LOCALITE)
VALUES ('7822B', 'ISIERES');
INSERT INTO code_postaux (code_postal, LOCALITE)
VALUES ('7823', 'GIBECQ');
INSERT INTO code_postaux (code_postal, LOCALITE)
VALUES ('7830', 'SILLY');
INSERT INTO code_postaux (code_postal, LOCALITE)
VALUES ('7830B', 'BASSILLY');
INSERT INTO code_postaux (code_postal, LOCALITE)
VALUES ('7830C', 'FOULENG');
INSERT INTO code_postaux (code_postal, LOCALITE)
VALUES ('7830D', 'GONDREGNIES');
INSERT INTO code_postaux (code_postal, LOCALITE)
VALUES ('7830E', 'GRATY');
INSERT INTO code_postaux (code_postal, LOCALITE)
VALUES ('7830F', 'HELLEBECQ');
INSERT INTO code_postaux (code_postal, LOCALITE)
VALUES ('7830G', 'HOVES (HT.)');
INSERT INTO code_postaux (code_postal, LOCALITE)
VALUES ('7830H', 'THORICOURT');
INSERT INTO code_postaux (code_postal, LOCALITE)
VALUES ('7850', 'ENGHIEN');
INSERT INTO code_postaux (code_postal, LOCALITE)
VALUES ('7850B', 'MARCQ');
INSERT INTO code_postaux (code_postal, LOCALITE)
VALUES ('7850C', 'PETIT-ENGHIEN');
INSERT INTO code_postaux (code_postal, LOCALITE)
VALUES ('7850D', 'EDINGEN');
INSERT INTO code_postaux (code_postal, LOCALITE)
VALUES ('7850E', 'LETTELINGEN');
INSERT INTO code_postaux (code_postal, LOCALITE)
VALUES ('7850F', 'MARK');
INSERT INTO code_postaux (code_postal, LOCALITE)
VALUES ('7860', 'LESSINES');
INSERT INTO code_postaux (code_postal, LOCALITE)
VALUES ('7861', 'PAPIGNIES');
INSERT INTO code_postaux (code_postal, LOCALITE)
VALUES ('7861B', 'WANNEBECQ');
INSERT INTO code_postaux (code_postal, LOCALITE)
VALUES ('7862', 'OGY');
INSERT INTO code_postaux (code_postal, LOCALITE)
VALUES ('7863', 'GHOY');
INSERT INTO code_postaux (code_postal, LOCALITE)
VALUES ('7864', 'DEUX-ACREN');
INSERT INTO code_postaux (code_postal, LOCALITE)
VALUES ('7866', 'BOIS-DE-LESSINES');
INSERT INTO code_postaux (code_postal, LOCALITE)
VALUES ('7866B', 'OLLIGNIES');
INSERT INTO code_postaux (code_postal, LOCALITE)
VALUES ('7870', 'LENS');
INSERT INTO code_postaux (code_postal, LOCALITE)
VALUES ('7870B', 'BAUFFE');
INSERT INTO code_postaux (code_postal, LOCALITE)
VALUES ('7870C', 'CAMBRON-SAINT-VINCENT');
COMMIT;


INSERT INTO SECRETARIATS (id_secretaire, NOM, PRENOM, ADRESSE, code_postal, LOCALITE, nr_telephone, nr_fax, EMAIL)
VALUES (1, 'HERMANT', 'Christiane', '14, Rue les Oies', '4052', 'BEAUFAYS', '04/368.84.26', '04/342.50.16',
        'hermant@appl.be');
INSERT INTO SECRETARIATS (id_secretaire, NOM, PRENOM, ADRESSE, code_postal, LOCALITE, nr_telephone, nr_fax, EMAIL)
VALUES (2, 'SIMONS', 'Michelle', 'Rue Joseph Wauters, 6', '4430', 'ANS', '04/226.10.77', NULL,
        'embourg.natation@teledisnet.be');
INSERT INTO SECRETARIATS (id_secretaire, NOM, PRENOM, ADRESSE, code_postal, LOCALITE, nr_telephone, nr_fax, EMAIL)
VALUES (3, 'DUBUISSON', 'Yolande', 'Trou des Loups, 25', '6540', 'LOBBES', NULL, NULL, NULL);
INSERT INTO SECRETARIATS (id_secretaire, NOM, PRENOM, ADRESSE, code_postal, LOCALITE, nr_telephone, nr_fax, EMAIL)
VALUES (4, 'MONFORT', 'Willy', 'Avenue des puddleurs,53', '4100', 'SERAING', '04/338.15.52', '04/337.82.98',
        'monfortw@hotmail.com');
COMMIT;
INSERT INTO COMPETITIONS (id_competition, LIBELLE, ORGANISATEUR)
VALUES (1, 'Championnats de Belgique de Natation', 'FEDERATION ROYALE BELGE DE NATATION');
INSERT INTO COMPETITIONS (id_competition, LIBELLE, ORGANISATEUR)
VALUES (2, 'Challenge Jean-Baptiste Evrard', 'EMBOURG NATATION');
INSERT INTO COMPETITIONS (id_competition, LIBELLE, ORGANISATEUR)
VALUES (3, 'Challenge Alex EVERAERT', 'CHARLEROI ASSOCIATION NATATIOn');
INSERT INTO COMPETITIONS (id_competition, LIBELLE, ORGANISATEUR)
VALUES (4, 'Championnat Europe', 'FEDERATION Europe');
COMMIT;
INSERT INTO ORGANISATEURS (id_competition, ANNEE, nbre_jours, id_secretariat, droit_inscription_individuel,
                           droit_inscription_relais, forfait_par_course)
VALUES (3, 2002, 2, 3, 4, 7, NULL);
INSERT INTO ORGANISATEURS (id_competition, ANNEE, nbre_jours, id_secretariat, droit_inscription_individuel,
                           droit_inscription_relais, forfait_par_course)
VALUES (2, 2003, 2, 2, 2.5, 2.5, NULL);
INSERT INTO ORGANISATEURS (id_competition, ANNEE, nbre_jours, id_secretariat, droit_inscription_individuel,
                           droit_inscription_relais, forfait_par_course)
VALUES (1, 2002, 3, 1, NULL, NULL, NULL);
INSERT INTO ORGANISATEURS (id_competition, ANNEE, nbre_jours, id_secretariat, droit_inscription_individuel,
                           droit_inscription_relais, forfait_par_course)
VALUES (1, 2001, 3, 1, NULL, NULL, NULL);
INSERT INTO ORGANISATEURS (id_competition, ANNEE, nbre_jours, id_secretariat, droit_inscription_individuel,
                           droit_inscription_relais, forfait_par_course)
VALUES (1, 2003, 3, 1, 6.2, 12.4, 50);
INSERT INTO ORGANISATEURS (id_competition, ANNEE, nbre_jours, id_secretariat, droit_inscription_individuel,
                           droit_inscription_relais, forfait_par_course)
VALUES (1, 2004, 3, 1, 4, 7, 50);
INSERT INTO ORGANISATEURS (id_competition, ANNEE, nbre_jours, id_secretariat, droit_inscription_individuel,
                           droit_inscription_relais, forfait_par_course)
VALUES (1, 2005, 3, 1, 4, 7, 50);
INSERT INTO ORGANISATEURS (id_competition, ANNEE, nbre_jours, id_secretariat, droit_inscription_individuel,
                           droit_inscription_relais, forfait_par_course)
VALUES (4, 2015, 2, 1, NULL, NULL, NULL);
COMMIT;
INSERT INTO PISCINES (id_piscine, NOM, ADRESSE, code_postal, LIEU, LONGUEUR, nb_couloirs)
VALUES (1, 'Piscine olympique de Seraing', 'Avenue des Puddleurs, 51', '4100', 'SERAING', 50, 8);
INSERT INTO PISCINES (id_piscine, NOM, ADRESSE, code_postal, LIEU, LONGUEUR, nb_couloirs)
VALUES (2, 'Piscine de Lokeren', 'Sportlaan, 3', '9160', 'LOKEREN', 20, 6);
INSERT INTO PISCINES (id_piscine, NOM, ADRESSE, code_postal, LIEU, LONGUEUR, nb_couloirs)
VALUES (3, 'Piscine de Marchienne-Au-Pont', 'Place Albert 1er, 38', '6030B', 'MARCHIENNE-AU-PONT', 50, 3);
INSERT INTO PISCINES (id_piscine, NOM, ADRESSE, code_postal, LIEU, LONGUEUR, nb_couloirs)
VALUES (4, 'Piscine du Centre HELIOS', 'Rue de Montignies', '6000', 'CHARLEROI', 25, 5);
INSERT INTO PISCINES (id_piscine, NOM, ADRESSE, code_postal, LIEU, LONGUEUR, nb_couloirs)
VALUES (5, 'Piscine D''Embourg', 'Au Chession, 8', '4053', 'EMBOURG', 25, 4);
INSERT INTO PISCINES (id_piscine, NOM, ADRESSE, code_postal, LIEU, LONGUEUR, nb_couloirs)
VALUES (6, 'Piscine de BEVEREN', NULL, '8791', 'BEVEREN', 37, 4);
INSERT INTO PISCINES (id_piscine, NOM, ADRESSE, code_postal, LIEU, LONGUEUR, nb_couloirs)
VALUES (7, 'Piscine d''Arlon', 'I.T.E.L.A. Chemin de Weyler,2', '6700', 'ARLON', 25, 6);
COMMIT;
INSERT INTO CATEGORIES (code_categorie, lib_categorie, age_min, age_max)
VALUES ('A', '25/29 ans', 25, 29);
INSERT INTO CATEGORIES (code_categorie, lib_categorie, age_min, age_max)
VALUES ('B', '30/34 ans', 30, 34);
INSERT INTO CATEGORIES (code_categorie, lib_categorie, age_min, age_max)
VALUES ('C', '35/39 ans', 35, 39);
INSERT INTO CATEGORIES (code_categorie, lib_categorie, age_min, age_max)
VALUES ('D', '40/44 ans', 40, 44);
INSERT INTO CATEGORIES (code_categorie, lib_categorie, age_min, age_max)
VALUES ('E', '45/49 ans', 45, 49);
INSERT INTO CATEGORIES (code_categorie, lib_categorie, age_min, age_max)
VALUES ('F', '50/54 ans', 50, 54);
INSERT INTO CATEGORIES (code_categorie, lib_categorie, age_min, age_max)
VALUES ('G', '55/59 ans', 55, 59);
INSERT INTO CATEGORIES (code_categorie, lib_categorie, age_min, age_max)
VALUES ('H', '60/64 ans', 60, 64);
INSERT INTO CATEGORIES (code_categorie, lib_categorie, age_min, age_max)
VALUES ('I', '65/69 ans', 65, 69);
INSERT INTO CATEGORIES (code_categorie, lib_categorie, age_min, age_max)
VALUES ('J', '70/74 ans', 70, 74);
INSERT INTO CATEGORIES (code_categorie, lib_categorie, age_min, age_max)
VALUES ('K', '75/79 ans', 75, 79);
INSERT INTO CATEGORIES (code_categorie, lib_categorie, age_min, age_max)
VALUES ('L', '80/84 ans', 80, 84);
INSERT INTO CATEGORIES (code_categorie, lib_categorie, age_min, age_max)
VALUES ('M', '85/89 ans', 85, 89);
INSERT INTO CATEGORIES (code_categorie, lib_categorie, age_min, age_max)
VALUES ('N', '90/94 ans', 90, 94);
INSERT INTO CATEGORIES (code_categorie, lib_categorie, age_min, age_max)
VALUES ('O', 'Plus de 94', 94, NULL);
INSERT INTO CATEGORIES (code_categorie, lib_categorie, age_min, age_max)
VALUES ('0', '20/24', 20, 24);
INSERT INTO CATEGORIES (code_categorie, lib_categorie, age_min, age_max)
VALUES ('9', 'moins de 20 ans', NULL, 19);
COMMIT;



INSERT INTO CLUBS (code_club, NOM, id_secretariat, nr_ligue_responsable, nbre_nageurs)
VALUES ('USG', NULL, 1, NULL, NULL);
INSERT INTO CLUBS (code_club, NOM, id_secretariat, nr_ligue_responsable, nbre_nageurs)
VALUES ('TENBO', NULL, 3, NULL, NULL);
INSERT INTO CLUBS (code_club, NOM, id_secretariat, nr_ligue_responsable, nbre_nageurs)
VALUES ('OLD D', NULL, 3, NULL, NULL);
INSERT INTO CLUBS (code_club, NOM, id_secretariat, nr_ligue_responsable, nbre_nageurs)
VALUES ('SL', 'Swimming Luxembourg', 1, NULL, NULL);
INSERT INTO CLUBS (code_club, NOM, id_secretariat, nr_ligue_responsable, nbre_nageurs)
VALUES ('CNSW', NULL, 4, NULL, NULL);
INSERT INTO CLUBS (code_club, NOM, id_secretariat, nr_ligue_responsable, nbre_nageurs)
VALUES ('CNMA', NULL, 2, NULL, NULL);
INSERT INTO CLUBS (code_club, NOM, id_secretariat, nr_ligue_responsable, nbre_nageurs)
VALUES ('ZZV', NULL, 3, NULL, NULL);
INSERT INTO CLUBS (code_club, NOM, id_secretariat, nr_ligue_responsable, nbre_nageurs)
VALUES ('ZVH', NULL, 3, NULL, NULL);
INSERT INTO CLUBS (code_club, NOM, id_secretariat, nr_ligue_responsable, nbre_nageurs)
VALUES ('VU/DG', NULL, 1, NULL, NULL);
INSERT INTO CLUBS (code_club, NOM, id_secretariat, nr_ligue_responsable, nbre_nageurs)
VALUES ('OCEAN', NULL, 2, NULL, NULL);
INSERT INTO CLUBS (code_club, NOM, id_secretariat, nr_ligue_responsable, nbre_nageurs)
VALUES ('W', NULL, 2, NULL, NULL);
INSERT INTO CLUBS (code_club, NOM, id_secretariat, nr_ligue_responsable, nbre_nageurs)
VALUES ('IKZ', NULL, 3, NULL, NULL);
INSERT INTO CLUBS (code_club, NOM, id_secretariat, nr_ligue_responsable, nbre_nageurs)
VALUES ('AZSC', 'Koninklijke Antwerpsezwemclub Scaldis', 1, NULL, NULL);
INSERT INTO CLUBS (code_club, NOM, id_secretariat, nr_ligue_responsable, nbre_nageurs)
VALUES ('AZV', 'Arendonkse zwemclub', 1, NULL, NULL);
INSERT INTO CLUBS (code_club, NOM, id_secretariat, nr_ligue_responsable, nbre_nageurs)
VALUES ('BZTC', NULL, 1, NULL, NULL);
INSERT INTO CLUBS (code_club, NOM, id_secretariat, nr_ligue_responsable, nbre_nageurs)
VALUES ('CCM', 'Castor club de Mons', 3, NULL, NULL);
INSERT INTO CLUBS (code_club, NOM, id_secretariat, nr_ligue_responsable, nbre_nageurs)
VALUES ('CCS', 'Club communal natation Marche en Famenne', 1, NULL, NULL);
INSERT INTO CLUBS (code_club, NOM, id_secretariat, nr_ligue_responsable, nbre_nageurs)
VALUES ('CHAN', 'Charleroi association natation', 2, NULL, NULL);
INSERT INTO CLUBS (code_club, NOM, id_secretariat, nr_ligue_responsable, nbre_nageurs)
VALUES ('CHTHN', NULL, 4, NULL, NULL);
INSERT INTO CLUBS (code_club, NOM, id_secretariat, nr_ligue_responsable, nbre_nageurs)
VALUES ('CNA', 'Cercle de natation Arlonais', 1, NULL, NULL);
INSERT INTO CLUBS (code_club, NOM, id_secretariat, nr_ligue_responsable, nbre_nageurs)
VALUES ('CNBA', 'Cercle Royal de natation de Bruxelles Atalante', 1, NULL, NULL);
INSERT INTO CLUBS (code_club, NOM, id_secretariat, nr_ligue_responsable, nbre_nageurs)
VALUES ('CNHUY', 'Cercle Royal de natation de Huy', 1, NULL, NULL);
INSERT INTO CLUBS (code_club, NOM, id_secretariat, nr_ligue_responsable, nbre_nageurs)
VALUES ('CNJ', 'Cercle de natation Jodoignois', 3, NULL, NULL);
INSERT INTO CLUBS (code_club, NOM, id_secretariat, nr_ligue_responsable, nbre_nageurs)
VALUES ('COUNT', 'Country swimming club la Calaine Neu-Moresnet', 1, NULL, NULL);
INSERT INTO CLUBS (code_club, NOM, id_secretariat, nr_ligue_responsable, nbre_nageurs)
VALUES ('DCTP', 'Dauphin club Trois Ponts', 4, NULL, NULL);
INSERT INTO CLUBS (code_club, NOM, id_secretariat, nr_ligue_responsable, nbre_nageurs)
VALUES ('DMB', 'Zwemvereniging de Meerkoet Bree', 4, NULL, NULL);
INSERT INTO CLUBS (code_club, NOM, id_secretariat, nr_ligue_responsable, nbre_nageurs)
VALUES ('EMBOU', 'Embourg natation', 1, NULL, NULL);
INSERT INTO CLUBS (code_club, NOM, id_secretariat, nr_ligue_responsable, nbre_nageurs)
VALUES ('ENN', 'Ecole de natation de Nivelles', 3, NULL, NULL);
INSERT INTO CLUBS (code_club, NOM, id_secretariat, nr_ligue_responsable, nbre_nageurs)
VALUES ('ESN', 'Ecole Seraing Natation', 1, NULL, NULL);
INSERT INTO CLUBS (code_club, NOM, id_secretariat, nr_ligue_responsable, nbre_nageurs)
VALUES ('GBZ', 'Groot Beverse Zwemclub', 3, NULL, NULL);
INSERT INTO CLUBS (code_club, NOM, id_secretariat, nr_ligue_responsable, nbre_nageurs)
VALUES ('HZA', 'Heistse zwemclub Arduas', 3, NULL, NULL);
INSERT INTO CLUBS (code_club, NOM, id_secretariat, nr_ligue_responsable, nbre_nageurs)
VALUES ('HZC', NULL, 2, NULL, NULL);
INSERT INTO CLUBS (code_club, NOM, id_secretariat, nr_ligue_responsable, nbre_nageurs)
VALUES ('HZS', 'Koninklijke Hasselte zwemvereniging Spartacus', 2, NULL, NULL);
INSERT INTO CLUBS (code_club, NOM, id_secretariat, nr_ligue_responsable, nbre_nageurs)
VALUES ('KZK', 'Koninklijke Kortrijkse zwemkring', 4, NULL, NULL);
INSERT INTO CLUBS (code_club, NOM, id_secretariat, nr_ligue_responsable, nbre_nageurs)
VALUES ('LDV', 'Les dauphins Visetois', 2, NULL, NULL);
INSERT INTO CLUBS (code_club, NOM, id_secretariat, nr_ligue_responsable, nbre_nageurs)
VALUES ('LZV', 'Loverse zwemvereniging', 3, NULL, NULL);
INSERT INTO CLUBS (code_club, NOM, id_secretariat, nr_ligue_responsable, nbre_nageurs)
VALUES ('MOZKA', 'Molse zwemclub Mozka', 2, NULL, NULL);
INSERT INTO CLUBS (code_club, NOM, id_secretariat, nr_ligue_responsable, nbre_nageurs)
VALUES ('MZVA', NULL, 1, NULL, NULL);
INSERT INTO CLUBS (code_club, NOM, id_secretariat, nr_ligue_responsable, nbre_nageurs)
VALUES ('NCG', NULL, 4, NULL, NULL);
INSERT INTO CLUBS (code_club, NOM, id_secretariat, nr_ligue_responsable, nbre_nageurs)
VALUES ('NEREU', 'Cercle de natation Nereu Ganshoren', 1, NULL, NULL);
INSERT INTO CLUBS (code_club, NOM, id_secretariat, nr_ligue_responsable, nbre_nageurs)
VALUES ('NOC', 'Namur Olympic club', 1, NULL, NULL);
INSERT INTO CLUBS (code_club, NOM, id_secretariat, nr_ligue_responsable, nbre_nageurs)
VALUES ('NSG', 'Societe Royale La nage Saint-Gilles', 4, NULL, NULL);
INSERT INTO CLUBS (code_club, NOM, id_secretariat, nr_ligue_responsable, nbre_nageurs)
VALUES ('OLMA', NULL, 1, NULL, NULL);
INSERT INTO CLUBS (code_club, NOM, id_secretariat, nr_ligue_responsable, nbre_nageurs)
VALUES ('OSC', NULL, 4, NULL, NULL);
INSERT INTO CLUBS (code_club, NOM, id_secretariat, nr_ligue_responsable, nbre_nageurs)
VALUES ('OZEKA', NULL, 4, NULL, NULL);
INSERT INTO CLUBS (code_club, NOM, id_secretariat, nr_ligue_responsable, nbre_nageurs)
VALUES ('RBP', 'Koninkijke Antwerpsezwemclub scaldis', 1, NULL, NULL);
INSERT INTO CLUBS (code_club, NOM, id_secretariat, nr_ligue_responsable, nbre_nageurs)
VALUES ('RSCM', NULL, 3, NULL, NULL);
INSERT INTO CLUBS (code_club, NOM, id_secretariat, nr_ligue_responsable, nbre_nageurs)
VALUES ('SCC', 'Swimming club Calypso Watermael Boitsfort', 4, NULL, NULL);
INSERT INTO CLUBS (code_club, NOM, id_secretariat, nr_ligue_responsable, nbre_nageurs)
VALUES ('SNC', NULL, 1, NULL, NULL);
INSERT INTO CLUBS (code_club, NOM, id_secretariat, nr_ligue_responsable, nbre_nageurs)
VALUES ('SOZ', 'Sorghvliet zwemclub', 1, NULL, NULL);
INSERT INTO CLUBS (code_club, NOM, id_secretariat, nr_ligue_responsable, nbre_nageurs)
VALUES ('SVAZ', 'Sportvereniging Aarselaar zwemmen', 1, NULL, NULL);
INSERT INTO CLUBS (code_club, NOM, id_secretariat, nr_ligue_responsable, nbre_nageurs)
VALUES ('TZV', 'Koninklijke Turnhoutse Zwemvereniging', 4, NULL, NULL);
INSERT INTO CLUBS (code_club, NOM, id_secretariat, nr_ligue_responsable, nbre_nageurs)
VALUES ('VN', 'Royal Verviers natation', 1, NULL, NULL);
INSERT INTO CLUBS (code_club, NOM, id_secretariat, nr_ligue_responsable, nbre_nageurs)
VALUES ('WSD', NULL, 1, NULL, NULL);
INSERT INTO CLUBS (code_club, NOM, id_secretariat, nr_ligue_responsable, nbre_nageurs)
VALUES ('WZV', 'Wemmelse zwemvereniging', 3, NULL, NULL);
INSERT INTO CLUBS (code_club, NOM, id_secretariat, nr_ligue_responsable, nbre_nageurs)
VALUES ('YSC', NULL, 4, NULL, NULL);
INSERT INTO CLUBS (code_club, NOM, id_secretariat, nr_ligue_responsable, nbre_nageurs)
VALUES ('ZCK', 'Zwemclub Kapelle-O/D-Bos', 4, NULL, NULL);
INSERT INTO CLUBS (code_club, NOM, id_secretariat, nr_ligue_responsable, nbre_nageurs)
VALUES ('ZCM', 'Zwemclub Maasmechelen', 2, NULL, NULL);
INSERT INTO CLUBS (code_club, NOM, id_secretariat, nr_ligue_responsable, nbre_nageurs)
VALUES ('ZD', 'Zolderse Dolfijnen', 2, NULL, NULL);
INSERT INTO CLUBS (code_club, NOM, id_secretariat, nr_ligue_responsable, nbre_nageurs)
VALUES ('ZDKK', NULL, 1, NULL, NULL);
INSERT INTO CLUBS (code_club, NOM, id_secretariat, nr_ligue_responsable, nbre_nageurs)
VALUES ('ZIK', 'Zwemclub iloka Kapellen', 2, NULL, NULL);
INSERT INTO CLUBS (code_club, NOM, id_secretariat, nr_ligue_responsable, nbre_nageurs)
VALUES ('ZN', 'Nijlense Zwemclub', 2, NULL, NULL);
INSERT INTO CLUBS (code_club, NOM, id_secretariat, nr_ligue_responsable, nbre_nageurs)
VALUES ('ZNA', 'Koninklijke zwemclub Neptunus Aalst', 3, NULL, NULL);
INSERT INTO CLUBS (code_club, NOM, id_secretariat, nr_ligue_responsable, nbre_nageurs)
VALUES ('ZOLA', 'Zwemclub Olympic Antwerpen', 2, NULL, NULL);
INSERT INTO CLUBS (code_club, NOM, id_secretariat, nr_ligue_responsable, nbre_nageurs)
VALUES ('ZVL', NULL, 3, NULL, NULL);
COMMIT;

INSERT INTO NAGEURS (nr_ligue, NOM, PRENOM, annee_naissance, SEXE, code_categorie, code_club, ADRESSE, code_postal,
                     LOCALITE, nr_telephone, EMAIL, GSM, COTISATION)
VALUES ('72/000019/NOC', 'BERTEL', 'STEPHANE', 1972, 'M', 'D', 'NOC', NULL, '4041', NULL, NULL, NULL, NULL, NULL);
INSERT INTO NAGEURS (nr_ligue, NOM, PRENOM, annee_naissance, SEXE, code_categorie, code_club, ADRESSE, code_postal,
                     LOCALITE, nr_telephone, EMAIL, GSM, COTISATION)
VALUES ('71/000138/CNJ', 'HEYVAER', 'MARIE SABINE', 1971, 'F', 'D', 'CNJ', NULL, '4020C', NULL, NULL, NULL, NULL,
        NULL);
INSERT INTO NAGEURS (nr_ligue, NOM, PRENOM, annee_naissance, SEXE, code_categorie, code_club, ADRESSE, code_postal,
                     LOCALITE, nr_telephone, EMAIL, GSM, COTISATION)
VALUES ('47/000267/ENN', 'VANDENHERREWEGEN', 'JEAN', 1947, 'M', 'I', 'ENN', NULL, '4000E', NULL, NULL, NULL, NULL,
        NULL);
INSERT INTO NAGEURS (nr_ligue, NOM, PRENOM, annee_naissance, SEXE, code_categorie, code_club, ADRESSE, code_postal,
                     LOCALITE, nr_telephone, EMAIL, GSM, COTISATION)
VALUES ('64/000170/MOZK', 'LUYTEN', 'MARC', 1964, 'M', 'F', 'MOZKA', NULL, '4031', NULL, NULL, NULL, NULL, NULL);
INSERT INTO NAGEURS (nr_ligue, NOM, PRENOM, annee_naissance, SEXE, code_categorie, code_club, ADRESSE, code_postal,
                     LOCALITE, nr_telephone, EMAIL, GSM, COTISATION)
VALUES ('63/000015/CHTH', 'BEGASSE DE DHAEM', 'DOMIN', 1963, 'M', 'F', 'CHTHN', NULL, '4000E', NULL, NULL, NULL, NULL,
        NULL);
INSERT INTO NAGEURS (nr_ligue, NOM, PRENOM, annee_naissance, SEXE, code_categorie, code_club, ADRESSE, code_postal,
                     LOCALITE, nr_telephone, EMAIL, GSM, COTISATION)
VALUES ('71/000253/ZDKK', 'VAN EESBEEK', 'GINO', 1971, 'M', 'D', 'ZDKK', NULL, '4000E', NULL, NULL, NULL, NULL, NULL);
INSERT INTO NAGEURS (nr_ligue, NOM, PRENOM, annee_naissance, SEXE, code_categorie, code_club, ADRESSE, code_postal,
                     LOCALITE, nr_telephone, EMAIL, GSM, COTISATION)
VALUES ('48/000009/WZV', 'BAES', 'HENK', 1948, 'M', 'I', 'WZV', NULL, '4050', NULL, NULL, NULL, NULL, NULL);
INSERT INTO NAGEURS (nr_ligue, NOM, PRENOM, annee_naissance, SEXE, code_categorie, code_club, ADRESSE, code_postal,
                     LOCALITE, nr_telephone, EMAIL, GSM, COTISATION)
VALUES ('52/000081/ESN', 'DELBROECK', 'ANNE-MARIE', 1952, 'F', 'H', 'ESN', NULL, '4030', NULL, NULL, NULL, NULL,
        NULL);
INSERT INTO NAGEURS (nr_ligue, NOM, PRENOM, annee_naissance, SEXE, code_categorie, code_club, ADRESSE, code_postal,
                     LOCALITE, nr_telephone, EMAIL, GSM, COTISATION)
VALUES ('62/000184/CNHU', 'MICHEL', 'PIERRETTE', 1962, 'F', 'F', 'CNHUY', NULL, '4000E', NULL, NULL, NULL, NULL, NULL);
INSERT INTO NAGEURS (nr_ligue, NOM, PRENOM, annee_naissance, SEXE, code_categorie, code_club, ADRESSE, code_postal,
                     LOCALITE, nr_telephone, EMAIL, GSM, COTISATION)
VALUES ('43/000010/CNHU', 'BAETEN', 'JENNY', 1943, 'F', 'J', 'CNHUY', NULL, '4030', NULL, NULL, NULL, NULL, NULL);
INSERT INTO NAGEURS (nr_ligue, NOM, PRENOM, annee_naissance, SEXE, code_categorie, code_club, ADRESSE, code_postal,
                     LOCALITE, nr_telephone, EMAIL, GSM, COTISATION)
VALUES ('48/000047/CNBA', 'BUYSE', 'JEAN-JACQUES', 1948, 'M', 'I', 'CNBA', NULL, '4000B', NULL, NULL, NULL, NULL,
        NULL);
INSERT INTO NAGEURS (nr_ligue, NOM, PRENOM, annee_naissance, SEXE, code_categorie, code_club, ADRESSE, code_postal,
                     LOCALITE, nr_telephone, EMAIL, GSM, COTISATION)
VALUES ('66/000269/HZS', 'VERBERGHT', 'WALTER', 1966, 'M', 'E', 'HZS', NULL, '4053', NULL, NULL, NULL, NULL, NULL);
INSERT INTO NAGEURS (nr_ligue, NOM, PRENOM, annee_naissance, SEXE, code_categorie, code_club, ADRESSE, code_postal,
                     LOCALITE, nr_telephone, EMAIL, GSM, COTISATION)
VALUES ('61/000215/CNA', 'SALDEN', 'PASCAL', 1961, 'M', 'F', 'CNA', NULL, '4031', NULL, NULL, NULL, NULL, NULL);
INSERT INTO NAGEURS (nr_ligue, NOM, PRENOM, annee_naissance, SEXE, code_categorie, code_club, ADRESSE, code_postal,
                     LOCALITE, nr_telephone, EMAIL, GSM, COTISATION)
VALUES ('51/000097/CHAN', 'DUFERT', 'CHRISTIANE', 1951, 'F', 'H', 'CHAN', NULL, '4090B', NULL, NULL, NULL, NULL,
        NULL);
INSERT INTO NAGEURS (nr_ligue, NOM, PRENOM, annee_naissance, SEXE, code_categorie, code_club, ADRESSE, code_postal,
                     LOCALITE, nr_telephone, EMAIL, GSM, COTISATION)
VALUES ('63/000051/CHAN', 'CHERUY', 'CATHERINE', 1963, 'F', 'F', 'CHAN', NULL, '4052', NULL, NULL, NULL, NULL, NULL);
INSERT INTO NAGEURS (nr_ligue, NOM, PRENOM, annee_naissance, SEXE, code_categorie, code_club, ADRESSE, code_postal,
                     LOCALITE, nr_telephone, EMAIL, GSM, COTISATION)
VALUES ('38/000130/HZS', 'HEEREN', 'ROGER', 1938, 'M', 'K', 'HZS', NULL, '4051', NULL, NULL, NULL, NULL, NULL);
INSERT INTO NAGEURS (nr_ligue, NOM, PRENOM, annee_naissance, SEXE, code_categorie, code_club, ADRESSE, code_postal,
                     LOCALITE, nr_telephone, EMAIL, GSM, COTISATION)
VALUES ('66/000237/RSCM', 'THYS', 'YVAN', 1966, 'M', 'E', 'RSCM', NULL, '4051', NULL, NULL, NULL, NULL, NULL);
INSERT INTO NAGEURS (nr_ligue, NOM, PRENOM, annee_naissance, SEXE, code_categorie, code_club, ADRESSE, code_postal,
                     LOCALITE, nr_telephone, EMAIL, GSM, COTISATION)
VALUES ('60/000091/CCM', 'DI GIROLAMO', 'DOMINIQUE', 1960, 'M', 'G', 'CCM', NULL, '4031', NULL, NULL, NULL, NULL,
        NULL);
INSERT INTO NAGEURS (nr_ligue, NOM, PRENOM, annee_naissance, SEXE, code_categorie, code_club, ADRESSE, code_postal,
                     LOCALITE, nr_telephone, EMAIL, GSM, COTISATION)
VALUES ('58/000169/CCM', 'LIPPOLIS', 'VITO', 1958, 'M', 'G', 'CCM', NULL, '4020C', NULL, NULL, NULL, NULL, NULL);
INSERT INTO NAGEURS (nr_ligue, NOM, PRENOM, annee_naissance, SEXE, code_categorie, code_club, ADRESSE, code_postal,
                     LOCALITE, nr_telephone, EMAIL, GSM, COTISATION)
VALUES ('51/000217/AZSC', 'SCHEVENELS', 'JEAN', 1951, 'M', 'H', 'AZSC', NULL, '4041', NULL, NULL, NULL, NULL, NULL);
INSERT INTO NAGEURS (nr_ligue, NOM, PRENOM, annee_naissance, SEXE, code_categorie, code_club, ADRESSE, code_postal,
                     LOCALITE, nr_telephone, EMAIL, GSM, COTISATION)
VALUES ('33/000140/CNHU', 'HONNAY', 'PIERRE', 1933, 'M', 'L', 'CNHUY', NULL, '4053', NULL, NULL, NULL, NULL, NULL);
INSERT INTO NAGEURS (nr_ligue, NOM, PRENOM, annee_naissance, SEXE, code_categorie, code_club, ADRESSE, code_postal,
                     LOCALITE, nr_telephone, EMAIL, GSM, COTISATION)
VALUES ('59/000052/CHAN', 'CHERUY', 'DENIS', 1959, 'M', 'G', 'CHAN', NULL, '4000B', NULL, NULL, NULL, NULL, NULL);
INSERT INTO NAGEURS (nr_ligue, NOM, PRENOM, annee_naissance, SEXE, code_categorie, code_club, ADRESSE, code_postal,
                     LOCALITE, nr_telephone, EMAIL, GSM, COTISATION)
VALUES ('39/000044/CNBA', 'BURRI MARIE', 'THERESE', 1939, 'F', 'K', 'CNBA', NULL, '4032', NULL, NULL, NULL, NULL,
        NULL);
INSERT INTO NAGEURS (nr_ligue, NOM, PRENOM, annee_naissance, SEXE, code_categorie, code_club, ADRESSE, code_postal,
                     LOCALITE, nr_telephone, EMAIL, GSM, COTISATION)
VALUES ('69/000049/LDV', 'CEELEN', 'THIERRY', 1969, 'M', 'E', 'LDV', NULL, '4000', NULL, NULL, NULL, NULL, NULL);
INSERT INTO NAGEURS (nr_ligue, NOM, PRENOM, annee_naissance, SEXE, code_categorie, code_club, ADRESSE, code_postal,
                     LOCALITE, nr_telephone, EMAIL, GSM, COTISATION)
VALUES ('65/000128/LDV', 'HANSON', 'MARC', 1965, 'M', 'F', 'LDV', NULL, '4053', NULL, NULL, NULL, NULL, NULL);
INSERT INTO NAGEURS (nr_ligue, NOM, PRENOM, annee_naissance, SEXE, code_categorie, code_club, ADRESSE, code_postal,
                     LOCALITE, nr_telephone, EMAIL, GSM, COTISATION)
VALUES ('64/000144/LDV', 'HUMBLET', 'NATHALIE', 1964, 'F', 'F', 'LDV', NULL, '4041B', NULL, NULL, NULL, NULL, NULL);
INSERT INTO NAGEURS (nr_ligue, NOM, PRENOM, annee_naissance, SEXE, code_categorie, code_club, ADRESSE, code_postal,
                     LOCALITE, nr_telephone, EMAIL, GSM, COTISATION)
VALUES ('60/000159/LDV', 'LAMORGESE', 'DOMINIQUE', 1960, 'M', 'G', 'LDV', NULL, '4020C', NULL, NULL, NULL, NULL,
        NULL);
INSERT INTO NAGEURS (nr_ligue, NOM, PRENOM, annee_naissance, SEXE, code_categorie, code_club, ADRESSE, code_postal,
                     LOCALITE, nr_telephone, EMAIL, GSM, COTISATION)
VALUES ('67/000173/LDV', 'MAES', 'DOMINIQUE', 1967, 'M', 'E', 'LDV', NULL, '4051', NULL, NULL, NULL, NULL, NULL);
INSERT INTO NAGEURS (nr_ligue, NOM, PRENOM, annee_naissance, SEXE, code_categorie, code_club, ADRESSE, code_postal,
                     LOCALITE, nr_telephone, EMAIL, GSM, COTISATION)
VALUES ('58/000191/LDV', 'NANSON', 'SONIA', 1958, 'F', 'G', 'LDV', NULL, '4020B', NULL, NULL, NULL, NULL, NULL);
INSERT INTO NAGEURS (nr_ligue, NOM, PRENOM, annee_naissance, SEXE, code_categorie, code_club, ADRESSE, code_postal,
                     LOCALITE, nr_telephone, EMAIL, GSM, COTISATION)
VALUES ('53/000193/LDV', 'NEIS', 'MARVIN', 1953, 'M', 'H', 'LDV', NULL, '4000B', NULL, NULL, NULL, NULL, NULL);
INSERT INTO NAGEURS (nr_ligue, NOM, PRENOM, annee_naissance, SEXE, code_categorie, code_club, ADRESSE, code_postal,
                     LOCALITE, nr_telephone, EMAIL, GSM, COTISATION)
VALUES ('74/000203/LDV', 'PHILIPPART', 'SABINE', 1974, 'F', 'D', 'LDV', NULL, '4090B', NULL, NULL, NULL, NULL,
        NULL);
INSERT INTO NAGEURS (nr_ligue, NOM, PRENOM, annee_naissance, SEXE, code_categorie, code_club, ADRESSE, code_postal,
                     LOCALITE, nr_telephone, EMAIL, GSM, COTISATION)
VALUES ('64/000243/LDV', 'VAESSEN', 'WILLIAM', 1964, 'M', 'F', 'LDV', NULL, '4000B', NULL, NULL, NULL, NULL, NULL);
INSERT INTO NAGEURS (nr_ligue, NOM, PRENOM, annee_naissance, SEXE, code_categorie, code_club, ADRESSE, code_postal,
                     LOCALITE, nr_telephone, EMAIL, GSM, COTISATION)
VALUES ('65/000276/LDV', 'WILLEMS', 'PHILIPPE', 1965, 'M', 'F', 'LDV', NULL, '4041', NULL, NULL, NULL, NULL, NULL);
INSERT INTO NAGEURS (nr_ligue, NOM, PRENOM, annee_naissance, SEXE, code_categorie, code_club, ADRESSE, code_postal,
                     LOCALITE, nr_telephone, EMAIL, GSM, COTISATION)
VALUES ('66/000278/LDV', 'XHENEUMONT', 'DIDIER', 1966, 'M', 'E', 'LDV', NULL, '4031', NULL, NULL, NULL, NULL,
        NULL);
INSERT INTO NAGEURS (nr_ligue, NOM, PRENOM, annee_naissance, SEXE, code_categorie, code_club, ADRESSE, code_postal,
                     LOCALITE, nr_telephone, EMAIL, GSM, COTISATION)
VALUES ('73/000126/SNC', 'HANON', 'SEBASTIEN', 1973, 'M', 'D', 'SNC', NULL, '4042', NULL, NULL, NULL, NULL, NULL);
INSERT INTO NAGEURS (nr_ligue, NOM, PRENOM, annee_naissance, SEXE, code_categorie, code_club, ADRESSE, code_postal,
                     LOCALITE, nr_telephone, EMAIL, GSM, COTISATION)
VALUES ('60/000105/CNBA', 'FORTUIN', 'RIGOBERT', 1960, 'M', 'G', 'CNBA', NULL, '4020C', NULL, NULL, NULL, NULL, NULL);
INSERT INTO NAGEURS (nr_ligue, NOM, PRENOM, annee_naissance, SEXE, code_categorie, code_club, ADRESSE, code_postal,
                     LOCALITE, nr_telephone, EMAIL, GSM, COTISATION)
VALUES ('67/000055/CNBA', 'COEN', 'BRIGITTE', 1967, 'F', 'E', 'CNBA', NULL, '4031', NULL, NULL, NULL, NULL, NULL);
INSERT INTO NAGEURS (nr_ligue, NOM, PRENOM, annee_naissance, SEXE, code_categorie, code_club, ADRESSE, code_postal,
                     LOCALITE, nr_telephone, EMAIL, GSM, COTISATION)
VALUES ('60/000218/CNBA', 'SCHUT', 'JOHAN', 1960, 'M', 'G', 'CNBA', NULL, '4031', NULL, NULL, NULL, NULL, NULL);
INSERT INTO NAGEURS (nr_ligue, NOM, PRENOM, annee_naissance, SEXE, code_categorie, code_club, ADRESSE, code_postal,
                     LOCALITE, nr_telephone, EMAIL, GSM, COTISATION)
VALUES ('64/000085/CNBA', 'DENIS', 'MICHEL', 1964, 'M', 'F', 'CNBA', NULL, '4000E', NULL, NULL, NULL, NULL, NULL);
INSERT INTO NAGEURS (nr_ligue, NOM, PRENOM, annee_naissance, SEXE, code_categorie, code_club, ADRESSE, code_postal,
                     LOCALITE, nr_telephone, EMAIL, GSM, COTISATION)
VALUES ('45/000080/AZSC', 'DELBEKE', 'MARIE-ANNE', 1945, 'F', 'J', 'AZSC', NULL, '4052', NULL, NULL, NULL, NULL,
        NULL);
INSERT INTO NAGEURS (nr_ligue, NOM, PRENOM, annee_naissance, SEXE, code_categorie, code_club, ADRESSE, code_postal,
                     LOCALITE, nr_telephone, EMAIL, GSM, COTISATION)
VALUES ('43/000131/AZSC', 'HELMUT', 'DRECHSEL', 1943, 'M', 'J', 'AZSC', NULL, '4090B', NULL, NULL, NULL, NULL, NULL);
INSERT INTO NAGEURS (nr_ligue, NOM, PRENOM, annee_naissance, SEXE, code_categorie, code_club, ADRESSE, code_postal,
                     LOCALITE, nr_telephone, EMAIL, GSM, COTISATION)
VALUES ('70/000116/ESN', 'GOMBEER', 'FABIEN', 1970, 'M', 'E', 'ESN', NULL, '4020D', NULL, NULL, NULL, NULL, NULL);
INSERT INTO NAGEURS (nr_ligue, NOM, PRENOM, annee_naissance, SEXE, code_categorie, code_club, ADRESSE, code_postal,
                     LOCALITE, nr_telephone, EMAIL, GSM, COTISATION)
VALUES ('73/000065/ESN', 'DALLEMAGNE', 'STEPHANE', 1973, 'M', 'D', 'ESN', NULL, '4050', NULL, NULL, NULL, NULL,
        NULL);
INSERT INTO NAGEURS (nr_ligue, NOM, PRENOM, annee_naissance, SEXE, code_categorie, code_club, ADRESSE, code_postal,
                     LOCALITE, nr_telephone, EMAIL, GSM, COTISATION)
VALUES ('53/000139/CNBA', 'HOHENBICHLER', 'MICHAEL', 1953, 'M', 'H', 'CNBA', NULL, '4042', NULL, NULL, NULL, NULL,
        NULL);
INSERT INTO NAGEURS (nr_ligue, NOM, PRENOM, annee_naissance, SEXE, code_categorie, code_club, ADRESSE, code_postal,
                     LOCALITE, nr_telephone, EMAIL, GSM, COTISATION)
VALUES ('36/000186/ESN', 'MONFORT', 'WILLY', 1936, 'M', 'K', 'ESN', NULL, '4020D', NULL, NULL, NULL, NULL, NULL);
INSERT INTO NAGEURS (nr_ligue, NOM, PRENOM, annee_naissance, SEXE, code_categorie, code_club, ADRESSE, code_postal,
                     LOCALITE, nr_telephone, EMAIL, GSM, COTISATION)
VALUES ('33/000202/AZSC', 'PELLIS', 'ELIANE', 1933, 'F', 'L', 'AZSC', NULL, '4000C', NULL, NULL, NULL, NULL, NULL);
INSERT INTO NAGEURS (nr_ligue, NOM, PRENOM, annee_naissance, SEXE, code_categorie, code_club, ADRESSE, code_postal,
                     LOCALITE, nr_telephone, EMAIL, GSM, COTISATION)
VALUES ('57/000114/CNBA', 'GODBILLE', 'PHILIPPE', 1957, 'M', 'G', 'CNBA', NULL, '4053', NULL, NULL, NULL, NULL,
        NULL);
INSERT INTO NAGEURS (nr_ligue, NOM, PRENOM, annee_naissance, SEXE, code_categorie, code_club, ADRESSE, code_postal,
                     LOCALITE, nr_telephone, EMAIL, GSM, COTISATION)
VALUES ('49/000189/CNBA', 'MOUTON', 'GINETTE', 1949, 'F', 'I', 'CNBA', NULL, '4032', NULL, NULL, NULL, NULL, NULL);
INSERT INTO NAGEURS (nr_ligue, NOM, PRENOM, annee_naissance, SEXE, code_categorie, code_club, ADRESSE, code_postal,
                     LOCALITE, nr_telephone, EMAIL, GSM, COTISATION)
VALUES ('59/000200/ESN', 'PAPIER', 'CHRISTINE', 1959, 'F', 'G', 'ESN', NULL, '4051', NULL, NULL, NULL, NULL, 'N');
INSERT INTO NAGEURS (nr_ligue, NOM, PRENOM, annee_naissance, SEXE, code_categorie, code_club, ADRESSE, code_postal,
                     LOCALITE, nr_telephone, EMAIL, GSM, COTISATION)
VALUES ('59/000121/CNHU', 'GRIMARD', 'CHANTAL', 1959, 'F', 'G', 'CNHUY', NULL, '4041', NULL, NULL, NULL, NULL, NULL);
INSERT INTO NAGEURS (nr_ligue, NOM, PRENOM, annee_naissance, SEXE, code_categorie, code_club, ADRESSE, code_postal,
                     LOCALITE, nr_telephone, EMAIL, GSM, COTISATION)
VALUES ('61/000211/CNJ', 'ROGGE', 'VINCENT', 1961, 'M', 'F', 'CNJ', NULL, '4000E', NULL, NULL, NULL, NULL, NULL);
INSERT INTO NAGEURS (nr_ligue, NOM, PRENOM, annee_naissance, SEXE, code_categorie, code_club, ADRESSE, code_postal,
                     LOCALITE, nr_telephone, EMAIL, GSM, COTISATION)
VALUES ('59/000069/ZOLA', 'DE JONGHE', 'LUC', 1959, 'M', 'G', 'ZOLA', NULL, '4041', NULL, NULL, NULL, NULL, NULL);
INSERT INTO NAGEURS (nr_ligue, NOM, PRENOM, annee_naissance, SEXE, code_categorie, code_club, ADRESSE, code_postal,
                     LOCALITE, nr_telephone, EMAIL, GSM, COTISATION)
VALUES ('70/000268/NSG', 'VANDEWALLE', 'SANTOS', 1970, 'F', 'E', 'NSG', NULL, '4000E', NULL, NULL, NULL, NULL,
        NULL);
INSERT INTO NAGEURS (nr_ligue, NOM, PRENOM, annee_naissance, SEXE, code_categorie, code_club, ADRESSE, code_postal,
                     LOCALITE, nr_telephone, EMAIL, GSM, COTISATION)
VALUES ('66/000254/ZIK', 'VAN ENGELEN', 'JORDI', 1966, 'M', 'E', 'ZIK', NULL, '4053', NULL, NULL, NULL, NULL,
        NULL);
INSERT INTO NAGEURS (nr_ligue, NOM, PRENOM, annee_naissance, SEXE, code_categorie, code_club, ADRESSE, code_postal,
                     LOCALITE, nr_telephone, EMAIL, GSM, COTISATION)
VALUES ('52/000098/ZIK', 'EMUNDS', 'WALTER', 1952, 'M', 'H', 'ZIK', NULL, '4020', NULL, NULL, NULL, NULL, NULL);
INSERT INTO NAGEURS (nr_ligue, NOM, PRENOM, annee_naissance, SEXE, code_categorie, code_club, ADRESSE, code_postal,
                     LOCALITE, nr_telephone, EMAIL, GSM, COTISATION)
VALUES ('59/000045/SVAZ', 'BUSCHOP', 'HILDE', 1959, 'F', 'G', 'SVAZ', NULL, '4031', NULL, NULL, NULL, NULL, NULL);
INSERT INTO NAGEURS (nr_ligue, NOM, PRENOM, annee_naissance, SEXE, code_categorie, code_club, ADRESSE, code_postal,
                     LOCALITE, nr_telephone, EMAIL, GSM, COTISATION)
VALUES ('70/000149/CNJ', 'JORIS', 'PIERRE', 1970, 'M', 'E', 'CNJ', NULL, '4000B', NULL, NULL, NULL, NULL, NULL);
INSERT INTO NAGEURS (nr_ligue, NOM, PRENOM, annee_naissance, SEXE, code_categorie, code_club, ADRESSE, code_postal,
                     LOCALITE, nr_telephone, EMAIL, GSM, COTISATION)
VALUES ('72/000214/HZS', 'SACCO', 'OLIVIER', 1972, 'M', 'D', 'HZS', NULL, '4020', NULL, NULL, NULL, NULL, NULL);
INSERT INTO NAGEURS (nr_ligue, NOM, PRENOM, annee_naissance, SEXE, code_categorie, code_club, ADRESSE, code_postal,
                     LOCALITE, nr_telephone, EMAIL, GSM, COTISATION)
VALUES ('54/000248/ZIK', 'VAN DEN EYNDE', 'TOBY', 1954, 'M', 'H', 'ZIK', NULL, '4090B', NULL, NULL, NULL, NULL,
        NULL);
INSERT INTO NAGEURS (nr_ligue, NOM, PRENOM, annee_naissance, SEXE, code_categorie, code_club, ADRESSE, code_postal,
                     LOCALITE, nr_telephone, EMAIL, GSM, COTISATION)
VALUES ('56/000054/MZVA', 'COEN', 'ERIC', 1956, 'M', 'G', 'MZVA', NULL, '4040', NULL, NULL, NULL, NULL, NULL);
INSERT INTO NAGEURS (nr_ligue, NOM, PRENOM, annee_naissance, SEXE, code_categorie, code_club, ADRESSE, code_postal,
                     LOCALITE, nr_telephone, EMAIL, GSM, COTISATION)
VALUES ('56/000094/ZN', 'DRIESEN', 'LUC', 1956, 'M', 'G', 'ZN', NULL, '4031', NULL, NULL, NULL, NULL, NULL);
INSERT INTO NAGEURS (nr_ligue, NOM, PRENOM, annee_naissance, SEXE, code_categorie, code_club, ADRESSE, code_postal,
                     LOCALITE, nr_telephone, EMAIL, GSM, COTISATION)
VALUES ('73/000165/NOC', 'LEROY', 'DAVID', 1973, 'M', 'D', 'NOC', NULL, '4032', NULL, NULL, NULL, NULL, NULL);
INSERT INTO NAGEURS (nr_ligue, NOM, PRENOM, annee_naissance, SEXE, code_categorie, code_club, ADRESSE, code_postal,
                     LOCALITE, nr_telephone, EMAIL, GSM, COTISATION)
VALUES ('47/000262/MZVA', 'VAN ONCKELEN', 'EDUARD', 1947, 'M', 'I', 'MZVA', NULL, '4020D', NULL, NULL, NULL, NULL,
        NULL);
INSERT INTO NAGEURS (nr_ligue, NOM, PRENOM, annee_naissance, SEXE, code_categorie, code_club, ADRESSE, code_postal,
                     LOCALITE, nr_telephone, EMAIL, GSM, COTISATION)
VALUES ('48/000022/ZN', 'BLOCKHUYS', 'JOS', 1948, 'F', 'I', 'ZN', NULL, '4000', NULL, NULL, NULL, NULL, NULL);
INSERT INTO NAGEURS (nr_ligue, NOM, PRENOM, annee_naissance, SEXE, code_categorie, code_club, ADRESSE, code_postal,
                     LOCALITE, nr_telephone, EMAIL, GSM, COTISATION)
VALUES ('60/000242/ZD', 'VAES', 'MARC', 1960, 'M', 'G', 'ZD', NULL, '4030', NULL, NULL, NULL, NULL, NULL);
INSERT INTO NAGEURS (nr_ligue, NOM, PRENOM, annee_naissance, SEXE, code_categorie, code_club, ADRESSE, code_postal,
                     LOCALITE, nr_telephone, EMAIL, GSM, COTISATION)
VALUES ('51/000100/CHAN', 'FALIZE', 'MICHELINE', 1951, 'F', 'H', 'CHAN', NULL, '4000B', NULL, NULL, NULL, NULL, NULL);
INSERT INTO NAGEURS (nr_ligue, NOM, PRENOM, annee_naissance, SEXE, code_categorie, code_club, ADRESSE, code_postal,
                     LOCALITE, nr_telephone, EMAIL, GSM, COTISATION)
VALUES ('64/000263/OLMA', 'VAN PEER', 'FRANCINE', 1964, 'F', 'F', 'OLMA', NULL, '4090B', NULL, NULL, NULL, NULL,
        NULL);
INSERT INTO NAGEURS (nr_ligue, NOM, PRENOM, annee_naissance, SEXE, code_categorie, code_club, ADRESSE, code_postal,
                     LOCALITE, nr_telephone, EMAIL, GSM, COTISATION)
VALUES ('70/000222/ZN', 'SMANS', 'PHILIPPE', 1970, 'M', 'E', 'ZN', NULL, '4020B', NULL, NULL, NULL, NULL, NULL);
INSERT INTO NAGEURS (nr_ligue, NOM, PRENOM, annee_naissance, SEXE, code_categorie, code_club, ADRESSE, code_postal,
                     LOCALITE, nr_telephone, EMAIL, GSM, COTISATION)
VALUES ('59/000209/LZV', 'ROELANDS', 'ERIC', 1959, 'M', 'G', 'LZV', NULL, '4020D', NULL, NULL, NULL, NULL, NULL);
INSERT INTO NAGEURS (nr_ligue, NOM, PRENOM, annee_naissance, SEXE, code_categorie, code_club, ADRESSE, code_postal,
                     LOCALITE, nr_telephone, EMAIL, GSM, COTISATION)
VALUES ('59/000084/CHAN', 'DEMOULIN', 'ALAIN', 1959, 'M', 'G', 'CHAN', NULL, '4000C', NULL, NULL, NULL, NULL, NULL);
INSERT INTO NAGEURS (nr_ligue, NOM, PRENOM, annee_naissance, SEXE, code_categorie, code_club, ADRESSE, code_postal,
                     LOCALITE, nr_telephone, EMAIL, GSM, COTISATION)
VALUES ('33/000101/ZCK', 'FANNES', 'LUC', 1933, 'M', 'L', 'ZCK', NULL, '4000B', NULL, NULL, NULL, NULL, NULL);
INSERT INTO NAGEURS (nr_ligue, NOM, PRENOM, annee_naissance, SEXE, code_categorie, code_club, ADRESSE, code_postal,
                     LOCALITE, nr_telephone, EMAIL, GSM, COTISATION)
VALUES ('73/000029/OZEK', 'BOMBEKE', 'RODERIK', 1973, 'M', 'D', 'OZEKA', NULL, '4030', NULL, NULL, NULL, NULL, NULL);
INSERT INTO NAGEURS (nr_ligue, NOM, PRENOM, annee_naissance, SEXE, code_categorie, code_club, ADRESSE, code_postal,
                     LOCALITE, nr_telephone, EMAIL, GSM, COTISATION)
VALUES ('58/000270/ZCK', 'VERBERGHT', 'RUDY', 1958, 'M', 'G', 'ZCK', NULL, '4020B', NULL, NULL, NULL, NULL, NULL);
INSERT INTO NAGEURS (nr_ligue, NOM, PRENOM, annee_naissance, SEXE, code_categorie, code_club, ADRESSE, code_postal,
                     LOCALITE, nr_telephone, EMAIL, GSM, COTISATION)
VALUES ('57/000261/ZIK', 'VAN LOOY', 'MARC', 1957, 'M', 'G', 'ZIK', NULL, '4020C', NULL, NULL, NULL, NULL, NULL);
INSERT INTO NAGEURS (nr_ligue, NOM, PRENOM, annee_naissance, SEXE, code_categorie, code_club, ADRESSE, code_postal,
                     LOCALITE, nr_telephone, EMAIL, GSM, COTISATION)
VALUES ('50/000160/CNBA', 'LANGUILLIER', 'ETIENNE', 1950, 'M', 'I', 'CNBA', NULL, '4041', NULL, NULL, NULL, NULL,
        NULL);
INSERT INTO NAGEURS (nr_ligue, NOM, PRENOM, annee_naissance, SEXE, code_categorie, code_club, ADRESSE, code_postal,
                     LOCALITE, nr_telephone, EMAIL, GSM, COTISATION)
VALUES ('60/000238/ZN', 'TIMMERMANS', 'FILIP', 1960, 'M', 'G', 'ZN', NULL, '4030', NULL, NULL, NULL, NULL, NULL);
INSERT INTO NAGEURS (nr_ligue, NOM, PRENOM, annee_naissance, SEXE, code_categorie, code_club, ADRESSE, code_postal,
                     LOCALITE, nr_telephone, EMAIL, GSM, COTISATION)
VALUES ('71/000280/EMBO', 'XHONNEUX', 'BARBARA', 1971, 'F', 'D', 'EMBOU', NULL, '4031', NULL, NULL, NULL, NULL, NULL);
INSERT INTO NAGEURS (nr_ligue, NOM, PRENOM, annee_naissance, SEXE, code_categorie, code_club, ADRESSE, code_postal,
                     LOCALITE, nr_telephone, EMAIL, GSM, COTISATION)
VALUES ('56/000092/ZOLA', 'DOCKX', 'GUILLAUME', 1956, 'M', 'G', 'ZOLA', NULL, '4020D', NULL, NULL, NULL, NULL, NULL);
INSERT INTO NAGEURS (nr_ligue, NOM, PRENOM, annee_naissance, SEXE, code_categorie, code_club, ADRESSE, code_postal,
                     LOCALITE, nr_telephone, EMAIL, GSM, COTISATION)
VALUES ('48/000210/CHAN', 'ROFFIAEN', 'ANNE-MARIE', 1948, 'F', 'I', 'CHAN', NULL, '4041', NULL, NULL, NULL, NULL,
        NULL);
INSERT INTO NAGEURS (nr_ligue, NOM, PRENOM, annee_naissance, SEXE, code_categorie, code_club, ADRESSE, code_postal,
                     LOCALITE, nr_telephone, EMAIL, GSM, COTISATION)
VALUES ('37/000219/MOZK', 'SELS', 'FRED', 1937, 'M', 'K', 'MOZKA', NULL, '4050', NULL, NULL, NULL, NULL, NULL);
INSERT INTO NAGEURS (nr_ligue, NOM, PRENOM, annee_naissance, SEXE, code_categorie, code_club, ADRESSE, code_postal,
                     LOCALITE, nr_telephone, EMAIL, GSM, COTISATION)
VALUES ('55/000224/ZIK', 'SPEELMANS', 'KRIST', 1955, 'F', 'H', 'ZIK', NULL, '4053B', NULL, NULL, NULL, NULL, NULL);
INSERT INTO NAGEURS (nr_ligue, NOM, PRENOM, annee_naissance, SEXE, code_categorie, code_club, ADRESSE, code_postal,
                     LOCALITE, nr_telephone, EMAIL, GSM, COTISATION)
VALUES ('47/000235/ESN', 'THONNARD', 'FERNAND', 1947, 'M', 'I', 'ESN', NULL, '4041', NULL, NULL, NULL, NULL, NULL);
INSERT INTO NAGEURS (nr_ligue, NOM, PRENOM, annee_naissance, SEXE, code_categorie, code_club, ADRESSE, code_postal,
                     LOCALITE, nr_telephone, EMAIL, GSM, COTISATION)
VALUES ('72/000001/MOZK', 'ADRIAENSSEN', 'GUY', 1972, 'M', 'D', 'MOZKA', NULL, '4050', NULL, NULL, NULL, NULL, NULL);
INSERT INTO NAGEURS (nr_ligue, NOM, PRENOM, annee_naissance, SEXE, code_categorie, code_club, ADRESSE, code_postal,
                     LOCALITE, nr_telephone, EMAIL, GSM, COTISATION)
VALUES ('35/000087/NERE', 'DERUYVER', 'VICTOR', 1935, 'M', 'L', 'NEREU', NULL, '4041', NULL, NULL, NULL, NULL, NULL);
INSERT INTO NAGEURS (nr_ligue, NOM, PRENOM, annee_naissance, SEXE, code_categorie, code_club, ADRESSE, code_postal,
                     LOCALITE, nr_telephone, EMAIL, GSM, COTISATION)
VALUES ('38/000148/ZOLA', 'JOOS', 'ANDRE', 1938, 'M', 'K', 'ZOLA', NULL, '4090', NULL, NULL, NULL, NULL, NULL);
INSERT INTO NAGEURS (nr_ligue, NOM, PRENOM, annee_naissance, SEXE, code_categorie, code_club, ADRESSE, code_postal,
                     LOCALITE, nr_telephone, EMAIL, GSM, COTISATION)
VALUES ('73/000265/DMB', 'VAN VLEM', 'ANNELEEN', 1973, 'F', 'D', 'DMB', NULL, '4042', NULL, NULL, NULL, NULL,
        NULL);
INSERT INTO NAGEURS (nr_ligue, NOM, PRENOM, annee_naissance, SEXE, code_categorie, code_club, ADRESSE, code_postal,
                     LOCALITE, nr_telephone, EMAIL, GSM, COTISATION)
VALUES ('62/000273/LDV', 'WATERVAL', 'MARIE-PAULE', 1962, 'F', 'F', 'LDV', NULL, '4053B', NULL, NULL, NULL, NULL,
        NULL);
INSERT INTO NAGEURS (nr_ligue, NOM, PRENOM, annee_naissance, SEXE, code_categorie, code_club, ADRESSE, code_postal,
                     LOCALITE, nr_telephone, EMAIL, GSM, COTISATION)
VALUES ('73/000279/EMBO', 'XHONNEUX', 'MURIEL', 1973, 'F', 'D', 'EMBOU', NULL, '4020C', NULL, NULL, NULL, NULL, NULL);
INSERT INTO NAGEURS (nr_ligue, NOM, PRENOM, annee_naissance, SEXE, code_categorie, code_club, ADRESSE, code_postal,
                     LOCALITE, nr_telephone, EMAIL, GSM, COTISATION)
VALUES ('73/000179/EMBO', 'MATHIEU', 'FREDERIC', 1973, 'M', 'D', 'EMBOU', NULL, '4031', NULL, NULL, NULL, NULL, NULL);
INSERT INTO NAGEURS (nr_ligue, NOM, PRENOM, annee_naissance, SEXE, code_categorie, code_club, ADRESSE, code_postal,
                     LOCALITE, nr_telephone, EMAIL, GSM, COTISATION)
VALUES ('72/000163/EMBO', 'LEJEUNE', 'SYLVIE', 1972, 'F', 'D', 'EMBOU', NULL, '4020C', NULL, NULL, NULL, NULL, NULL);
INSERT INTO NAGEURS (nr_ligue, NOM, PRENOM, annee_naissance, SEXE, code_categorie, code_club, ADRESSE, code_postal,
                     LOCALITE, nr_telephone, EMAIL, GSM, COTISATION)
VALUES ('60/000123/ZNA', 'GROEBBENS', 'ANDRE', 1960, 'M', 'G', 'ZNA', NULL, '4052', NULL, NULL, NULL, NULL, NULL);
INSERT INTO NAGEURS (nr_ligue, NOM, PRENOM, annee_naissance, SEXE, code_categorie, code_club, ADRESSE, code_postal,
                     LOCALITE, nr_telephone, EMAIL, GSM, COTISATION)
VALUES ('73/000067/MZVA', 'DARMOISE', 'DANNY', 1973, 'M', 'D', 'MZVA', NULL, '4041', NULL, NULL, NULL, NULL, NULL);
INSERT INTO NAGEURS (nr_ligue, NOM, PRENOM, annee_naissance, SEXE, code_categorie, code_club, ADRESSE, code_postal,
                     LOCALITE, nr_telephone, EMAIL, GSM, COTISATION)
VALUES ('44/000037/CHAN', 'BRICELJ', 'KARL', 1944, 'M', 'J', 'CHAN', NULL, '4053B', NULL, NULL, NULL, NULL, NULL);
INSERT INTO NAGEURS (nr_ligue, NOM, PRENOM, annee_naissance, SEXE, code_categorie, code_club, ADRESSE, code_postal,
                     LOCALITE, nr_telephone, EMAIL, GSM, COTISATION)
VALUES ('32/000017/CNBA', 'BERGER', 'JEAN', 1932, 'M', 'L', 'CNBA', NULL, '4020D', NULL, NULL, NULL, NULL, NULL);
INSERT INTO NAGEURS (nr_ligue, NOM, PRENOM, annee_naissance, SEXE, code_categorie, code_club, ADRESSE, code_postal,
                     LOCALITE, nr_telephone, EMAIL, GSM, COTISATION)
VALUES ('72/000129/EMBO', 'HAQUET', 'OLOVIER', 1972, 'M', 'D', 'EMBOU', NULL, '4041', NULL, NULL, NULL, NULL, NULL);
INSERT INTO NAGEURS (nr_ligue, NOM, PRENOM, annee_naissance, SEXE, code_categorie, code_club, ADRESSE, code_postal,
                     LOCALITE, nr_telephone, EMAIL, GSM, COTISATION)
VALUES ('35/000050/TENB', 'CHAPLIER', 'JELTJE', 1935, 'F', 'L', 'TENBO', NULL, '4030', NULL, NULL, NULL, NULL, NULL);
INSERT INTO NAGEURS (nr_ligue, NOM, PRENOM, annee_naissance, SEXE, code_categorie, code_club, ADRESSE, code_postal,
                     LOCALITE, nr_telephone, EMAIL, GSM, COTISATION)
VALUES ('74/000018/NOC', 'BERNARD', 'FREDERICK', 1974, 'M', 'D', 'NOC', NULL, '4053', NULL, NULL, NULL, NULL,
        NULL);
INSERT INTO NAGEURS (nr_ligue, NOM, PRENOM, annee_naissance, SEXE, code_categorie, code_club, ADRESSE, code_postal,
                     LOCALITE, nr_telephone, EMAIL, GSM, COTISATION)
VALUES ('57/000043/MZVA', 'BUNSENEERS', 'MARC', 1957, 'M', 'G', 'MZVA', NULL, '4041B', NULL, NULL, NULL, NULL, NULL);
INSERT INTO NAGEURS (nr_ligue, NOM, PRENOM, annee_naissance, SEXE, code_categorie, code_club, ADRESSE, code_postal,
                     LOCALITE, nr_telephone, EMAIL, GSM, COTISATION)
VALUES ('45/000072/WSD', 'DE LANGE', 'LIBERT', 1945, 'M', 'J', 'WSD', NULL, '4020C', NULL, NULL, NULL, NULL, NULL);
INSERT INTO NAGEURS (nr_ligue, NOM, PRENOM, annee_naissance, SEXE, code_categorie, code_club, ADRESSE, code_postal,
                     LOCALITE, nr_telephone, EMAIL, GSM, COTISATION)
VALUES ('64/000040/LZV', 'BROGNIET', 'KRISTIN', 1964, 'F', 'F', 'LZV', NULL, '4053B', NULL, NULL, NULL, NULL, NULL);
COMMIT;
INSERT INTO NAGEURS (nr_ligue, NOM, PRENOM, annee_naissance, SEXE, code_categorie, code_club, ADRESSE, code_postal,
                     LOCALITE, nr_telephone, EMAIL, GSM, COTISATION)
VALUES ('48/000260/WZV', 'VAN LAER', 'ANDRE', 1948, 'M', 'I', 'WZV', NULL, '4090B', NULL, NULL, NULL, NULL, NULL);
INSERT INTO NAGEURS (nr_ligue, NOM, PRENOM, annee_naissance, SEXE, code_categorie, code_club, ADRESSE, code_postal,
                     LOCALITE, nr_telephone, EMAIL, GSM, COTISATION)
VALUES ('40/000259/WZV', 'VAN HULLE', 'ERIK', 1940, 'M', 'K', 'WZV', NULL, '4042', NULL, NULL, NULL, NULL, NULL);
INSERT INTO NAGEURS (nr_ligue, NOM, PRENOM, annee_naissance, SEXE, code_categorie, code_club, ADRESSE, code_postal,
                     LOCALITE, nr_telephone, EMAIL, GSM, COTISATION)
VALUES ('63/000073/HZC', 'DE SMET', 'MARINA', 1963, 'F', 'F', 'HZC', NULL, '4041', NULL, NULL, NULL, NULL, NULL);
INSERT INTO NAGEURS (nr_ligue, NOM, PRENOM, annee_naissance, SEXE, code_categorie, code_club, ADRESSE, code_postal,
                     LOCALITE, nr_telephone, EMAIL, GSM, COTISATION)
VALUES ('58/000078/ZOLA', 'DELBAERE', 'RENE', 1958, 'M', 'G', 'ZOLA', NULL, '4042', NULL, NULL, NULL, NULL, NULL);
INSERT INTO NAGEURS (nr_ligue, NOM, PRENOM, annee_naissance, SEXE, code_categorie, code_club, ADRESSE, code_postal,
                     LOCALITE, nr_telephone, EMAIL, GSM, COTISATION)
VALUES ('30/000003/CCM', 'ANDRE', 'CLAUDE', 1930, 'M', 'M', 'CCM', NULL, '4040', NULL, NULL, NULL, NULL, NULL);
INSERT INTO NAGEURS (nr_ligue, NOM, PRENOM, annee_naissance, SEXE, code_categorie, code_club, ADRESSE, code_postal,
                     LOCALITE, nr_telephone, EMAIL, GSM, COTISATION)
VALUES ('72/000102/GBZ', 'FASSAERT', 'MARK', 1972, 'M', 'D', 'GBZ', NULL, '4051', NULL, NULL, NULL, NULL, NULL);
INSERT INTO NAGEURS (nr_ligue, NOM, PRENOM, annee_naissance, SEXE, code_categorie, code_club, ADRESSE, code_postal,
                     LOCALITE, nr_telephone, EMAIL, GSM, COTISATION)
VALUES ('46/000257/TZV', 'VAN HEUCKELOM', 'EMMANUEL', 1946, 'F', 'I', 'TZV', NULL, '4020', NULL, NULL, NULL, NULL,
        NULL);
INSERT INTO NAGEURS (nr_ligue, NOM, PRENOM, annee_naissance, SEXE, code_categorie, code_club, ADRESSE, code_postal,
                     LOCALITE, nr_telephone, EMAIL, GSM, COTISATION)
VALUES ('72/000249/SVAZ', 'VAN DEN EYNDE', 'ANNE', 1972, 'F', 'D', 'SVAZ', NULL, '4090', NULL, NULL, NULL, NULL,
        NULL);
INSERT INTO NAGEURS (nr_ligue, NOM, PRENOM, annee_naissance, SEXE, code_categorie, code_club, ADRESSE, code_postal,
                     LOCALITE, nr_telephone, EMAIL, GSM, COTISATION)
VALUES ('44/000245/SVAZ', 'VAN DAM', 'LUCE', 1944, 'F', 'J', 'SVAZ', NULL, '4052', NULL, NULL, NULL, NULL, NULL);
INSERT INTO NAGEURS (nr_ligue, NOM, PRENOM, annee_naissance, SEXE, code_categorie, code_club, ADRESSE, code_postal,
                     LOCALITE, nr_telephone, EMAIL, GSM, COTISATION)
VALUES ('44/000251/OLD', 'VAN DER VEEN', 'MATTY', 1944, 'F', 'J', 'OLD D', NULL, '4020B', NULL, NULL, NULL, NULL,
        NULL);
INSERT INTO NAGEURS (nr_ligue, NOM, PRENOM, annee_naissance, SEXE, code_categorie, code_club, ADRESSE, code_postal,
                     LOCALITE, nr_telephone, EMAIL, GSM, COTISATION)
VALUES ('70/000171/COUN', 'MAATS', 'DIDIER', 1970, 'M', 'E', 'COUNT', NULL, '4090B', NULL, NULL, NULL, NULL, NULL);
INSERT INTO NAGEURS (nr_ligue, NOM, PRENOM, annee_naissance, SEXE, code_categorie, code_club, ADRESSE, code_postal,
                     LOCALITE, nr_telephone, EMAIL, GSM, COTISATION)
VALUES ('77/000136/SL', 'HENX', 'ROLLY', 1977, 'M', 'C', 'SL', NULL, '4090B', NULL, NULL, NULL, NULL, NULL);
INSERT INTO NAGEURS (nr_ligue, NOM, PRENOM, annee_naissance, SEXE, code_categorie, code_club, ADRESSE, code_postal,
                     LOCALITE, nr_telephone, EMAIL, GSM, COTISATION)
VALUES ('73/000198/COUN', 'OLISCHLAEGER', 'RAPHAEL', 1973, 'M', 'D', 'COUNT', NULL, '4041', NULL, NULL, NULL, NULL,
        NULL);
INSERT INTO NAGEURS (nr_ligue, NOM, PRENOM, annee_naissance, SEXE, code_categorie, code_club, ADRESSE, code_postal,
                     LOCALITE, nr_telephone, EMAIL, GSM, COTISATION)
VALUES ('71/000014/SOZ', 'BEERSMANS', 'DIRK', 1971, 'M', 'D', 'SOZ', NULL, '4052', NULL, NULL, NULL, NULL, NULL);
INSERT INTO NAGEURS (nr_ligue, NOM, PRENOM, annee_naissance, SEXE, code_categorie, code_club, ADRESSE, code_postal,
                     LOCALITE, nr_telephone, EMAIL, GSM, COTISATION)
VALUES ('59/000258/MOZK', 'VAN HOOF', 'MARC', 1959, 'M', 'G', 'MOZKA', NULL, '4000B', NULL, NULL, NULL, NULL, NULL);
INSERT INTO NAGEURS (nr_ligue, NOM, PRENOM, annee_naissance, SEXE, code_categorie, code_club, ADRESSE, code_postal,
                     LOCALITE, nr_telephone, EMAIL, GSM, COTISATION)
VALUES ('53/000157/CHAN', 'LALOI', 'LUC', 1953, 'M', 'H', 'CHAN', NULL, '4052', NULL, NULL, NULL, NULL, NULL);
INSERT INTO NAGEURS (nr_ligue, NOM, PRENOM, annee_naissance, SEXE, code_categorie, code_club, ADRESSE, code_postal,
                     LOCALITE, nr_telephone, EMAIL, GSM, COTISATION)
VALUES ('70/000176/ESN', 'MARTIN', 'JEAN-FRANCOIS', 1970, 'M', 'E', 'ESN', NULL, '4050', NULL, NULL, NULL, NULL,
        NULL);
INSERT INTO NAGEURS (nr_ligue, NOM, PRENOM, annee_naissance, SEXE, code_categorie, code_club, ADRESSE, code_postal,
                     LOCALITE, nr_telephone, EMAIL, GSM, COTISATION)
VALUES ('23/000206/ESN', 'REMY', 'JOSEPH', 1923, 'M', 'N', 'ESN', NULL, '4053B', NULL, NULL, NULL, NULL, NULL);
INSERT INTO NAGEURS (nr_ligue, NOM, PRENOM, annee_naissance, SEXE, code_categorie, code_club, ADRESSE, code_postal,
                     LOCALITE, nr_telephone, EMAIL, GSM, COTISATION)
VALUES ('23/000226/OLD', 'STOOKER', 'ANNIE', 1923, 'F', 'N', 'OLD D', NULL, '4000E', NULL, NULL, NULL, NULL, NULL);
INSERT INTO NAGEURS (nr_ligue, NOM, PRENOM, annee_naissance, SEXE, code_categorie, code_club, ADRESSE, code_postal,
                     LOCALITE, nr_telephone, EMAIL, GSM, COTISATION)
VALUES ('64/000143/ESN', 'HUBERTY', 'LUC', 1964, 'M', 'F', 'ESN', NULL, '4090B', NULL, '041/71.33.84', NULL,
        NULL, NULL);
INSERT INTO NAGEURS (nr_ligue, NOM, PRENOM, annee_naissance, SEXE, code_categorie, code_club, ADRESSE, code_postal,
                     LOCALITE, nr_telephone, EMAIL, GSM, COTISATION)
VALUES ('72/000162/CHAN', 'LECLERCQ', 'DIDIER', 1972, 'M', 'D', 'CHAN', NULL, '4000', NULL, NULL, NULL, NULL, NULL);
INSERT INTO NAGEURS (nr_ligue, NOM, PRENOM, annee_naissance, SEXE, code_categorie, code_club, ADRESSE, code_postal,
                     LOCALITE, nr_telephone, EMAIL, GSM, COTISATION)
VALUES ('61/000244/WZV', 'VAN BOSSCHE', 'PATRICK', 1961, 'M', 'F', 'WZV', NULL, '4051', NULL, NULL, NULL, NULL,
        NULL);
INSERT INTO NAGEURS (nr_ligue, NOM, PRENOM, annee_naissance, SEXE, code_categorie, code_club, ADRESSE, code_postal,
                     LOCALITE, nr_telephone, EMAIL, GSM, COTISATION)
VALUES ('74/000012/EMBO', 'BALANCIER', 'PASCAL', 1974, 'M', 'D', 'EMBOU', NULL, '4040', NULL, NULL, NULL, NULL, NULL);
INSERT INTO NAGEURS (nr_ligue, NOM, PRENOM, annee_naissance, SEXE, code_categorie, code_club, ADRESSE, code_postal,
                     LOCALITE, nr_telephone, EMAIL, GSM, COTISATION)
VALUES ('61/000132/AZV', 'HENDRICKX', 'PAUL', 1961, 'M', 'F', 'AZV', NULL, '4020D', NULL, NULL, NULL, NULL, NULL);
INSERT INTO NAGEURS (nr_ligue, NOM, PRENOM, annee_naissance, SEXE, code_categorie, code_club, ADRESSE, code_postal,
                     LOCALITE, nr_telephone, EMAIL, GSM, COTISATION)
VALUES ('49/000240/ZIK', 'TORREELE', 'EVNA', 1949, 'F', 'I', 'ZIK', NULL, '4000E', NULL, NULL, NULL, NULL, NULL);
INSERT INTO NAGEURS (nr_ligue, NOM, PRENOM, annee_naissance, SEXE, code_categorie, code_club, ADRESSE, code_postal,
                     LOCALITE, nr_telephone, EMAIL, GSM, COTISATION)
VALUES ('26/000229/OLMA', 'THEELEN', 'IRENE', 1926, 'F', 'M', 'OLMA', NULL, '4020D', NULL, NULL, NULL, NULL, NULL);
INSERT INTO NAGEURS (nr_ligue, NOM, PRENOM, annee_naissance, SEXE, code_categorie, code_club, ADRESSE, code_postal,
                     LOCALITE, nr_telephone, EMAIL, GSM, COTISATION)
VALUES ('61/000247/HZA', 'VAN DEN BERGH', 'EDDY', 1961, 'M', 'F', 'HZA', NULL, '4051', NULL, NULL, NULL, NULL,
        NULL);
INSERT INTO NAGEURS (nr_ligue, NOM, PRENOM, annee_naissance, SEXE, code_categorie, code_club, ADRESSE, code_postal,
                     LOCALITE, nr_telephone, EMAIL, GSM, COTISATION)
VALUES ('75/000089/IKZ', 'DESCHEPERRE', 'CHRISTOPHE', 1975, 'M', 'D', 'IKZ', NULL, '4090B', NULL, NULL, NULL, NULL,
        NULL);
INSERT INTO NAGEURS (nr_ligue, NOM, PRENOM, annee_naissance, SEXE, code_categorie, code_club, ADRESSE, code_postal,
                     LOCALITE, nr_telephone, EMAIL, GSM, COTISATION)
VALUES ('77/000233/SL', 'THIRY', 'CELINE', 1977, 'F', 'C', 'SL', NULL, '4000B', NULL, NULL, NULL, NULL, NULL);
INSERT INTO NAGEURS (nr_ligue, NOM, PRENOM, annee_naissance, SEXE, code_categorie, code_club, ADRESSE, code_postal,
                     LOCALITE, nr_telephone, EMAIL, GSM, COTISATION)
VALUES ('81/000063/CNHU', 'COX', 'ANNE-SOPHIE', 1981, 'F', 'B', 'CNHUY', NULL, '4020D', NULL, NULL, NULL, NULL, NULL);
INSERT INTO NAGEURS (nr_ligue, NOM, PRENOM, annee_naissance, SEXE, code_categorie, code_club, ADRESSE, code_postal,
                     LOCALITE, nr_telephone, EMAIL, GSM, COTISATION)
VALUES ('83/000093/EMBO', 'DOR', 'LOIC', 1983, 'M', 'B', 'EMBOU', NULL, '4050', NULL, NULL, NULL, NULL, NULL);
INSERT INTO NAGEURS (nr_ligue, NOM, PRENOM, annee_naissance, SEXE, code_categorie, code_club, ADRESSE, code_postal,
                     LOCALITE, nr_telephone, EMAIL, GSM, COTISATION)
VALUES ('59/000221/LDV', 'SKOWRON', 'PIERRE', 1959, 'M', 'G', 'LDV', NULL, '4052', NULL, NULL, NULL, NULL, NULL);
INSERT INTO NAGEURS (nr_ligue, NOM, PRENOM, annee_naissance, SEXE, code_categorie, code_club, ADRESSE, code_postal,
                     LOCALITE, nr_telephone, EMAIL, GSM, COTISATION)
VALUES ('54/000275/AZV', 'WILLEMS', 'JAN', 1954, 'M', 'H', 'AZV', NULL, '4020B', NULL, NULL, NULL, NULL, NULL);
INSERT INTO NAGEURS (nr_ligue, NOM, PRENOM, annee_naissance, SEXE, code_categorie, code_club, ADRESSE, code_postal,
                     LOCALITE, nr_telephone, EMAIL, GSM, COTISATION)
VALUES ('62/000118/ZNA', 'GOOSSENS', 'JURGEN', 1962, 'M', 'F', 'ZNA', NULL, '4020', NULL, NULL, NULL, NULL, NULL);
INSERT INTO NAGEURS (nr_ligue, NOM, PRENOM, annee_naissance, SEXE, code_categorie, code_club, ADRESSE, code_postal,
                     LOCALITE, nr_telephone, EMAIL, GSM, COTISATION)
VALUES ('58/000212/WZV', 'ROOZE', 'MARGRIET', 1958, 'F', 'G', 'WZV', NULL, '4030', NULL, NULL, NULL, NULL, NULL);
INSERT INTO NAGEURS (nr_ligue, NOM, PRENOM, annee_naissance, SEXE, code_categorie, code_club, ADRESSE, code_postal,
                     LOCALITE, nr_telephone, EMAIL, GSM, COTISATION)
VALUES ('47/000183/NSG', 'MEYTEN', 'LUC', 1947, 'M', 'I', 'NSG', NULL, '4031', NULL, NULL, NULL, NULL, NULL);
INSERT INTO NAGEURS (nr_ligue, NOM, PRENOM, annee_naissance, SEXE, code_categorie, code_club, ADRESSE, code_postal,
                     LOCALITE, nr_telephone, EMAIL, GSM, COTISATION)
VALUES ('71/000190/RBP', 'MOUTON', 'VERONIQUE', 1971, 'F', 'D', 'RBP', NULL, '4020B', NULL, NULL, NULL, NULL, NULL);
INSERT INTO NAGEURS (nr_ligue, NOM, PRENOM, annee_naissance, SEXE, code_categorie, code_club, ADRESSE, code_postal,
                     LOCALITE, nr_telephone, EMAIL, GSM, COTISATION)
VALUES ('46/000032/OSC', 'BOSSIER', 'DANIEL', 1946, 'M', 'I', 'OSC', NULL, '4051', NULL, NULL, NULL, NULL, NULL);
INSERT INTO NAGEURS (nr_ligue, NOM, PRENOM, annee_naissance, SEXE, code_categorie, code_club, ADRESSE, code_postal,
                     LOCALITE, nr_telephone, EMAIL, GSM, COTISATION)
VALUES ('39/000246/LZV', 'VAN DAMME', 'HENRI', 1939, 'M', 'K', 'LZV', NULL, '4053B', NULL, NULL, NULL, NULL, NULL);
INSERT INTO NAGEURS (nr_ligue, NOM, PRENOM, annee_naissance, SEXE, code_categorie, code_club, ADRESSE, code_postal,
                     LOCALITE, nr_telephone, EMAIL, GSM, COTISATION)
VALUES ('72/000205/SOZ', 'POTTIEZ', 'BEN', 1972, 'M', 'D', 'SOZ', NULL, '4051', NULL, NULL, NULL, NULL, NULL);
INSERT INTO NAGEURS (nr_ligue, NOM, PRENOM, annee_naissance, SEXE, code_categorie, code_club, ADRESSE, code_postal,
                     LOCALITE, nr_telephone, EMAIL, GSM, COTISATION)
VALUES ('63/000228/CCM', 'THEATE', 'FRANCOISE', 1963, 'F', 'F', 'CCM', NULL, '4030', NULL, NULL, NULL, NULL, NULL);
INSERT INTO NAGEURS (nr_ligue, NOM, PRENOM, annee_naissance, SEXE, code_categorie, code_club, ADRESSE, code_postal,
                     LOCALITE, nr_telephone, EMAIL, GSM, COTISATION)
VALUES ('53/000061/ZCM', 'COUILLIER', 'RAYMOND', 1953, 'M', 'H', 'ZCM', NULL, '4000B', NULL, NULL, NULL, NULL,
        NULL);
INSERT INTO NAGEURS (nr_ligue, NOM, PRENOM, annee_naissance, SEXE, code_categorie, code_club, ADRESSE, code_postal,
                     LOCALITE, nr_telephone, EMAIL, GSM, COTISATION)
VALUES ('72/000188/ZDKK', 'MOREELS', 'FILIP', 1972, 'M', 'D', 'ZDKK', NULL, '4090', NULL, NULL, NULL, NULL, NULL);
INSERT INTO NAGEURS (nr_ligue, NOM, PRENOM, annee_naissance, SEXE, code_categorie, code_club, ADRESSE, code_postal,
                     LOCALITE, nr_telephone, EMAIL, GSM, COTISATION)
VALUES ('60/000033/OSC', 'BOUCQUAERT', 'PATRICK', 1960, 'M', 'G', 'OSC', NULL, '4000E', NULL, NULL, NULL, NULL,
        NULL);
INSERT INTO NAGEURS (nr_ligue, NOM, PRENOM, annee_naissance, SEXE, code_categorie, code_club, ADRESSE, code_postal,
                     LOCALITE, nr_telephone, EMAIL, GSM, COTISATION)
VALUES ('53/000113/CHAN', 'GIORGI', 'MILENA', 1953, 'F', 'H', 'CHAN', NULL, '4041B', NULL, NULL, NULL, NULL, NULL);
INSERT INTO NAGEURS (nr_ligue, NOM, PRENOM, annee_naissance, SEXE, code_categorie, code_club, ADRESSE, code_postal,
                     LOCALITE, nr_telephone, EMAIL, GSM, COTISATION)
VALUES ('42/000090/NCG', 'DEVULDER', 'OSCAR', 1942, 'M', 'J', 'NCG', NULL, '4031', NULL, NULL, NULL, NULL, NULL);
INSERT INTO NAGEURS (nr_ligue, NOM, PRENOM, annee_naissance, SEXE, code_categorie, code_club, ADRESSE, code_postal,
                     LOCALITE, nr_telephone, EMAIL, GSM, COTISATION)
VALUES ('73/000064/ESN', 'CUYVERS', 'MURIELLE', 1973, 'F', 'D', 'ESN', NULL, '4041B', NULL, NULL, NULL, NULL, NULL);
INSERT INTO NAGEURS (nr_ligue, NOM, PRENOM, annee_naissance, SEXE, code_categorie, code_club, ADRESSE, code_postal,
                     LOCALITE, nr_telephone, EMAIL, GSM, COTISATION)
VALUES ('66/000117/ESN', 'GOOR', 'GENEVIEVE', 1966, 'F', 'E', 'ESN', NULL, '4000C', NULL, NULL, NULL, NULL, NULL);
INSERT INTO NAGEURS (nr_ligue, NOM, PRENOM, annee_naissance, SEXE, code_categorie, code_club, ADRESSE, code_postal,
                     LOCALITE, nr_telephone, EMAIL, GSM, COTISATION)
VALUES ('81/000120/ESN', 'GOZZI', 'STEPHANIE', 1981, 'F', 'B', 'ESN', NULL, '4000B', NULL, NULL, NULL, NULL, NULL);
INSERT INTO NAGEURS (nr_ligue, NOM, PRENOM, annee_naissance, SEXE, code_categorie, code_club, ADRESSE, code_postal,
                     LOCALITE, nr_telephone, EMAIL, GSM, COTISATION)
VALUES ('58/000141/ESN', 'HOURANT', 'CHANTAL', 1958, 'F', 'G', 'ESN', NULL, '4000C', NULL, NULL, NULL, NULL, NULL);
INSERT INTO NAGEURS (nr_ligue, NOM, PRENOM, annee_naissance, SEXE, code_categorie, code_club, ADRESSE, code_postal,
                     LOCALITE, nr_telephone, EMAIL, GSM, COTISATION)
VALUES ('70/000194/ESN', 'NIHON', 'SYLVIE', 1970, 'F', 'E', 'ESN', NULL, '4051', NULL, NULL, NULL, NULL, NULL);
INSERT INTO NAGEURS (nr_ligue, NOM, PRENOM, annee_naissance, SEXE, code_categorie, code_club, ADRESSE, code_postal,
                     LOCALITE, nr_telephone, EMAIL, GSM, COTISATION)
VALUES ('57/000201/ESN', 'PECCI', 'SILVIO', 1957, 'M', 'G', 'ESN', NULL, '4053', NULL, NULL, NULL, NULL, NULL);
INSERT INTO NAGEURS (nr_ligue, NOM, PRENOM, annee_naissance, SEXE, code_categorie, code_club, ADRESSE, code_postal,
                     LOCALITE, nr_telephone, EMAIL, GSM, COTISATION)
VALUES ('73/000207/ESN', 'RENARD', 'XAVIER', 1973, 'M', 'D', 'ESN', NULL, '4020C', NULL, NULL, NULL, NULL, NULL);
INSERT INTO NAGEURS (nr_ligue, NOM, PRENOM, annee_naissance, SEXE, code_categorie, code_club, ADRESSE, code_postal,
                     LOCALITE, nr_telephone, EMAIL, GSM, COTISATION)
VALUES ('59/000208/ESN', 'RIZZO', 'LUCIEN', 1959, 'M', 'G', 'ESN', NULL, '4050', NULL, NULL, NULL, NULL, NULL);
INSERT INTO NAGEURS (nr_ligue, NOM, PRENOM, annee_naissance, SEXE, code_categorie, code_club, ADRESSE, code_postal,
                     LOCALITE, nr_telephone, EMAIL, GSM, COTISATION)
VALUES ('68/000075/ESN', 'DEFLANDRE', 'RUDDY', 1968, 'M', 'E', 'ESN', NULL, '4053', NULL, NULL, NULL, NULL, NULL);
INSERT INTO NAGEURS (nr_ligue, NOM, PRENOM, annee_naissance, SEXE, code_categorie, code_club, ADRESSE, code_postal,
                     LOCALITE, nr_telephone, EMAIL, GSM, COTISATION)
VALUES ('55/000167/ESN', 'LEROY', 'BRUNO', 1955, 'M', 'H', 'ESN', NULL, '4053', NULL, NULL, NULL, NULL, NULL);
INSERT INTO NAGEURS (nr_ligue, NOM, PRENOM, annee_naissance, SEXE, code_categorie, code_club, ADRESSE, code_postal,
                     LOCALITE, nr_telephone, EMAIL, GSM, COTISATION)
VALUES ('77/000174/ESN', 'MALOSSINI', 'CAROLE', 1977, 'F', 'C', 'ESN', NULL, '4000', NULL, NULL, NULL, NULL, NULL);
INSERT INTO NAGEURS (nr_ligue, NOM, PRENOM, annee_naissance, SEXE, code_categorie, code_club, ADRESSE, code_postal,
                     LOCALITE, nr_telephone, EMAIL, GSM, COTISATION)
VALUES ('55/000185/ESN', 'MICIN', 'PIERRE', 1955, 'M', 'H', 'ESN', NULL, '4041B', NULL, NULL, NULL, NULL, NULL);
INSERT INTO NAGEURS (nr_ligue, NOM, PRENOM, annee_naissance, SEXE, code_categorie, code_club, ADRESSE, code_postal,
                     LOCALITE, nr_telephone, EMAIL, GSM, COTISATION)
VALUES ('62/000155/ESN', 'KRAVAGNA', 'MICHAEL', 1962, 'M', 'F', 'ESN', NULL, '4053B', NULL, NULL, NULL, NULL, NULL);
INSERT INTO NAGEURS (nr_ligue, NOM, PRENOM, annee_naissance, SEXE, code_categorie, code_club, ADRESSE, code_postal,
                     LOCALITE, nr_telephone, EMAIL, GSM, COTISATION)
VALUES ('65/000086/ESN', 'DEPREZ', 'EMMANUEL', 1965, 'M', 'F', 'ESN', NULL, '4030', NULL, NULL, NULL, NULL, NULL);
INSERT INTO NAGEURS (nr_ligue, NOM, PRENOM, annee_naissance, SEXE, code_categorie, code_club, ADRESSE, code_postal,
                     LOCALITE, nr_telephone, EMAIL, GSM, COTISATION)
VALUES ('74/000103/ESN', 'FAWE', 'MARC', 1974, 'M', 'D', 'ESN', NULL, '4020D', NULL, NULL, NULL, NULL, 'N');
INSERT INTO NAGEURS (nr_ligue, NOM, PRENOM, annee_naissance, SEXE, code_categorie, code_club, ADRESSE, code_postal,
                     LOCALITE, nr_telephone, EMAIL, GSM, COTISATION)
VALUES ('63/000106/ESN', 'FRANZEN', 'FABIENNE', 1963, 'F', 'F', 'ESN', NULL, '4051', NULL, NULL, NULL, NULL, NULL);
INSERT INTO NAGEURS (nr_ligue, NOM, PRENOM, annee_naissance, SEXE, code_categorie, code_club, ADRESSE, code_postal,
                     LOCALITE, nr_telephone, EMAIL, GSM, COTISATION)
VALUES ('62/000112/ESN', 'GILTAY', 'DANIEL', 1962, 'M', 'F', 'ESN', NULL, '4041B', NULL, NULL, NULL, NULL, NULL);
INSERT INTO NAGEURS (nr_ligue, NOM, PRENOM, annee_naissance, SEXE, code_categorie, code_club, ADRESSE, code_postal,
                     LOCALITE, nr_telephone, EMAIL, GSM, COTISATION)
VALUES ('63/000142/ESN', 'HOUSSIER', 'PHILIPPE', 1963, 'M', 'F', 'ESN', NULL, '4000B', NULL, NULL, NULL, NULL,
        NULL);
INSERT INTO NAGEURS (nr_ligue, NOM, PRENOM, annee_naissance, SEXE, code_categorie, code_club, ADRESSE, code_postal,
                     LOCALITE, nr_telephone, EMAIL, GSM, COTISATION)
VALUES ('76/000236/ESN', 'THONNARD', 'FABIAN', 1976, 'M', 'C', 'ESN', NULL, '4020D', NULL, NULL, NULL, NULL, NULL);
INSERT INTO NAGEURS (nr_ligue, NOM, PRENOM, annee_naissance, SEXE, code_categorie, code_club, ADRESSE, code_postal,
                     LOCALITE, nr_telephone, EMAIL, GSM, COTISATION)
VALUES ('77/000056/ESN', 'COLLET', 'SOPHIE', 1977, 'F', 'C', 'ESN', NULL, '4030', NULL, NULL, NULL, NULL, NULL);
INSERT INTO NAGEURS (nr_ligue, NOM, PRENOM, annee_naissance, SEXE, code_categorie, code_club, ADRESSE, code_postal,
                     LOCALITE, nr_telephone, EMAIL, GSM, COTISATION)
VALUES ('61/000281/ESN', 'ZWERTS', 'BORIS', 1961, 'M', 'F', 'ESN', NULL, '4051', NULL, NULL, NULL, NULL, NULL);
INSERT INTO NAGEURS (nr_ligue, NOM, PRENOM, annee_naissance, SEXE, code_categorie, code_club, ADRESSE, code_postal,
                     LOCALITE, nr_telephone, EMAIL, GSM, COTISATION)
VALUES ('79/000057/ESN', 'COLLET', 'CYNDI', 1979, 'F', 'C', 'ESN', NULL, '4020D', NULL, NULL, NULL, NULL, NULL);
INSERT INTO NAGEURS (nr_ligue, NOM, PRENOM, annee_naissance, SEXE, code_categorie, code_club, ADRESSE, code_postal,
                     LOCALITE, nr_telephone, EMAIL, GSM, COTISATION)
VALUES ('60/000099/ESN', 'ERNOTTE', 'MICHEL', 1960, 'M', 'G', 'ESN', NULL, '4052', NULL, NULL, NULL, NULL, NULL);
INSERT INTO NAGEURS (nr_ligue, NOM, PRENOM, annee_naissance, SEXE, code_categorie, code_club, ADRESSE, code_postal,
                     LOCALITE, nr_telephone, EMAIL, GSM, COTISATION)
VALUES ('81/000104/ESN', 'FEIT', 'CHRISTEL', 1981, 'F', 'B', 'ESN', NULL, '4090B', NULL, NULL, NULL, NULL, NULL);
INSERT INTO NAGEURS (nr_ligue, NOM, PRENOM, annee_naissance, SEXE, code_categorie, code_club, ADRESSE, code_postal,
                     LOCALITE, nr_telephone, EMAIL, GSM, COTISATION)
VALUES ('68/000230/ESN', 'THIEREN', 'LUC', 1968, 'M', 'E', 'ESN', NULL, '4020B', NULL, NULL, NULL, NULL, NULL);
INSERT INTO NAGEURS (nr_ligue, NOM, PRENOM, annee_naissance, SEXE, code_categorie, code_club, ADRESSE, code_postal,
                     LOCALITE, nr_telephone, EMAIL, GSM, COTISATION)
VALUES ('74/000231/SL', 'THIOUX', 'MICHELLE', 1974, 'F', 'D', 'SL', NULL, '4020', NULL, NULL, NULL, NULL, NULL);
INSERT INTO NAGEURS (nr_ligue, NOM, PRENOM, annee_naissance, SEXE, code_categorie, code_club, ADRESSE, code_postal,
                     LOCALITE, nr_telephone, EMAIL, GSM, COTISATION)
VALUES ('73/000152/SL', 'KASS', 'LAURENT', 1973, 'M', 'D', 'SL', NULL, '4090B', NULL, NULL, NULL, NULL, NULL);
INSERT INTO NAGEURS (nr_ligue, NOM, PRENOM, annee_naissance, SEXE, code_categorie, code_club, ADRESSE, code_postal,
                     LOCALITE, nr_telephone, EMAIL, GSM, COTISATION)
VALUES ('71/000177/SL', 'MARTIN', 'MANON', 1971, 'F', 'D', 'SL', NULL, '4042', NULL, NULL, NULL, NULL, NULL);
INSERT INTO NAGEURS (nr_ligue, NOM, PRENOM, annee_naissance, SEXE, code_categorie, code_club, ADRESSE, code_postal,
                     LOCALITE, nr_telephone, EMAIL, GSM, COTISATION)
VALUES ('67/000039/COUN', 'BROGNIET', 'NANCY', 1967, 'F', 'E', 'COUNT', NULL, '4000', NULL, NULL, NULL, NULL, NULL);
INSERT INTO NAGEURS (nr_ligue, NOM, PRENOM, annee_naissance, SEXE, code_categorie, code_club, ADRESSE, code_postal,
                     LOCALITE, nr_telephone, EMAIL, GSM, COTISATION)
VALUES ('61/000008/USG', 'BADA', 'IRMELA', 1961, 'F', 'F', 'USG', NULL, '4020D', NULL, NULL, NULL, NULL, NULL);
INSERT INTO NAGEURS (nr_ligue, NOM, PRENOM, annee_naissance, SEXE, code_categorie, code_club, ADRESSE, code_postal,
                     LOCALITE, nr_telephone, EMAIL, GSM, COTISATION)
VALUES ('34/000074/OLD', 'DEBAISSIEUX', 'ANNIE', 1934, 'F', 'L', 'OLD D', NULL, '4030', NULL, NULL, NULL, NULL,
        NULL);
INSERT INTO NAGEURS (nr_ligue, NOM, PRENOM, annee_naissance, SEXE, code_categorie, code_club, ADRESSE, code_postal,
                     LOCALITE, nr_telephone, EMAIL, GSM, COTISATION)
VALUES ('72/000124/IKZ', 'GRYMONPREZ', 'DAVY', 1972, 'M', 'D', 'IKZ', NULL, '4051', NULL, NULL, NULL, NULL, NULL);
INSERT INTO NAGEURS (nr_ligue, NOM, PRENOM, annee_naissance, SEXE, code_categorie, code_club, ADRESSE, code_postal,
                     LOCALITE, nr_telephone, EMAIL, GSM, COTISATION)
VALUES ('65/000147/EMBO', 'JEUNEHOMME', 'MARC', 1965, 'M', 'F', 'EMBOU', NULL, '4000', NULL, NULL, NULL, NULL, NULL);
INSERT INTO NAGEURS (nr_ligue, NOM, PRENOM, annee_naissance, SEXE, code_categorie, code_club, ADRESSE, code_postal,
                     LOCALITE, nr_telephone, EMAIL, GSM, COTISATION)
VALUES ('61/000038/COUN', 'BROGNIET', 'ALAIN', 1961, 'M', 'F', 'COUNT', NULL, '4000E', NULL, NULL, NULL, NULL, NULL);
INSERT INTO NAGEURS (nr_ligue, NOM, PRENOM, annee_naissance, SEXE, code_categorie, code_club, ADRESSE, code_postal,
                     LOCALITE, nr_telephone, EMAIL, GSM, COTISATION)
VALUES ('62/000232/SL', 'THIRY', 'SALVO', 1962, 'M', 'F', 'SL', NULL, '4050', NULL, NULL, NULL, NULL, NULL);
INSERT INTO NAGEURS (nr_ligue, NOM, PRENOM, annee_naissance, SEXE, code_categorie, code_club, ADRESSE, code_postal,
                     LOCALITE, nr_telephone, EMAIL, GSM, COTISATION)
VALUES ('63/000068/SL', 'DAVID', 'MARC', 1963, 'M', 'F', 'SL', NULL, '4032', NULL, NULL, NULL, NULL, NULL);
INSERT INTO NAGEURS (nr_ligue, NOM, PRENOM, annee_naissance, SEXE, code_categorie, code_club, ADRESSE, code_postal,
                     LOCALITE, nr_telephone, EMAIL, GSM, COTISATION)
VALUES ('56/000197/EMBO', 'NOEL', 'PHILIPPE', 1956, 'M', 'G', 'EMBOU', NULL, '4053', NULL, NULL, NULL, NULL, NULL);
INSERT INTO NAGEURS (nr_ligue, NOM, PRENOM, annee_naissance, SEXE, code_categorie, code_club, ADRESSE, code_postal,
                     LOCALITE, nr_telephone, EMAIL, GSM, COTISATION)
VALUES ('38/000110/VU/D', 'GEERS', 'NIC', 1938, 'M', 'K', 'VU/DG', NULL, '4000E', NULL, NULL, NULL, NULL, NULL);
INSERT INTO NAGEURS (nr_ligue, NOM, PRENOM, annee_naissance, SEXE, code_categorie, code_club, ADRESSE, code_postal,
                     LOCALITE, nr_telephone, EMAIL, GSM, COTISATION)
VALUES ('72/000030/CNHU', 'BONHIVERS', 'NATHALIE', 1972, 'F', 'D', 'CNHUY', NULL, '4051', NULL, NULL, NULL, NULL,
        NULL);
INSERT INTO NAGEURS (nr_ligue, NOM, PRENOM, annee_naissance, SEXE, code_categorie, code_club, ADRESSE, code_postal,
                     LOCALITE, nr_telephone, EMAIL, GSM, COTISATION)
VALUES ('68/000225/SL', 'STENDENBCH', 'ISABELLE', 1968, 'F', 'E', 'SL', NULL, '4032', NULL, NULL, NULL, NULL,
        NULL);
INSERT INTO NAGEURS (nr_ligue, NOM, PRENOM, annee_naissance, SEXE, code_categorie, code_club, ADRESSE, code_postal,
                     LOCALITE, nr_telephone, EMAIL, GSM, COTISATION)
VALUES ('58/000026/LZV', 'BOBELIJN', 'LUTGARDE', 1958, 'F', 'G', 'LZV', NULL, '4020', NULL, NULL, NULL, NULL,
        NULL);
INSERT INTO NAGEURS (nr_ligue, NOM, PRENOM, annee_naissance, SEXE, code_categorie, code_club, ADRESSE, code_postal,
                     LOCALITE, nr_telephone, EMAIL, GSM, COTISATION)
VALUES ('44/000034/ZVH', 'BREHLER', 'GREET', 1944, 'F', 'J', 'ZVH', NULL, '4031', NULL, NULL, NULL, NULL, NULL);
INSERT INTO NAGEURS (nr_ligue, NOM, PRENOM, annee_naissance, SEXE, code_categorie, code_club, ADRESSE, code_postal,
                     LOCALITE, nr_telephone, EMAIL, GSM, COTISATION)
VALUES ('78/000277/CNA', 'WOLWERTZ', 'GERALD', 1978, 'M', 'C', 'CNA', NULL, '4000', NULL, NULL, NULL, NULL, NULL);
INSERT INTO NAGEURS (nr_ligue, NOM, PRENOM, annee_naissance, SEXE, code_categorie, code_club, ADRESSE, code_postal,
                     LOCALITE, nr_telephone, EMAIL, GSM, COTISATION)
VALUES ('73/000083/CHAN', 'DELEPLANQUE', 'XAVIER', 1973, 'M', 'D', 'CHAN', NULL, '4041B', NULL, NULL, NULL, NULL,
        NULL);
INSERT INTO NAGEURS (nr_ligue, NOM, PRENOM, annee_naissance, SEXE, code_categorie, code_club, ADRESSE, code_postal,
                     LOCALITE, nr_telephone, EMAIL, GSM, COTISATION)
VALUES ('67/000150/SL', 'JUNCKER', 'PATRICK', 1967, 'M', 'E', 'SL', NULL, '4000E', NULL, NULL, NULL, NULL, NULL);
INSERT INTO NAGEURS (nr_ligue, NOM, PRENOM, annee_naissance, SEXE, code_categorie, code_club, ADRESSE, code_postal,
                     LOCALITE, nr_telephone, EMAIL, GSM, COTISATION)
VALUES ('43/000127/OCEA', 'HANOU', 'ROB', 1943, 'M', 'J', 'OCEAN', NULL, '4090', NULL, NULL, NULL, NULL, NULL);
INSERT INTO NAGEURS (nr_ligue, NOM, PRENOM, annee_naissance, SEXE, code_categorie, code_club, ADRESSE, code_postal,
                     LOCALITE, nr_telephone, EMAIL, GSM, COTISATION)
VALUES ('40/000146/VN', 'JEUCKENS', 'RAYMOND', 1940, 'M', 'K', 'VN', NULL, '4030', NULL, NULL, NULL, NULL, NULL);
INSERT INTO NAGEURS (nr_ligue, NOM, PRENOM, annee_naissance, SEXE, code_categorie, code_club, ADRESSE, code_postal,
                     LOCALITE, nr_telephone, EMAIL, GSM, COTISATION)
VALUES ('33/000108/CCS', 'FRICOT', 'GUY', 1933, 'M', 'L', 'CCS', NULL, '4040', NULL, NULL, NULL, NULL, NULL);
INSERT INTO NAGEURS (nr_ligue, NOM, PRENOM, annee_naissance, SEXE, code_categorie, code_club, ADRESSE, code_postal,
                     LOCALITE, nr_telephone, EMAIL, GSM, COTISATION)
VALUES ('69/000213/SL', 'ROSSBACH', 'SABINE', 1969, 'F', 'E', 'SL', NULL, '4053', NULL, NULL, NULL, NULL, NULL);
INSERT INTO NAGEURS (nr_ligue, NOM, PRENOM, annee_naissance, SEXE, code_categorie, code_club, ADRESSE, code_postal,
                     LOCALITE, nr_telephone, EMAIL, GSM, COTISATION)
VALUES ('29/000107/OLD', 'FRASELLE', 'ELLY', 1929, 'F', 'M', 'OLD D', NULL, '4020D', NULL, NULL, NULL, NULL, NULL);
INSERT INTO NAGEURS (nr_ligue, NOM, PRENOM, annee_naissance, SEXE, code_categorie, code_club, ADRESSE, code_postal,
                     LOCALITE, nr_telephone, EMAIL, GSM, COTISATION)
VALUES ('56/000274/VN', 'WERTZ', 'ANDRE', 1956, 'M', 'G', 'VN', NULL, '4052', NULL, NULL, NULL, NULL, NULL);
INSERT INTO NAGEURS (nr_ligue, NOM, PRENOM, annee_naissance, SEXE, code_categorie, code_club, ADRESSE, code_postal,
                     LOCALITE, nr_telephone, EMAIL, GSM, COTISATION)
VALUES ('82/000115/CNA', 'GOFFINET', 'THOMAS', 1982, 'M', 'B', 'CNA', NULL, '4090B', NULL, NULL, NULL, NULL, NULL);
INSERT INTO NAGEURS (nr_ligue, NOM, PRENOM, annee_naissance, SEXE, code_categorie, code_club, ADRESSE, code_postal,
                     LOCALITE, nr_telephone, EMAIL, GSM, COTISATION)
VALUES ('80/000021/SL', 'BISSOT', 'DANIELLE', 1980, 'F', 'C', 'SL', NULL, '4000C', NULL, NULL, NULL, NULL, NULL);
INSERT INTO NAGEURS (nr_ligue, NOM, PRENOM, annee_naissance, SEXE, code_categorie, code_club, ADRESSE, code_postal,
                     LOCALITE, nr_telephone, EMAIL, GSM, COTISATION)
VALUES ('80/000013/CNA', 'BAVAY', 'FABIAN', 1980, 'M', 'C', 'CNA', NULL, '4000', NULL, NULL, NULL, NULL, NULL);
COMMIT;
INSERT INTO NAGEURS (nr_ligue, NOM, PRENOM, annee_naissance, SEXE, code_categorie, code_club, ADRESSE, code_postal,
                     LOCALITE, nr_telephone, EMAIL, GSM, COTISATION)
VALUES ('81/000122/SL', 'GRITTY', 'CAROLE', 1981, 'F', 'B', 'SL', NULL, '4090', NULL, NULL, NULL, NULL, NULL);
INSERT INTO NAGEURS (nr_ligue, NOM, PRENOM, annee_naissance, SEXE, code_categorie, code_club, ADRESSE, code_postal,
                     LOCALITE, nr_telephone, EMAIL, GSM, COTISATION)
VALUES ('83/000062/EMBO', 'COX', 'SOPHIE', 1983, 'F', 'B', 'EMBOU', NULL, '4030', NULL, NULL, NULL, NULL, NULL);
INSERT INTO NAGEURS (nr_ligue, NOM, PRENOM, annee_naissance, SEXE, code_categorie, code_club, ADRESSE, code_postal,
                     LOCALITE, nr_telephone, EMAIL, GSM, COTISATION)
VALUES ('76/000096/EMBO', 'DUCHAINE', 'DAVID', 1976, 'M', 'C', 'EMBOU', NULL, '4053', NULL, NULL, NULL, NULL, NULL);
INSERT INTO NAGEURS (nr_ligue, NOM, PRENOM, annee_naissance, SEXE, code_categorie, code_club, ADRESSE, code_postal,
                     LOCALITE, nr_telephone, EMAIL, GSM, COTISATION)
VALUES ('71/000053/SL', 'CLEMENT', 'STEVE', 1971, 'M', 'D', 'SL', NULL, '4040', NULL, NULL, NULL, NULL, NULL);
INSERT INTO NAGEURS (nr_ligue, NOM, PRENOM, annee_naissance, SEXE, code_categorie, code_club, ADRESSE, code_postal,
                     LOCALITE, nr_telephone, EMAIL, GSM, COTISATION)
VALUES ('53/000158/EMBO', 'LAMBERT', 'JEAN_LUC', 1953, 'M', 'H', 'EMBOU', NULL, '4040', NULL, NULL, NULL, NULL, NULL);
INSERT INTO NAGEURS (nr_ligue, NOM, PRENOM, annee_naissance, SEXE, code_categorie, code_club, ADRESSE, code_postal,
                     LOCALITE, nr_telephone, EMAIL, GSM, COTISATION)
VALUES ('81/000220/EMBO', 'SERURIER', 'MATHIEU', 1981, 'M', 'B', 'EMBOU', NULL, '4000B', NULL, NULL, NULL, NULL, NULL);
INSERT INTO NAGEURS (nr_ligue, NOM, PRENOM, annee_naissance, SEXE, code_categorie, code_club, ADRESSE, code_postal,
                     LOCALITE, nr_telephone, EMAIL, GSM, COTISATION)
VALUES ('72/000007/IKZ', 'BACCO', 'ILSE', 1972, 'F', 'D', 'IKZ', NULL, '4053B', NULL, NULL, NULL, NULL, NULL);
INSERT INTO NAGEURS (nr_ligue, NOM, PRENOM, annee_naissance, SEXE, code_categorie, code_club, ADRESSE, code_postal,
                     LOCALITE, nr_telephone, EMAIL, GSM, COTISATION)
VALUES ('67/000133/SL', 'HENDRIKS', 'DANIEL', 1967, 'M', 'E', 'SL', NULL, '4020', NULL, NULL, NULL, NULL, NULL);
INSERT INTO NAGEURS (nr_ligue, NOM, PRENOM, annee_naissance, SEXE, code_categorie, code_club, ADRESSE, code_postal,
                     LOCALITE, nr_telephone, EMAIL, GSM, COTISATION)
VALUES ('77/000025/CNSW', 'BLONDEEL', 'NATHALIE', 1977, 'F', 'C', 'CNSW', NULL, '4030', NULL, NULL, NULL, NULL,
        NULL);
INSERT INTO NAGEURS (nr_ligue, NOM, PRENOM, annee_naissance, SEXE, code_categorie, code_club, ADRESSE, code_postal,
                     LOCALITE, nr_telephone, EMAIL, GSM, COTISATION)
VALUES ('76/000031/CNMA', 'BORN', 'MARJORIE', 1976, 'F', 'C', 'CNMA', NULL, '4020', NULL, NULL, NULL, NULL, NULL);
INSERT INTO NAGEURS (nr_ligue, NOM, PRENOM, annee_naissance, SEXE, code_categorie, code_club, ADRESSE, code_postal,
                     LOCALITE, nr_telephone, EMAIL, GSM, COTISATION)
VALUES ('52/000024/CNSW', 'BLONDEEL', 'FERNANDE', 1952, 'F', 'H', 'CNSW', NULL, '4020B', NULL, NULL, NULL, NULL,
        NULL);
INSERT INTO NAGEURS (nr_ligue, NOM, PRENOM, annee_naissance, SEXE, code_categorie, code_club, ADRESSE, code_postal,
                     LOCALITE, nr_telephone, EMAIL, GSM, COTISATION)
VALUES ('83/000156/CNA', 'LAGAMME', 'CORELIE', 1983, 'F', 'B', 'CNA', NULL, '4052', NULL, NULL, NULL, NULL, NULL);
INSERT INTO NAGEURS (nr_ligue, NOM, PRENOM, annee_naissance, SEXE, code_categorie, code_club, ADRESSE, code_postal,
                     LOCALITE, nr_telephone, EMAIL, GSM, COTISATION)
VALUES ('74/000180/VN', 'MAUHAIN', 'PATRICK', 1974, 'M', 'D', 'VN', NULL, '4000', NULL, NULL, NULL, NULL, NULL);
INSERT INTO NAGEURS (nr_ligue, NOM, PRENOM, annee_naissance, SEXE, code_categorie, code_club, ADRESSE, code_postal,
                     LOCALITE, nr_telephone, EMAIL, GSM, COTISATION)
VALUES ('77/000175/W', 'MARION', 'BENOIT', 1977, 'M', 'C', 'W', NULL, '4042', NULL, NULL, NULL, NULL, NULL);
INSERT INTO NAGEURS (nr_ligue, NOM, PRENOM, annee_naissance, SEXE, code_categorie, code_club, ADRESSE, code_postal,
                     LOCALITE, nr_telephone, EMAIL, GSM, COTISATION)
VALUES ('69/000036/CNSW', 'BRESOUX', 'OLIVIER', 1969, 'M', 'E', 'CNSW', NULL, '4020', NULL, NULL, NULL, NULL, NULL);
INSERT INTO NAGEURS (nr_ligue, NOM, PRENOM, annee_naissance, SEXE, code_categorie, code_club, ADRESSE, code_postal,
                     LOCALITE, nr_telephone, EMAIL, GSM, COTISATION)
VALUES ('73/000154/SL', 'KOMES', 'JACKY', 1973, 'M', 'D', 'SL', NULL, '4020B', NULL, NULL, NULL, NULL, NULL);
INSERT INTO NAGEURS (nr_ligue, NOM, PRENOM, annee_naissance, SEXE, code_categorie, code_club, ADRESSE, code_postal,
                     LOCALITE, nr_telephone, EMAIL, GSM, COTISATION)
VALUES ('73/000241/VN', 'URBAIN', 'GREGORY', 1973, 'M', 'D', 'VN', NULL, '4050', NULL, NULL, NULL, NULL, NULL);
INSERT INTO NAGEURS (nr_ligue, NOM, PRENOM, annee_naissance, SEXE, code_categorie, code_club, ADRESSE, code_postal,
                     LOCALITE, nr_telephone, EMAIL, GSM, COTISATION)
VALUES ('72/000058/CNBA', 'CORDONNIER', 'ETIENNE', 1972, 'M', 'D', 'CNBA', NULL, '4052', NULL, NULL, NULL, NULL,
        NULL);
INSERT INTO NAGEURS (nr_ligue, NOM, PRENOM, annee_naissance, SEXE, code_categorie, code_club, ADRESSE, code_postal,
                     LOCALITE, nr_telephone, EMAIL, GSM, COTISATION)
VALUES ('69/000119/CNBA', 'GOS', 'PASCAL', 1969, 'M', 'E', 'CNBA', NULL, '4042', NULL, NULL, NULL, NULL, NULL);
INSERT INTO NAGEURS (nr_ligue, NOM, PRENOM, annee_naissance, SEXE, code_categorie, code_club, ADRESSE, code_postal,
                     LOCALITE, nr_telephone, EMAIL, GSM, COTISATION)
VALUES ('68/000016/W', 'BEGUIN', 'LAURENT', 1968, 'M', 'E', 'W', NULL, '4020D', NULL, NULL, NULL, NULL, NULL);
INSERT INTO NAGEURS (nr_ligue, NOM, PRENOM, annee_naissance, SEXE, code_categorie, code_club, ADRESSE, code_postal,
                     LOCALITE, nr_telephone, EMAIL, GSM, COTISATION)
VALUES ('63/000066/SL', 'D''ALLESSANDRO', 'CARLOS', 1963, 'M', 'F', 'SL', NULL, '4000E', NULL, NULL, NULL, NULL,
        NULL);
INSERT INTO NAGEURS (nr_ligue, NOM, PRENOM, annee_naissance, SEXE, code_categorie, code_club, ADRESSE, code_postal,
                     LOCALITE, nr_telephone, EMAIL, GSM, COTISATION)
VALUES ('54/000182/W', 'MELIN', 'AIME', 1954, 'M', 'H', 'W', NULL, '4042', NULL, NULL, NULL, NULL, NULL);
INSERT INTO NAGEURS (nr_ligue, NOM, PRENOM, annee_naissance, SEXE, code_categorie, code_club, ADRESSE, code_postal,
                     LOCALITE, nr_telephone, EMAIL, GSM, COTISATION)
VALUES ('36/000234/CNBA', 'THOMANN', 'CHARLES', 1936, 'M', 'K', 'CNBA', NULL, '4030', NULL, NULL, NULL, NULL, NULL);
INSERT INTO NAGEURS (nr_ligue, NOM, PRENOM, annee_naissance, SEXE, code_categorie, code_club, ADRESSE, code_postal,
                     LOCALITE, nr_telephone, EMAIL, GSM, COTISATION)
VALUES ('73/000153/CNBA', 'KNAPEN', 'CELINE', 1973, 'F', 'D', 'CNBA', NULL, '4020B', NULL, NULL, NULL, NULL, NULL);
INSERT INTO NAGEURS (nr_ligue, NOM, PRENOM, annee_naissance, SEXE, code_categorie, code_club, ADRESSE, code_postal,
                     LOCALITE, nr_telephone, EMAIL, GSM, COTISATION)
VALUES ('71/000006/USG', 'AUBRY', 'CELINE', 1971, 'F', 'D', 'USG', NULL, '4000', NULL, NULL, NULL, NULL, NULL);
INSERT INTO NAGEURS (nr_ligue, NOM, PRENOM, annee_naissance, SEXE, code_categorie, code_club, ADRESSE, code_postal,
                     LOCALITE, nr_telephone, EMAIL, GSM, COTISATION)
VALUES ('83/000145/CNHU', 'JAYMAERT', 'XAVIER', 1983, 'M', 'B', 'CNHUY', NULL, '4030', NULL, NULL, NULL, NULL, NULL);
INSERT INTO NAGEURS (nr_ligue, NOM, PRENOM, annee_naissance, SEXE, code_categorie, code_club, ADRESSE, code_postal,
                     LOCALITE, nr_telephone, EMAIL, GSM, COTISATION)
VALUES ('66/000002/CNHU', 'AIROLDI', 'FRANCIS', 1966, 'M', 'E', 'CNHUY', NULL, '4000B', NULL, NULL, NULL, NULL, NULL);
INSERT INTO NAGEURS (nr_ligue, NOM, PRENOM, annee_naissance, SEXE, code_categorie, code_club, ADRESSE, code_postal,
                     LOCALITE, nr_telephone, EMAIL, GSM, COTISATION)
VALUES ('79/000216/CNHU', 'SAUSSAC', 'RENAUD', 1979, 'M', 'C', 'CNHUY', NULL, '4000', NULL, NULL, NULL, NULL, NULL);
INSERT INTO NAGEURS (nr_ligue, NOM, PRENOM, annee_naissance, SEXE, code_categorie, code_club, ADRESSE, code_postal,
                     LOCALITE, nr_telephone, EMAIL, GSM, COTISATION)
VALUES ('66/000020/CNHU', 'BERTRAND', 'ERIC', 1966, 'M', 'E', 'CNHUY', NULL, '4050', NULL, NULL, NULL, NULL, NULL);
INSERT INTO NAGEURS (nr_ligue, NOM, PRENOM, annee_naissance, SEXE, code_categorie, code_club, ADRESSE, code_postal,
                     LOCALITE, nr_telephone, EMAIL, GSM, COTISATION)
VALUES ('59/000079/ZOLA', 'DELBAERE', 'MARC', 1959, 'M', 'G', 'ZOLA', NULL, '4000C', NULL, NULL, NULL, NULL, NULL);
INSERT INTO NAGEURS (nr_ligue, NOM, PRENOM, annee_naissance, SEXE, code_categorie, code_club, ADRESSE, code_postal,
                     LOCALITE, nr_telephone, EMAIL, GSM, COTISATION)
VALUES ('69/000199/LDV', 'OTOUL', 'PHILIPPE', 1969, 'M', 'E', 'LDV', NULL, '4020', NULL, NULL, NULL, NULL, NULL);
INSERT INTO NAGEURS (nr_ligue, NOM, PRENOM, annee_naissance, SEXE, code_categorie, code_club, ADRESSE, code_postal,
                     LOCALITE, nr_telephone, EMAIL, GSM, COTISATION)
VALUES ('73/000264/ZIK', 'VAN ROMPAEY', 'DANY', 1973, 'M', 'D', 'ZIK', NULL, '4090B', NULL, NULL, NULL, NULL, NULL);
INSERT INTO NAGEURS (nr_ligue, NOM, PRENOM, annee_naissance, SEXE, code_categorie, code_club, ADRESSE, code_postal,
                     LOCALITE, nr_telephone, EMAIL, GSM, COTISATION)
VALUES ('61/000181/OLMA', 'MEEUWSEN', 'ROGER', 1961, 'M', 'F', 'OLMA', NULL, '4020C', NULL, NULL, NULL, NULL, NULL);
INSERT INTO NAGEURS (nr_ligue, NOM, PRENOM, annee_naissance, SEXE, code_categorie, code_club, ADRESSE, code_postal,
                     LOCALITE, nr_telephone, EMAIL, GSM, COTISATION)
VALUES ('46/000004/SCC', 'ARNOULD', 'CHRISTIAN', 1946, 'M', 'I', 'SCC', NULL, '4053B', NULL, NULL, NULL, NULL,
        NULL);
INSERT INTO NAGEURS (nr_ligue, NOM, PRENOM, annee_naissance, SEXE, code_categorie, code_club, ADRESSE, code_postal,
                     LOCALITE, nr_telephone, EMAIL, GSM, COTISATION)
VALUES ('44/000125/CHAN', 'HAEGEMAN', 'ROBERT', 1944, 'M', 'J', 'CHAN', NULL, '4041B', NULL, NULL, NULL, NULL, NULL);
INSERT INTO NAGEURS (nr_ligue, NOM, PRENOM, annee_naissance, SEXE, code_categorie, code_club, ADRESSE, code_postal,
                     LOCALITE, nr_telephone, EMAIL, GSM, COTISATION)
VALUES ('46/000266/RBP', 'VAN WASSENHOVEN', 'ALEXANDRE', 1946, 'M', 'I', 'RBP', NULL, '4041B', NULL, NULL, NULL,
        NULL, NULL);
INSERT INTO NAGEURS (nr_ligue, NOM, PRENOM, annee_naissance, SEXE, code_categorie, code_club, ADRESSE, code_postal,
                     LOCALITE, nr_telephone, EMAIL, GSM, COTISATION)
VALUES ('70/000088/YSC', 'DESCAMPS', 'HENK', 1970, 'M', 'E', 'YSC', NULL, '4042', NULL, NULL, NULL, NULL, NULL);
INSERT INTO NAGEURS (nr_ligue, NOM, PRENOM, annee_naissance, SEXE, code_categorie, code_club, ADRESSE, code_postal,
                     LOCALITE, nr_telephone, EMAIL, GSM, COTISATION)
VALUES ('52/000166/CHAN', 'LEROY', 'SUZETTE', 1952, 'F', 'H', 'CHAN', NULL, '4000E', NULL, NULL, NULL, NULL, NULL);
INSERT INTO NAGEURS (nr_ligue, NOM, PRENOM, annee_naissance, SEXE, code_categorie, code_club, ADRESSE, code_postal,
                     LOCALITE, nr_telephone, EMAIL, GSM, COTISATION)
VALUES ('73/000161/LDV', 'LAPIERRE', 'CHRISTOPHE', 1973, 'M', 'D', 'LDV', NULL, '4000B', NULL, NULL, NULL, NULL,
        NULL);
INSERT INTO NAGEURS (nr_ligue, NOM, PRENOM, annee_naissance, SEXE, code_categorie, code_club, ADRESSE, code_postal,
                     LOCALITE, nr_telephone, EMAIL, GSM, COTISATION)
VALUES ('38/000252/AZSC', 'VAN DYCK', 'FLORENTINE', 1938, 'F', 'K', 'AZSC', NULL, '4000E', NULL, NULL, NULL, NULL,
        NULL);
INSERT INTO NAGEURS (nr_ligue, NOM, PRENOM, annee_naissance, SEXE, code_categorie, code_club, ADRESSE, code_postal,
                     LOCALITE, nr_telephone, EMAIL, GSM, COTISATION)
VALUES ('55/000256/AZSC', 'VAN GIEL', 'LIEVE', 1955, 'F', 'H', 'AZSC', NULL, '4020B', NULL, NULL, NULL, NULL, NULL);
INSERT INTO NAGEURS (nr_ligue, NOM, PRENOM, annee_naissance, SEXE, code_categorie, code_club, ADRESSE, code_postal,
                     LOCALITE, nr_telephone, EMAIL, GSM, COTISATION)
VALUES ('71/000195/ESN', 'NIVARLET', 'NATHALIE', 1971, 'F', 'D', 'ESN', NULL, '4052', NULL, NULL, NULL, NULL, 'N');
INSERT INTO NAGEURS (nr_ligue, NOM, PRENOM, annee_naissance, SEXE, code_categorie, code_club, ADRESSE, code_postal,
                     LOCALITE, nr_telephone, EMAIL, GSM, COTISATION)
VALUES ('73/000077/ESN', 'DEGIVE', 'CHRISTOPHE', 1973, 'M', 'D', 'ESN', NULL, '4041', NULL, NULL, NULL, NULL,
        NULL);
INSERT INTO NAGEURS (nr_ligue, NOM, PRENOM, annee_naissance, SEXE, code_categorie, code_club, ADRESSE, code_postal,
                     LOCALITE, nr_telephone, EMAIL, GSM, COTISATION)
VALUES ('58/000011/ESN', 'BAGABO', 'DIDIER', 1958, 'M', 'G', 'ESN', NULL, '4041B', NULL, NULL, NULL, NULL, NULL);
INSERT INTO NAGEURS (nr_ligue, NOM, PRENOM, annee_naissance, SEXE, code_categorie, code_club, ADRESSE, code_postal,
                     LOCALITE, nr_telephone, EMAIL, GSM, COTISATION)
VALUES ('42/000272/AZSC', 'VERMEIREN', 'ARTHUR', 1942, 'M', 'J', 'AZSC', NULL, '4031', NULL, NULL, NULL, NULL, NULL);
INSERT INTO NAGEURS (nr_ligue, NOM, PRENOM, annee_naissance, SEXE, code_categorie, code_club, ADRESSE, code_postal,
                     LOCALITE, nr_telephone, EMAIL, GSM, COTISATION)
VALUES ('70/000135/AZV', 'HENS', 'STEFAN', 1970, 'M', 'E', 'AZV', NULL, '4000E', NULL, NULL, NULL, NULL, NULL);
INSERT INTO NAGEURS (nr_ligue, NOM, PRENOM, annee_naissance, SEXE, code_categorie, code_club, ADRESSE, code_postal,
                     LOCALITE, nr_telephone, EMAIL, GSM, COTISATION)
VALUES ('54/000137/MZVA', 'HERMANS', 'LUDO', 1954, 'M', 'H', 'MZVA', NULL, '4040', NULL, NULL, NULL, NULL, NULL);
INSERT INTO NAGEURS (nr_ligue, NOM, PRENOM, annee_naissance, SEXE, code_categorie, code_club, ADRESSE, code_postal,
                     LOCALITE, nr_telephone, EMAIL, GSM, COTISATION)
VALUES ('61/000178/CHAN', 'MASQUELIER', 'PASCAL', 1961, 'M', 'F', 'CHAN', NULL, '4020C', NULL, NULL, NULL, NULL,
        NULL);
INSERT INTO NAGEURS (nr_ligue, NOM, PRENOM, annee_naissance, SEXE, code_categorie, code_club, ADRESSE, code_postal,
                     LOCALITE, nr_telephone, EMAIL, GSM, COTISATION)
VALUES ('67/000060/ZN', 'COUDENYS', 'DOMINIQUE', 1967, 'M', 'E', 'ZN', NULL, '4020B', NULL, NULL, NULL, NULL,
        NULL);
INSERT INTO NAGEURS (nr_ligue, NOM, PRENOM, annee_naissance, SEXE, code_categorie, code_club, ADRESSE, code_postal,
                     LOCALITE, nr_telephone, EMAIL, GSM, COTISATION)
VALUES ('30/000046/OSC', 'BUSSCHAERT', 'ANDRE', 1930, 'M', 'M', 'OSC', NULL, '4000E', NULL, NULL, NULL, NULL, NULL);
INSERT INTO NAGEURS (nr_ligue, NOM, PRENOM, annee_naissance, SEXE, code_categorie, code_club, ADRESSE, code_postal,
                     LOCALITE, nr_telephone, EMAIL, GSM, COTISATION)
VALUES ('36/000271/SVAZ', 'VEREECKEN', 'EMIEL', 1936, 'M', 'K', 'SVAZ', NULL, '4090B', NULL, NULL, NULL, NULL, NULL);
INSERT INTO NAGEURS (nr_ligue, NOM, PRENOM, annee_naissance, SEXE, code_categorie, code_club, ADRESSE, code_postal,
                     LOCALITE, nr_telephone, EMAIL, GSM, COTISATION)
VALUES ('73/000048/LDV', 'CASTELEYN', 'CHRISTINE', 1973, 'F', 'D', 'LDV', NULL, '4050', NULL, NULL, NULL, NULL,
        NULL);
INSERT INTO NAGEURS (nr_ligue, NOM, PRENOM, annee_naissance, SEXE, code_categorie, code_club, ADRESSE, code_postal,
                     LOCALITE, nr_telephone, EMAIL, GSM, COTISATION)
VALUES ('40/000255/SVAZ', 'VAN EVERBROECK', 'JAN', 1940, 'M', 'K', 'SVAZ', NULL, '4020', NULL, NULL, NULL, NULL,
        NULL);
INSERT INTO NAGEURS (nr_ligue, NOM, PRENOM, annee_naissance, SEXE, code_categorie, code_club, ADRESSE, code_postal,
                     LOCALITE, nr_telephone, EMAIL, GSM, COTISATION)
VALUES ('61/000028/CNBA', 'BOLAND', 'PIERRE-ANDRE', 1961, 'M', 'F', 'CNBA', NULL, '4090B', NULL, NULL, NULL, NULL,
        NULL);
INSERT INTO NAGEURS (nr_ligue, NOM, PRENOM, annee_naissance, SEXE, code_categorie, code_club, ADRESSE, code_postal,
                     LOCALITE, nr_telephone, EMAIL, GSM, COTISATION)
VALUES ('63/000227/AZV', 'SWENNEN', 'LINDA', 1963, 'F', 'F', 'AZV', NULL, '4031', NULL, NULL, NULL, NULL, NULL);
INSERT INTO NAGEURS (nr_ligue, NOM, PRENOM, annee_naissance, SEXE, code_categorie, code_club, ADRESSE, code_postal,
                     LOCALITE, nr_telephone, EMAIL, GSM, COTISATION)
VALUES ('60/000134/AZV', 'HENRARD', 'ERIC', 1960, 'M', 'G', 'AZV', NULL, '4020D', NULL, NULL, NULL, NULL, NULL);
INSERT INTO NAGEURS (nr_ligue, NOM, PRENOM, annee_naissance, SEXE, code_categorie, code_club, ADRESSE, code_postal,
                     LOCALITE, nr_telephone, EMAIL, GSM, COTISATION)
VALUES ('74/000192/LDV', 'NAVETTE', 'CEDRIC', 1974, 'M', 'D', 'LDV', NULL, '4032', NULL, NULL, NULL, NULL, NULL);
INSERT INTO NAGEURS (nr_ligue, NOM, PRENOM, annee_naissance, SEXE, code_categorie, code_club, ADRESSE, code_postal,
                     LOCALITE, nr_telephone, EMAIL, GSM, COTISATION)
VALUES ('72/000042/LZV', 'BULTERIJST', 'ANKE', 1972, 'F', 'D', 'LZV', NULL, '4020', NULL, NULL, NULL, NULL, NULL);
INSERT INTO NAGEURS (nr_ligue, NOM, PRENOM, annee_naissance, SEXE, code_categorie, code_club, ADRESSE, code_postal,
                     LOCALITE, nr_telephone, EMAIL, GSM, COTISATION)
VALUES ('37/000172/GBZ', 'MAES', 'LEA', 1937, 'F', 'K', 'GBZ', NULL, '4030', NULL, NULL, NULL, NULL, NULL);
INSERT INTO NAGEURS (nr_ligue, NOM, PRENOM, annee_naissance, SEXE, code_categorie, code_club, ADRESSE, code_postal,
                     LOCALITE, nr_telephone, EMAIL, GSM, COTISATION)
VALUES ('30/000111/ESN', 'GILKIN', 'JOSEPH', 1930, 'M', 'M', 'ESN', NULL, '4032', NULL, NULL, NULL, NULL, NULL);
INSERT INTO NAGEURS (nr_ligue, NOM, PRENOM, annee_naissance, SEXE, code_categorie, code_club, ADRESSE, code_postal,
                     LOCALITE, nr_telephone, EMAIL, GSM, COTISATION)
VALUES ('44/000071/ZOLA', 'DE LAETE', 'CYRILLE', 1944, 'M', 'J', 'ZOLA', NULL, '4042', NULL, NULL, NULL, NULL, NULL);
INSERT INTO NAGEURS (nr_ligue, NOM, PRENOM, annee_naissance, SEXE, code_categorie, code_club, ADRESSE, code_postal,
                     LOCALITE, nr_telephone, EMAIL, GSM, COTISATION)
VALUES ('51/000095/CHAN', 'DUBUISSON', 'YOLANDE', 1951, 'F', 'H', 'CHAN', NULL, '4042', NULL, NULL, NULL, NULL,
        NULL);
INSERT INTO NAGEURS (nr_ligue, NOM, PRENOM, annee_naissance, SEXE, code_categorie, code_club, ADRESSE, code_postal,
                     LOCALITE, nr_telephone, EMAIL, GSM, COTISATION)
VALUES ('54/000076/CNJ', 'DEGEEST', 'GUY', 1954, 'M', 'H', 'CNJ', NULL, '4020D', NULL, NULL, NULL, NULL, NULL);
INSERT INTO NAGEURS (nr_ligue, NOM, PRENOM, annee_naissance, SEXE, code_categorie, code_club, ADRESSE, code_postal,
                     LOCALITE, nr_telephone, EMAIL, GSM, COTISATION)
VALUES ('62/000239/HZA', 'TOOKER', 'CATY', 1962, 'F', 'F', 'HZA', NULL, '4020B', NULL, NULL, NULL, NULL, NULL);
INSERT INTO NAGEURS (nr_ligue, NOM, PRENOM, annee_naissance, SEXE, code_categorie, code_club, ADRESSE, code_postal,
                     LOCALITE, nr_telephone, EMAIL, GSM, COTISATION)
VALUES ('69/000223/TZV', 'SNOECK', 'GEERT', 1969, 'M', 'E', 'TZV', NULL, '4041B', NULL, NULL, NULL, NULL, NULL);
INSERT INTO NAGEURS (nr_ligue, NOM, PRENOM, annee_naissance, SEXE, code_categorie, code_club, ADRESSE, code_postal,
                     LOCALITE, nr_telephone, EMAIL, GSM, COTISATION)
VALUES ('63/000151/ZVL', 'JURGENS', 'KURT', 1963, 'M', 'F', 'ZVL', NULL, '4000C', NULL, NULL, NULL, NULL, NULL);
INSERT INTO NAGEURS (nr_ligue, NOM, PRENOM, annee_naissance, SEXE, code_categorie, code_club, ADRESSE, code_postal,
                     LOCALITE, nr_telephone, EMAIL, GSM, COTISATION)
VALUES ('63/000196/ZIK', 'NOEL', 'ERIK', 1963, 'M', 'F', 'ZIK', NULL, '4030', NULL, NULL, NULL, NULL, NULL);
INSERT INTO NAGEURS (nr_ligue, NOM, PRENOM, annee_naissance, SEXE, code_categorie, code_club, ADRESSE, code_postal,
                     LOCALITE, nr_telephone, EMAIL, GSM, COTISATION)
VALUES ('67/000204/LZV', 'POPPE', 'PETER', 1967, 'M', 'E', 'LZV', NULL, '4041', NULL, NULL, NULL, NULL, NULL);
INSERT INTO NAGEURS (nr_ligue, NOM, PRENOM, annee_naissance, SEXE, code_categorie, code_club, ADRESSE, code_postal,
                     LOCALITE, nr_telephone, EMAIL, GSM, COTISATION)
VALUES ('73/000070/RSCM', 'DE KEERSMAEKER', 'ANN', 1973, 'F', 'D', 'RSCM', NULL, '4050', NULL, NULL, NULL, NULL,
        NULL);
INSERT INTO NAGEURS (nr_ligue, NOM, PRENOM, annee_naissance, SEXE, code_categorie, code_club, ADRESSE, code_postal,
                     LOCALITE, nr_telephone, EMAIL, GSM, COTISATION)
VALUES ('73/000164/LDV', 'LEJEUNE', 'CHRISTINE', 1973, 'F', 'D', 'LDV', NULL, '4020D', NULL, NULL, NULL, NULL,
        NULL);
INSERT INTO NAGEURS (nr_ligue, NOM, PRENOM, annee_naissance, SEXE, code_categorie, code_club, ADRESSE, code_postal,
                     LOCALITE, nr_telephone, EMAIL, GSM, COTISATION)
VALUES ('72/000187/RSCM', 'MOONEN', 'GERT', 1972, 'M', 'D', 'RSCM', NULL, '4020', NULL, NULL, NULL, NULL, NULL);
COMMIT;

INSERT INTO JUGES (id_juge, NOM, PRENOM, code_club)
VALUES (1, 'BOSSIER', 'Lucienne', 'CNHUY');
INSERT INTO JUGES (id_juge, NOM, PRENOM, code_club)
VALUES (2, 'KOOYMAN', 'Guido', 'SVAZ');
INSERT INTO JUGES (id_juge, NOM, PRENOM, code_club)
VALUES (3, 'DE HERDT', 'Betty', 'AZSC');
INSERT INTO JUGES (id_juge, NOM, PRENOM, code_club)
VALUES (4, 'STASSEN', 'Franoise', 'CNHUY');
INSERT INTO JUGES (id_juge, NOM, PRENOM, code_club)
VALUES (5, 'GOSSIAUX', 'Pierrette', 'CNBA');
INSERT INTO JUGES (id_juge, NOM, PRENOM, code_club)
VALUES (6, 'HERMANS', 'Marc', 'MZVA');
INSERT INTO JUGES (id_juge, NOM, PRENOM, code_club)
VALUES (7, 'MOUTON', 'Marc', 'CNBA');
INSERT INTO JUGES (id_juge, NOM, PRENOM, code_club)
VALUES (8, 'BLONDEEL', 'Henri', 'CNBA');
INSERT INTO JUGES (id_juge, NOM, PRENOM, code_club)
VALUES (9, 'VAN DAMME', 'Bernadette', 'LZV');
COMMIT;



INSERT INTO JOURNEES (id_competition, ANNEE, JOUR, date_heure_competition, heure_echauffement, id_piscine, id_juge,
                      date_limite_inscription)
VALUES (3, 2002, 1, STR_TO_DATE('20/04/2002 09:30:00', ' %d/%m/%Y %H:%i:%s'),
        STR_TO_DATE('20/04/2002 08:30:00', ' %d/%m/%Y %H:%i:%s'), 4, 5,
        STR_TO_DATE('07/04/2002 00:00:00', ' %d/%m/%Y %H:%i:%s'));
INSERT INTO JOURNEES (id_competition, ANNEE, JOUR, date_heure_competition, heure_echauffement, id_piscine, id_juge,
                      date_limite_inscription)
VALUES (3, 2002, 2, STR_TO_DATE('21/04/2002 10:30:00', ' %d/%m/%Y %H:%i:%s'),
        STR_TO_DATE('21/04/2002 10:00:00', ' %d/%m/%Y %H:%i:%s'), 4, 3,
        STR_TO_DATE('07/04/2002 00:00:00', ' %d/%m/%Y %H:%i:%s'));
INSERT INTO JOURNEES (id_competition, ANNEE, JOUR, date_heure_competition, heure_echauffement, id_piscine, id_juge,
                      date_limite_inscription)
VALUES (2, 2003, 1, STR_TO_DATE('22/02/2003 09:00:00', ' %d/%m/%Y %H:%i:%s'),
        STR_TO_DATE('22/02/2003 08:15:00', ' %d/%m/%Y %H:%i:%s'), 5, 8,
        STR_TO_DATE('12/02/2003 00:00:00', ' %d/%m/%Y %H:%i:%s'));
INSERT INTO JOURNEES (id_competition, ANNEE, JOUR, date_heure_competition, heure_echauffement, id_piscine, id_juge,
                      date_limite_inscription)
VALUES (2, 2003, 2, STR_TO_DATE('23/02/2003 10:30:00', ' %d/%m/%Y %H:%i:%s'),
        STR_TO_DATE('23/02/2003 10:00:00', ' %d/%m/%Y %H:%i:%s'), 5, 7,
        STR_TO_DATE('10/02/2003 00:00:00', ' %d/%m/%Y %H:%i:%s'));
INSERT INTO JOURNEES (id_competition, ANNEE, JOUR, date_heure_competition, heure_echauffement, id_piscine, id_juge,
                      date_limite_inscription)
VALUES (1, 2002, 1, STR_TO_DATE('06/10/2002 11:00:00', ' %d/%m/%Y %H:%i:%s'),
        STR_TO_DATE('06/10/2002 10:00:00', ' %d/%m/%Y %H:%i:%s'), 2, 6,
        STR_TO_DATE('11/09/2002 00:00:00', ' %d/%m/%Y %H:%i:%s'));
INSERT INTO JOURNEES (id_competition, ANNEE, JOUR, date_heure_competition, heure_echauffement, id_piscine, id_juge,
                      date_limite_inscription)
VALUES (1, 2002, 2, STR_TO_DATE('13/10/2002 08:30:00', ' %d/%m/%Y %H:%i:%s'),
        STR_TO_DATE('13/10/2002 08:00:00', ' %d/%m/%Y %H:%i:%s'), 4, 8,
        STR_TO_DATE('11/09/2002 00:00:00', ' %d/%m/%Y %H:%i:%s'));
INSERT INTO JOURNEES (id_competition, ANNEE, JOUR, date_heure_competition, heure_echauffement, id_piscine, id_juge,
                      date_limite_inscription)
VALUES (1, 2002, 3, STR_TO_DATE('08/12/2002 10:30:00', ' %d/%m/%Y %H:%i:%s'),
        STR_TO_DATE('08/12/2002 09:45:00', ' %d/%m/%Y %H:%i:%s'), 1, 6,
        STR_TO_DATE('20/11/2002 00:00:00', ' %d/%m/%Y %H:%i:%s'));
INSERT INTO JOURNEES (id_competition, ANNEE, JOUR, date_heure_competition, heure_echauffement, id_piscine, id_juge,
                      date_limite_inscription)
VALUES (1, 2001, 1, STR_TO_DATE('07/10/2001 13:30:00', ' %d/%m/%Y %H:%i:%s'),
        STR_TO_DATE('07/10/2001 12:45:00', ' %d/%m/%Y %H:%i:%s'), 4, 2,
        STR_TO_DATE('12/09/2001 00:00:00', ' %d/%m/%Y %H:%i:%s'));
INSERT INTO JOURNEES (id_competition, ANNEE, JOUR, date_heure_competition, heure_echauffement, id_piscine, id_juge,
                      date_limite_inscription)
VALUES (1, 2001, 2, STR_TO_DATE('14/10/2001 10:00:00', ' %d/%m/%Y %H:%i:%s'),
        STR_TO_DATE('14/10/2001 09:15:00', ' %d/%m/%Y %H:%i:%s'), 2, 7,
        STR_TO_DATE('12/09/2001 00:00:00', ' %d/%m/%Y %H:%i:%s'));
INSERT INTO JOURNEES (id_competition, ANNEE, JOUR, date_heure_competition, heure_echauffement, id_piscine, id_juge,
                      date_limite_inscription)
VALUES (1, 2001, 3, STR_TO_DATE('09/12/2002 09:00:00', ' %d/%m/%Y %H:%i:%s'),
        STR_TO_DATE('09/12/2002 08:30:00', ' %d/%m/%Y %H:%i:%s'), 1, 3,
        STR_TO_DATE('21/11/2002 00:00:00', ' %d/%m/%Y %H:%i:%s'));
INSERT INTO JOURNEES (id_competition, ANNEE, JOUR, date_heure_competition, heure_echauffement, id_piscine, id_juge,
                      date_limite_inscription)
VALUES (1, 2003, 1, STR_TO_DATE('05/10/2003 09:00:00', ' %d/%m/%Y %H:%i:%s'),
        STR_TO_DATE('05/10/2003 08:15:00', ' %d/%m/%Y %H:%i:%s'), 2, 1,
        STR_TO_DATE('09/09/2003 00:00:00', ' %d/%m/%Y %H:%i:%s'));
INSERT INTO JOURNEES (id_competition, ANNEE, JOUR, date_heure_competition, heure_echauffement, id_piscine, id_juge,
                      date_limite_inscription)
VALUES (1, 2003, 2, STR_TO_DATE('12/10/2003 10:30:00', ' %d/%m/%Y %H:%i:%s'),
        STR_TO_DATE('12/10/2003 10:00:00', ' %d/%m/%Y %H:%i:%s'), 7, 6,
        STR_TO_DATE('09/09/2003 00:00:00', ' %d/%m/%Y %H:%i:%s'));
INSERT INTO JOURNEES (id_competition, ANNEE, JOUR, date_heure_competition, heure_echauffement, id_piscine, id_juge,
                      date_limite_inscription)
VALUES (1, 2003, 3, STR_TO_DATE('07/12/2003 08:30:00', ' %d/%m/%Y %H:%i:%s'),
        STR_TO_DATE('07/12/2003 08:00:00', ' %d/%m/%Y %H:%i:%s'), 1, 2,
        STR_TO_DATE('08/11/2003 00:00:00', ' %d/%m/%Y %H:%i:%s'));
INSERT INTO JOURNEES (id_competition, ANNEE, JOUR, date_heure_competition, heure_echauffement, id_piscine, id_juge,
                      date_limite_inscription)
VALUES (1, 2004, 1, STR_TO_DATE('03/10/2004 09:00:00', ' %d/%m/%Y %H:%i:%s'),
        STR_TO_DATE('03/10/2004 08:15:00', ' %d/%m/%Y %H:%i:%s'), 2, 8,
        STR_TO_DATE('07/09/2004 00:00:00', ' %d/%m/%Y %H:%i:%s'));
INSERT INTO JOURNEES (id_competition, ANNEE, JOUR, date_heure_competition, heure_echauffement, id_piscine, id_juge,
                      date_limite_inscription)
VALUES (1, 2004, 2, STR_TO_DATE('10/10/2004 10:30:00', ' %d/%m/%Y %H:%i:%s'),
        STR_TO_DATE('10/10/2004 09:45:00', ' %d/%m/%Y %H:%i:%s'), 1, 5,
        STR_TO_DATE('07/09/2004 00:00:00', ' %d/%m/%Y %H:%i:%s'));
INSERT INTO JOURNEES (id_competition, ANNEE, JOUR, date_heure_competition, heure_echauffement, id_piscine, id_juge,
                      date_limite_inscription)
VALUES (1, 2004, 3, STR_TO_DATE('05/12/2004 09:00:00', ' %d/%m/%Y %H:%i:%s'),
        STR_TO_DATE('05/12/2004 08:30:00', ' %d/%m/%Y %H:%i:%s'), 1, 5,
        STR_TO_DATE('15/11/2004 00:00:00', ' %d/%m/%Y %H:%i:%s'));
INSERT INTO JOURNEES (id_competition, ANNEE, JOUR, date_heure_competition, heure_echauffement, id_piscine, id_juge,
                      date_limite_inscription)
VALUES (1, 2005, 1, STR_TO_DATE('02/10/2005 10:30:00', ' %d/%m/%Y %H:%i:%s'),
        STR_TO_DATE('02/10/2005 09:45:00', ' %d/%m/%Y %H:%i:%s'), 2, 5,
        STR_TO_DATE('12/09/2005 00:00:00', ' %d/%m/%Y %H:%i:%s'));
INSERT INTO JOURNEES (id_competition, ANNEE, JOUR, date_heure_competition, heure_echauffement, id_piscine, id_juge,
                      date_limite_inscription)
VALUES (1, 2005, 2, STR_TO_DATE('09/10/2005 09:00:00', ' %d/%m/%Y %H:%i:%s'),
        STR_TO_DATE('09/10/2005 08:15:00', ' %d/%m/%Y %H:%i:%s'), 6, 2,
        STR_TO_DATE('12/09/2005 00:00:00', ' %d/%m/%Y %H:%i:%s'));
INSERT INTO JOURNEES (id_competition, ANNEE, JOUR, date_heure_competition, heure_echauffement, id_piscine, id_juge,
                      date_limite_inscription)
VALUES (1, 2005, 3, STR_TO_DATE('04/12/2005 08:30:00', ' %d/%m/%Y %H:%i:%s'),
        STR_TO_DATE('04/12/2005 08:00:00', ' %d/%m/%Y %H:%i:%s'), 1, 6,
        STR_TO_DATE('09/11/2005 00:00:00', ' %d/%m/%Y %H:%i:%s'));
COMMIT;

INSERT INTO PLANNING (id_competition, ANNEE, JOUR, nr_course, LIBELLE, DISTANCE, PAUSE)
VALUES (1, 2001, 1, 2, 'Dos/Rugslag D/H', 100, NULL);
INSERT INTO PLANNING (id_competition, ANNEE, JOUR, nr_course, LIBELLE, DISTANCE, PAUSE)
VALUES (1, 2001, 1, 3, 'Brasse/Schoolslag  D/H', 200, NULL);
INSERT INTO PLANNING (id_competition, ANNEE, JOUR, nr_course, LIBELLE, DISTANCE, PAUSE)
VALUES (1, 2001, 1, 4, 'Libre/Vrije slag   D/H', 100, NULL);
INSERT INTO PLANNING (id_competition, ANNEE, JOUR, nr_course, LIBELLE, DISTANCE, PAUSE)
VALUES (1, 2001, 1, 6, 'Papillon/Vlinderslag D/H', 200, NULL);
INSERT INTO PLANNING (id_competition, ANNEE, JOUR, nr_course, LIBELLE, DISTANCE, PAUSE)
VALUES (1, 2001, 1, 7, 'Brasse/Schoolslag   D/H', 50, NULL);
INSERT INTO PLANNING (id_competition, ANNEE, JOUR, nr_course, LIBELLE, DISTANCE, PAUSE)
VALUES (1, 2001, 1, 8, '4 Nages/Wisselslag D/H', 100, NULL);
INSERT INTO PLANNING (id_competition, ANNEE, JOUR, nr_course, LIBELLE, DISTANCE, PAUSE)
VALUES (1, 2001, 2, 1, 'Vlinderslag/Papillon D/H', 100, NULL);
INSERT INTO PLANNING (id_competition, ANNEE, JOUR, nr_course, LIBELLE, DISTANCE, PAUSE)
VALUES (1, 2001, 2, 2, 'Rugslag/Dos   D/H', 50, NULL);
INSERT INTO PLANNING (id_competition, ANNEE, JOUR, nr_course, LIBELLE, DISTANCE, PAUSE)
VALUES (1, 2001, 2, 3, 'Schoolslag/Brasse   D/H', 100, NULL);
INSERT INTO PLANNING (id_competition, ANNEE, JOUR, nr_course, LIBELLE, DISTANCE, PAUSE)
VALUES (1, 2001, 2, 4, 'Vrije slag/Libre   D/H', 200, NULL);
INSERT INTO PLANNING (id_competition, ANNEE, JOUR, nr_course, LIBELLE, DISTANCE, PAUSE)
VALUES (1, 2001, 2, 6, 'Rugslag/Dos   D/H', 200, NULL);
INSERT INTO PLANNING (id_competition, ANNEE, JOUR, nr_course, LIBELLE, DISTANCE, PAUSE)
VALUES (1, 2001, 2, 7, 'Vrije slag/Libre   D/H', 50, NULL);
INSERT INTO PLANNING (id_competition, ANNEE, JOUR, nr_course, LIBELLE, DISTANCE, PAUSE)
VALUES (1, 2001, 2, 8, 'Wisselslag/4 Nages   D/H', 200, NULL);
INSERT INTO PLANNING (id_competition, ANNEE, JOUR, nr_course, LIBELLE, DISTANCE, PAUSE)
VALUES (1, 2001, 3, 1, 'Libre/Vrije slag   D/H', 1500, NULL);
INSERT INTO PLANNING (id_competition, ANNEE, JOUR, nr_course, LIBELLE, DISTANCE, PAUSE)
VALUES (1, 2001, 3, 2, 'Libre/Vrije   D/H', 800, NULL);
INSERT INTO PLANNING (id_competition, ANNEE, JOUR, nr_course, LIBELLE, DISTANCE, PAUSE)
VALUES (1, 2001, 3, 3, '4 Nages/Wisselslag   D/H', 400, NULL);
INSERT INTO PLANNING (id_competition, ANNEE, JOUR, nr_course, LIBELLE, DISTANCE, PAUSE)
VALUES (1, 2001, 3, 4, 'Libre/Vrije slag   D/H', 400, NULL);
INSERT INTO PLANNING (id_competition, ANNEE, JOUR, nr_course, LIBELLE, DISTANCE, PAUSE)
VALUES (1, 2001, 1, 1, 'Papillon/VlinderSlag D/H', 50, NULL);
INSERT INTO PLANNING (id_competition, ANNEE, JOUR, nr_course, LIBELLE, DISTANCE, PAUSE)
VALUES (1, 2001, 1, 5, 'Relais/Aflossing 4X50 4Nages/Wisselslag 4D ou/of 4H', NULL, null);
INSERT INTO PLANNING (id_competition, ANNEE, JOUR, nr_course, LIBELLE, DISTANCE, PAUSE)
VALUES (1, 2001, 2, 9, 'Aflossing/Relais 4X50 Wisselslag/4 Nages 2H en/et 2D', NULL, NULL);
INSERT INTO PLANNING (id_competition, ANNEE, JOUR, nr_course, LIBELLE, DISTANCE, PAUSE)
VALUES (1, 2002, 1, 2, 'Rugslag/dos   D/H', 100, NULL);
INSERT INTO PLANNING (id_competition, ANNEE, JOUR, nr_course, LIBELLE, DISTANCE, PAUSE)
VALUES (1, 2002, 1, 3, 'Schoolslag/Brasse  D/H', 200, NULL);
INSERT INTO PLANNING (id_competition, ANNEE, JOUR, nr_course, LIBELLE, DISTANCE, PAUSE)
VALUES (1, 2002, 1, 4, 'Vrije slag/libre   D/H', 100, NULL);
INSERT INTO PLANNING (id_competition, ANNEE, JOUR, nr_course, LIBELLE, DISTANCE, PAUSE)
VALUES (1, 2002, 1, 6, 'Vlinderslag/Papillon   D/H', 200, NULL);
INSERT INTO PLANNING (id_competition, ANNEE, JOUR, nr_course, LIBELLE, DISTANCE, PAUSE)
VALUES (1, 2002, 1, 7, 'Schoolslag/Brasse   D/H', 50, NULL);
INSERT INTO PLANNING (id_competition, ANNEE, JOUR, nr_course, LIBELLE, DISTANCE, PAUSE)
VALUES (1, 2002, 1, 8, 'Wisselslag /4 Nages   D/H', 100, NULL);
INSERT INTO PLANNING (id_competition, ANNEE, JOUR, nr_course, LIBELLE, DISTANCE, PAUSE)
VALUES (1, 2002, 2, 1, 'Papillon/Vlinderslag   D/H', 100, NULL);
INSERT INTO PLANNING (id_competition, ANNEE, JOUR, nr_course, LIBELLE, DISTANCE, PAUSE)
VALUES (1, 2002, 2, 2, 'Dos/Rugslag   D/H', 50, NULL);
INSERT INTO PLANNING (id_competition, ANNEE, JOUR, nr_course, LIBELLE, DISTANCE, PAUSE)
VALUES (1, 2002, 2, 3, 'Brasse/Schoolslag   D/H', 100, NULL);
INSERT INTO PLANNING (id_competition, ANNEE, JOUR, nr_course, LIBELLE, DISTANCE, PAUSE)
VALUES (1, 2002, 2, 4, 'Libre/Vrije slag   D/H', 200, NULL);
INSERT INTO PLANNING (id_competition, ANNEE, JOUR, nr_course, LIBELLE, DISTANCE, PAUSE)
VALUES (1, 2002, 2, 6, 'Dos/Rugslag   D/H', 200, NULL);
INSERT INTO PLANNING (id_competition, ANNEE, JOUR, nr_course, LIBELLE, DISTANCE, PAUSE)
VALUES (1, 2002, 2, 7, 'Libre/Vrije slag   D/H', 50, NULL);
INSERT INTO PLANNING (id_competition, ANNEE, JOUR, nr_course, LIBELLE, DISTANCE, PAUSE)
VALUES (1, 2002, 2, 8, '4 Nages/Wisselslag   D/H', 200, NULL);
INSERT INTO PLANNING (id_competition, ANNEE, JOUR, nr_course, LIBELLE, DISTANCE, PAUSE)
VALUES (1, 2002, 3, 1, 'Libre/Vrije slag   D/H', 1500, NULL);
INSERT INTO PLANNING (id_competition, ANNEE, JOUR, nr_course, LIBELLE, DISTANCE, PAUSE)
VALUES (1, 2002, 3, 2, 'Libre/Vrije   D/H', 800, NULL);
INSERT INTO PLANNING (id_competition, ANNEE, JOUR, nr_course, LIBELLE, DISTANCE, PAUSE)
VALUES (1, 2002, 3, 3, '4 Nages/Wisselslag   D/H', 400, NULL);
INSERT INTO PLANNING (id_competition, ANNEE, JOUR, nr_course, LIBELLE, DISTANCE, PAUSE)
VALUES (1, 2002, 3, 4, 'Libre/Vrije slag   D/H', 400, NULL);
INSERT INTO PLANNING (id_competition, ANNEE, JOUR, nr_course, LIBELLE, DISTANCE, PAUSE)
VALUES (1, 2002, 1, 1, 'Vlinderslag/papillon   D/H', 50, NULL);
INSERT INTO PLANNING (id_competition, ANNEE, JOUR, nr_course, LIBELLE, DISTANCE, PAUSE)
VALUES (1, 2002, 1, 5, 'Afloss./Relais 4X50 Wisselslag 4Nages 4D OF/OU 4H', NULL, null);
INSERT INTO PLANNING (id_competition, ANNEE, JOUR, nr_course, LIBELLE, DISTANCE, PAUSE)
VALUES (1, 2001, 2, 5, 'Aflossing/Relais 4X50 Vrije Slag/Nage Libre 4H of/ou 4D', NULL, null);
INSERT INTO PLANNING (id_competition, ANNEE, JOUR, nr_course, LIBELLE, DISTANCE, PAUSE)
VALUES (1, 2002, 2, 5, 'Relais/Aflossing 4X50 Nage Libre/Vrijeslag D/H', NULL, null);
INSERT INTO PLANNING (id_competition, ANNEE, JOUR, nr_course, LIBELLE, DISTANCE, PAUSE)
VALUES (1, 2002, 2, 9, 'Relais/Aflossing 4X50 4Nages/Wisselslag D/H', NULL, NULL);
INSERT INTO PLANNING (id_competition, ANNEE, JOUR, nr_course, LIBELLE, DISTANCE, PAUSE)
VALUES (2, 2003, 1, 1, '4 nages Dames', 200, NULL);
INSERT INTO PLANNING (id_competition, ANNEE, JOUR, nr_course, LIBELLE, DISTANCE, PAUSE)
VALUES (2, 2003, 1, 2, '4 nages Messieurs', 200, NULL);
INSERT INTO PLANNING (id_competition, ANNEE, JOUR, nr_course, LIBELLE, DISTANCE, PAUSE)
VALUES (2, 2003, 1, 3, 'Brasse Dames', 200, NULL);
INSERT INTO PLANNING (id_competition, ANNEE, JOUR, nr_course, LIBELLE, DISTANCE, PAUSE)
VALUES (2, 2003, 1, 4, 'Brasse Messieurs', 200, NULL);
INSERT INTO PLANNING (id_competition, ANNEE, JOUR, nr_course, LIBELLE, DISTANCE, PAUSE)
VALUES (2, 2003, 1, 5, 'Dos Dames', 100, NULL);
INSERT INTO PLANNING (id_competition, ANNEE, JOUR, nr_course, LIBELLE, DISTANCE, PAUSE)
VALUES (2, 2003, 1, 6, 'Dos Messieurs', 100, null);
INSERT INTO PLANNING (id_competition, ANNEE, JOUR, nr_course, LIBELLE, DISTANCE, PAUSE)
VALUES (2, 2003, 1, 7, 'Papillon Dames', 100, NULL);
INSERT INTO PLANNING (id_competition, ANNEE, JOUR, nr_course, LIBELLE, DISTANCE, PAUSE)
VALUES (2, 2003, 1, 8, 'Papillon Messieurs', 100, NULL);
INSERT INTO PLANNING (id_competition, ANNEE, JOUR, nr_course, LIBELLE, DISTANCE, PAUSE)
VALUES (2, 2003, 1, 9, 'Brasse Dames', 50, NULL);
INSERT INTO PLANNING (id_competition, ANNEE, JOUR, nr_course, LIBELLE, DISTANCE, PAUSE)
VALUES (2, 2003, 1, 10, 'Brasse Messieurs', 50, NULL);
INSERT INTO PLANNING (id_competition, ANNEE, JOUR, nr_course, LIBELLE, DISTANCE, PAUSE)
VALUES (2, 2003, 1, 11, 'NL Dames', 400, NULL);
INSERT INTO PLANNING (id_competition, ANNEE, JOUR, nr_course, LIBELLE, DISTANCE, PAUSE)
VALUES (2, 2003, 1, 12, 'NL Messieurs', 400, null);
INSERT INTO PLANNING (id_competition, ANNEE, JOUR, nr_course, LIBELLE, DISTANCE, PAUSE)
VALUES (2, 2003, 1, 13, 'Relais 4X50 4Nages Dames', NULL, NULL);
INSERT INTO PLANNING (id_competition, ANNEE, JOUR, nr_course, LIBELLE, DISTANCE, PAUSE)
VALUES (2, 2003, 1, 14, 'Relais 4X50 4Nages Messieurs', NULL, NULL);
INSERT INTO PLANNING (id_competition, ANNEE, JOUR, nr_course, LIBELLE, DISTANCE, PAUSE)
VALUES (2, 2003, 2, 15, 'NL Dames', 50, NULL);
INSERT INTO PLANNING (id_competition, ANNEE, JOUR, nr_course, LIBELLE, DISTANCE, PAUSE)
VALUES (2, 2003, 2, 16, 'NL Messieurs', 50, NULL);
INSERT INTO PLANNING (id_competition, ANNEE, JOUR, nr_course, LIBELLE, DISTANCE, PAUSE)
VALUES (2, 2003, 2, 17, 'Dos Dames', 200, NULL);
INSERT INTO PLANNING (id_competition, ANNEE, JOUR, nr_course, LIBELLE, DISTANCE, PAUSE)
VALUES (2, 2003, 2, 18, 'Dos Messieurs', 200, NULL);
INSERT INTO PLANNING (id_competition, ANNEE, JOUR, nr_course, LIBELLE, DISTANCE, PAUSE)
VALUES (2, 2003, 2, 19, 'NL Dames', 200, NULL);
INSERT INTO PLANNING (id_competition, ANNEE, JOUR, nr_course, LIBELLE, DISTANCE, PAUSE)
VALUES (2, 2003, 2, 20, 'NL Messieurs', 200, null);
INSERT INTO PLANNING (id_competition, ANNEE, JOUR, nr_course, LIBELLE, DISTANCE, PAUSE)
VALUES (2, 2003, 2, 21, '4 Nages Dames', 100, NULL);
INSERT INTO PLANNING (id_competition, ANNEE, JOUR, nr_course, LIBELLE, DISTANCE, PAUSE)
VALUES (2, 2003, 2, 22, '4 Nages Messieurs', 100, NULL);
INSERT INTO PLANNING (id_competition, ANNEE, JOUR, nr_course, LIBELLE, DISTANCE, PAUSE)
VALUES (2, 2003, 2, 23, 'Dos Dames', 50, NULL);
INSERT INTO PLANNING (id_competition, ANNEE, JOUR, nr_course, LIBELLE, DISTANCE, PAUSE)
VALUES (2, 2003, 2, 24, 'Dos Messieurs', 50, NULL);
INSERT INTO PLANNING (id_competition, ANNEE, JOUR, nr_course, LIBELLE, DISTANCE, PAUSE)
VALUES (2, 2003, 2, 25, 'Papillon Dames', 50, NULL);
INSERT INTO PLANNING (id_competition, ANNEE, JOUR, nr_course, LIBELLE, DISTANCE, PAUSE)
VALUES (2, 2003, 2, 26, 'Papillon Messieurs', 50, NULL);
INSERT INTO PLANNING (id_competition, ANNEE, JOUR, nr_course, LIBELLE, DISTANCE, PAUSE)
VALUES (2, 2003, 2, 27, 'Brasse Dames', 100, NULL);
INSERT INTO PLANNING (id_competition, ANNEE, JOUR, nr_course, LIBELLE, DISTANCE, PAUSE)
VALUES (2, 2003, 2, 28, 'Brasse Messieurs', 100, null);
INSERT INTO PLANNING (id_competition, ANNEE, JOUR, nr_course, LIBELLE, DISTANCE, PAUSE)
VALUES (2, 2003, 2, 29, 'NL Dames', 100, NULL);
INSERT INTO PLANNING (id_competition, ANNEE, JOUR, nr_course, LIBELLE, DISTANCE, PAUSE)
VALUES (2, 2003, 2, 30, 'NL Messieurs', 100, NULL);
INSERT INTO PLANNING (id_competition, ANNEE, JOUR, nr_course, LIBELLE, DISTANCE, PAUSE)
VALUES (2, 2003, 2, 31, 'Relais 4X50 NL Dames', NULL, NULL);
INSERT INTO PLANNING (id_competition, ANNEE, JOUR, nr_course, LIBELLE, DISTANCE, PAUSE)
VALUES (2, 2003, 2, 32, 'Relais 4X50 NL Messieurs', NULL, NULL);
INSERT INTO PLANNING (id_competition, ANNEE, JOUR, nr_course, LIBELLE, DISTANCE, PAUSE)
VALUES (3, 2002, 1, 1, '4Nages D/H', 400, NULL);
INSERT INTO PLANNING (id_competition, ANNEE, JOUR, nr_course, LIBELLE, DISTANCE, PAUSE)
VALUES (3, 2002, 1, 2, 'Nage libre D/H', 800, NULL);
INSERT INTO PLANNING (id_competition, ANNEE, JOUR, nr_course, LIBELLE, DISTANCE, PAUSE)
VALUES (3, 2002, 1, 3, 'Nage libre D/H', 1500, NULL);
INSERT INTO PLANNING (id_competition, ANNEE, JOUR, nr_course, LIBELLE, DISTANCE, PAUSE)
VALUES (3, 2002, 1, 4, 'Papillon D/H', 50, NULL);
INSERT INTO PLANNING (id_competition, ANNEE, JOUR, nr_course, LIBELLE, DISTANCE, PAUSE)
VALUES (3, 2002, 1, 5, 'Dos D/H', 50, NULL);
INSERT INTO PLANNING (id_competition, ANNEE, JOUR, nr_course, LIBELLE, DISTANCE, PAUSE)
VALUES (3, 2002, 1, 6, 'Brasse D/H', 50, NULL);
INSERT INTO PLANNING (id_competition, ANNEE, JOUR, nr_course, LIBELLE, DISTANCE, PAUSE)
VALUES (3, 2002, 1, 7, 'Nage libre D/H', 50, NULL);
INSERT INTO PLANNING (id_competition, ANNEE, JOUR, nr_course, LIBELLE, DISTANCE, PAUSE)
VALUES (3, 2002, 1, 8, 'Relais 4X50 4 nages D/H', NULL, NULL);
INSERT INTO PLANNING (id_competition, ANNEE, JOUR, nr_course, LIBELLE, DISTANCE, PAUSE)
VALUES (3, 2002, 1, 9, 'Papillon D/H', 200, NULL);
INSERT INTO PLANNING (id_competition, ANNEE, JOUR, nr_course, LIBELLE, DISTANCE, PAUSE)
VALUES (3, 2002, 1, 10, 'Dos D/H', 200, NULL);
INSERT INTO PLANNING (id_competition, ANNEE, JOUR, nr_course, LIBELLE, DISTANCE, PAUSE)
VALUES (3, 2002, 1, 11, 'Brasse D/H', 200, NULL);
INSERT INTO PLANNING (id_competition, ANNEE, JOUR, nr_course, LIBELLE, DISTANCE, PAUSE)
VALUES (3, 2002, 1, 12, 'Nage Libre D/H', 200, NULL);
INSERT INTO PLANNING (id_competition, ANNEE, JOUR, nr_course, LIBELLE, DISTANCE, PAUSE)
VALUES (3, 2002, 1, 13, 'Relais 4X50 Nage libre Mixte', NULL, NULL);
INSERT INTO PLANNING (id_competition, ANNEE, JOUR, nr_course, LIBELLE, DISTANCE, PAUSE)
VALUES (3, 2002, 2, 14, 'Nage Libre D/H', 400, NULL);
INSERT INTO PLANNING (id_competition, ANNEE, JOUR, nr_course, LIBELLE, DISTANCE, PAUSE)
VALUES (3, 2002, 2, 15, 'Relais 4X50 Nage libre D/H', NULL, NULL);
INSERT INTO PLANNING (id_competition, ANNEE, JOUR, nr_course, LIBELLE, DISTANCE, PAUSE)
VALUES (3, 2002, 2, 16, 'Papillon D/H', 100, NULL);
INSERT INTO PLANNING (id_competition, ANNEE, JOUR, nr_course, LIBELLE, DISTANCE, PAUSE)
VALUES (3, 2002, 2, 17, 'Dos D/H', 100, NULL);
INSERT INTO PLANNING (id_competition, ANNEE, JOUR, nr_course, LIBELLE, DISTANCE, PAUSE)
VALUES (3, 2002, 2, 18, 'Brasse D/H', 100, NULL);
INSERT INTO PLANNING (id_competition, ANNEE, JOUR, nr_course, LIBELLE, DISTANCE, PAUSE)
VALUES (3, 2002, 2, 19, 'Nage Libre', 100, NULL);
INSERT INTO PLANNING (id_competition, ANNEE, JOUR, nr_course, LIBELLE, DISTANCE, PAUSE)
VALUES (3, 2002, 2, 20, '4Nages D/H', 200, NULL);
INSERT INTO PLANNING (id_competition, ANNEE, JOUR, nr_course, LIBELLE, DISTANCE, PAUSE)
VALUES (3, 2002, 2, 21, 'Relais 4X50 4Nages Mixte', NULL, NULL);
INSERT INTO PLANNING (id_competition, ANNEE, JOUR, nr_course, LIBELLE, DISTANCE, PAUSE)
VALUES (1, 2003, 1, 1, 'Vlinderslag/papillon   D/H', 50, NULL);
INSERT INTO PLANNING (id_competition, ANNEE, JOUR, nr_course, LIBELLE, DISTANCE, PAUSE)
VALUES (1, 2003, 1, 2, 'Rugslag/dos   D/H', 100, NULL);
INSERT INTO PLANNING (id_competition, ANNEE, JOUR, nr_course, LIBELLE, DISTANCE, PAUSE)
VALUES (1, 2003, 1, 3, 'Schoolslag/Brasse  D/H', 200, NULL);
INSERT INTO PLANNING (id_competition, ANNEE, JOUR, nr_course, LIBELLE, DISTANCE, PAUSE)
VALUES (1, 2003, 1, 4, 'Vrije slag/libre   D/H', 100, NULL);
INSERT INTO PLANNING (id_competition, ANNEE, JOUR, nr_course, LIBELLE, DISTANCE, PAUSE)
VALUES (1, 2003, 1, 5, 'Afloss./Relais 4X50 Wisselslag 4Nages 4D OF/OU 4H', NULL, null);
COMMIT;
INSERT INTO PLANNING (id_competition, ANNEE, JOUR, nr_course, LIBELLE, DISTANCE, PAUSE)
VALUES (1, 2003, 1, 6, 'Vlinderslag/Papillon   D/H', 200, NULL);
INSERT INTO PLANNING (id_competition, ANNEE, JOUR, nr_course, LIBELLE, DISTANCE, PAUSE)
VALUES (1, 2003, 1, 7, 'Schoolslag/Brasse   D/H', 50, NULL);
INSERT INTO PLANNING (id_competition, ANNEE, JOUR, nr_course, LIBELLE, DISTANCE, PAUSE)
VALUES (1, 2003, 1, 8, 'Wisselslag /4 Nages   D/H', 100, NULL);
INSERT INTO PLANNING (id_competition, ANNEE, JOUR, nr_course, LIBELLE, DISTANCE, PAUSE)
VALUES (1, 2003, 2, 1, 'Papillon/Vlinderslag   D/H', 100, NULL);
INSERT INTO PLANNING (id_competition, ANNEE, JOUR, nr_course, LIBELLE, DISTANCE, PAUSE)
VALUES (1, 2003, 2, 2, 'Dos/Rugslag   D/H', 50, NULL);
INSERT INTO PLANNING (id_competition, ANNEE, JOUR, nr_course, LIBELLE, DISTANCE, PAUSE)
VALUES (1, 2003, 2, 3, 'Brasse/Schoolslag   D/H', 100, NULL);
INSERT INTO PLANNING (id_competition, ANNEE, JOUR, nr_course, LIBELLE, DISTANCE, PAUSE)
VALUES (1, 2003, 2, 4, 'Libre/Vrije slag   D/H', 200, NULL);
INSERT INTO PLANNING (id_competition, ANNEE, JOUR, nr_course, LIBELLE, DISTANCE, PAUSE)
VALUES (1, 2003, 2, 5, 'Relais/Aflossing 4X50 Nage Libre/Vrijeslag D/H', NULL, null);
INSERT INTO PLANNING (id_competition, ANNEE, JOUR, nr_course, LIBELLE, DISTANCE, PAUSE)
VALUES (1, 2003, 2, 6, 'Dos/Rugslag   D/H', 200, NULL);
INSERT INTO PLANNING (id_competition, ANNEE, JOUR, nr_course, LIBELLE, DISTANCE, PAUSE)
VALUES (1, 2003, 2, 7, 'Libre/Vrije slag   D/H', 50, NULL);
INSERT INTO PLANNING (id_competition, ANNEE, JOUR, nr_course, LIBELLE, DISTANCE, PAUSE)
VALUES (1, 2003, 2, 8, '4 Nages/Wisselslag   D/H', 200, NULL);
INSERT INTO PLANNING (id_competition, ANNEE, JOUR, nr_course, LIBELLE, DISTANCE, PAUSE)
VALUES (1, 2003, 2, 9, 'Relais/Aflossing 4X50 4Nages/Wisselslag D/H', NULL, NULL);
INSERT INTO PLANNING (id_competition, ANNEE, JOUR, nr_course, LIBELLE, DISTANCE, PAUSE)
VALUES (1, 2003, 3, 1, 'Libre/Vrije slag   D/H', 1500, NULL);
INSERT INTO PLANNING (id_competition, ANNEE, JOUR, nr_course, LIBELLE, DISTANCE, PAUSE)
VALUES (1, 2003, 3, 2, 'Libre/Vrije   D/H', 800, NULL);
INSERT INTO PLANNING (id_competition, ANNEE, JOUR, nr_course, LIBELLE, DISTANCE, PAUSE)
VALUES (1, 2003, 3, 3, '4 Nages/Wisselslag   D/H', 400, NULL);
INSERT INTO PLANNING (id_competition, ANNEE, JOUR, nr_course, LIBELLE, DISTANCE, PAUSE)
VALUES (1, 2003, 3, 4, 'Libre/Vrije slag   D/H', 400, NULL);
COMMIT;
INSERT INTO DECISIONS (code_decision, LIBELLE)
VALUES ('DQ', 'Disqualification');
INSERT INTO DECISIONS (code_decision, LIBELLE)
VALUES ('CM', 'Certificat Mdical');
INSERT INTO DECISIONS (code_decision, LIBELLE)
VALUES ('F', 'Forfait');
COMMIT;

INSERT INTO RESULTATS (nr_ligue, id_competition, ANNEE, JOUR, nr_course, temps_reference, temps_reel, PLACE, POINTS,
                       code_decision, code_categorie, code_club)
VALUES ('50/000160/CNBA', 2, 2003, 2, 16, '00:00:50', '00:00:51', 22, 75, NULL, 'F', 'CNBA');
INSERT INTO RESULTATS (nr_ligue, id_competition, ANNEE, JOUR, nr_course, temps_reference, temps_reel, PLACE, POINTS,
                       code_decision, code_categorie, code_club)
VALUES ('36/000234/CNBA', 2, 2003, 2, 16, '00:00:31', '00:00:30', 8, 379, NULL, 'I', 'CNBA');
INSERT INTO RESULTATS (nr_ligue, id_competition, ANNEE, JOUR, nr_course, temps_reference, temps_reel, PLACE, POINTS,
                       code_decision, code_categorie, code_club)
VALUES ('38/000110/VU/D', 2, 2003, 2, 16, '00:00:31', '00:00:31', 12, 338, NULL, 'I', 'VU/DG');
INSERT INTO RESULTATS (nr_ligue, id_competition, ANNEE, JOUR, nr_course, temps_reference, temps_reel, PLACE, POINTS,
                       code_decision, code_categorie, code_club)
VALUES ('33/000108/CCS', 2, 2003, 2, 16, '00:01:10', '00:01:07', 23, 34, NULL, 'J', 'CCS');
INSERT INTO RESULTATS (nr_ligue, id_competition, ANNEE, JOUR, nr_course, temps_reference, temps_reel, PLACE, POINTS,
                       code_decision, code_categorie, code_club)
VALUES ('83/000093/EMBO', 2, 2003, 2, 16, '00:00:25', '00:00:25', 1, 615, NULL, '0', 'EMBOU');
INSERT INTO RESULTATS (nr_ligue, id_competition, ANNEE, JOUR, nr_course, temps_reference, temps_reel, PLACE, POINTS,
                       code_decision, code_categorie, code_club)
VALUES ('73/000153/CNBA', 2, 2003, 2, 17, NULL, '00:03:29', 4, 219, NULL, 'B', 'CNBA');
INSERT INTO RESULTATS (nr_ligue, id_competition, ANNEE, JOUR, nr_course, temps_reference, temps_reel, PLACE, POINTS,
                       code_decision, code_categorie, code_club)
VALUES ('64/000040/LZV', 2, 2003, 2, 17, '00:02:43', '00:02:39', 2, 499, NULL, 'C', 'LZV');
INSERT INTO RESULTATS (nr_ligue, id_competition, ANNEE, JOUR, nr_course, temps_reference, temps_reel, PLACE, POINTS,
                       code_decision, code_categorie, code_club)
VALUES ('61/000008/USG', 2, 2003, 2, 17, '00:03:55', '00:03:54', 6, 157, NULL, 'D', 'USG');
INSERT INTO RESULTATS (nr_ligue, id_competition, ANNEE, JOUR, nr_course, temps_reference, temps_reel, PLACE, POINTS,
                       code_decision, code_categorie, code_club)
VALUES ('52/000024/CNSW', 2, 2003, 2, 17, '00:03:50', '00:03:50', 5, 165, NULL, 'F', 'CNSW');
INSERT INTO RESULTATS (nr_ligue, id_competition, ANNEE, JOUR, nr_course, temps_reference, temps_reel, PLACE, POINTS,
                       code_decision, code_categorie, code_club)
VALUES ('34/000074/OLD', 2, 2003, 2, 17, '00:04:06', '00:04:07', 7, 133, NULL, 'I', 'OLD D');
INSERT INTO RESULTATS (nr_ligue, id_competition, ANNEE, JOUR, nr_course, temps_reference, temps_reel, PLACE, POINTS,
                       code_decision, code_categorie, code_club)
VALUES ('29/000107/OLD', 2, 2003, 2, 17, '00:04:40', '00:04:51', 8, 82, NULL, 'J', 'OLD D');
INSERT INTO RESULTATS (nr_ligue, id_competition, ANNEE, JOUR, nr_course, temps_reference, temps_reel, PLACE, POINTS,
                       code_decision, code_categorie, code_club)
VALUES ('81/000063/CNHU', 2, 2003, 2, 17, '00:02:37', '00:02:37', 1, 523, NULL, '0', 'CNHUY');
INSERT INTO RESULTATS (nr_ligue, id_competition, ANNEE, JOUR, nr_course, temps_reference, temps_reel, PLACE, POINTS,
                       code_decision, code_categorie, code_club)
VALUES ('35/000050/TENB', 2, 2003, 1, 5, '00:01:45', '00:01:49', 7, 166, NULL, 'I', 'TENBO');
INSERT INTO RESULTATS (nr_ligue, id_competition, ANNEE, JOUR, nr_course, temps_reference, temps_reel, PLACE, POINTS,
                       code_decision, code_categorie, code_club)
VALUES ('34/000074/OLD', 2, 2003, 1, 5, '00:01:58', '00:01:55', 8, 140, NULL, 'I', 'OLD D');
INSERT INTO RESULTATS (nr_ligue, id_competition, ANNEE, JOUR, nr_course, temps_reference, temps_reel, PLACE, POINTS,
                       code_decision, code_categorie, code_club)
VALUES ('29/000107/OLD', 2, 2003, 1, 5, '00:02:15', '00:02:19', 9, 80, NULL, 'J', 'OLD D');
INSERT INTO RESULTATS (nr_ligue, id_competition, ANNEE, JOUR, nr_course, temps_reference, temps_reel, PLACE, POINTS,
                       code_decision, code_categorie, code_club)
VALUES ('23/000226/OLD', 2, 2003, 1, 5, NULL, '00:02:24', 10, 72, NULL, 'L', 'OLD D');
INSERT INTO RESULTATS (nr_ligue, id_competition, ANNEE, JOUR, nr_course, temps_reference, temps_reel, PLACE, POINTS,
                       code_decision, code_categorie, code_club)
VALUES ('56/000274/VN', 2, 2003, 1, 6, '00:01:14', '00:01:13', 2, 389, NULL, 'E', 'VN');
INSERT INTO RESULTATS (nr_ligue, id_competition, ANNEE, JOUR, nr_course, temps_reference, temps_reel, PLACE, POINTS,
                       code_decision, code_categorie, code_club)
VALUES ('38/000110/VU/D', 2, 2003, 1, 6, '00:01:28', '00:01:25', 3, 246, NULL, 'I', 'VU/DG');
INSERT INTO RESULTATS (nr_ligue, id_competition, ANNEE, JOUR, nr_course, temps_reference, temps_reel, PLACE, POINTS,
                       code_decision, code_categorie, code_club)
VALUES ('33/000140/CNHU', 2, 2003, 1, 6, '00:01:55', '00:01:54', 4, 103, NULL, 'J', 'CNHUY');
INSERT INTO RESULTATS (nr_ligue, id_competition, ANNEE, JOUR, nr_course, temps_reference, temps_reel, PLACE, POINTS,
                       code_decision, code_categorie, code_club)
VALUES ('33/000108/CCS', 2, 2003, 1, 6, '00:02:15', '00:02:24', 5, 51, NULL, 'J', 'CCS');
INSERT INTO RESULTATS (nr_ligue, id_competition, ANNEE, JOUR, nr_course, temps_reference, temps_reel, PLACE, POINTS,
                       code_decision, code_categorie, code_club)
VALUES ('82/000115/CNA', 2, 2003, 1, 6, '00:01:15', '00:01:12', 1, 417, NULL, '0', 'CNA');
INSERT INTO RESULTATS (nr_ligue, id_competition, ANNEE, JOUR, nr_course, temps_reference, temps_reel, PLACE, POINTS,
                       code_decision, code_categorie, code_club)
VALUES ('64/000040/LZV', 2, 2003, 1, 7, '00:01:15', '00:01:15', 1, 455, NULL, 'C', 'LZV');
INSERT INTO RESULTATS (nr_ligue, id_competition, ANNEE, JOUR, nr_course, temps_reference, temps_reel, PLACE, POINTS,
                       code_decision, code_categorie, code_club)
VALUES ('34/000074/OLD', 2, 2003, 1, 7, '00:02:10', '00:02:10', 2, 87, NULL, 'I', 'OLD D');
INSERT INTO RESULTATS (nr_ligue, id_competition, ANNEE, JOUR, nr_course, temps_reference, temps_reel, PLACE, POINTS,
                       code_decision, code_categorie, code_club)
VALUES ('65/000147/EMBO', 2, 2003, 1, 8, '00:01:45', NULL, NULL, NULL, 'F', 'C', 'EMBOU');
INSERT INTO RESULTATS (nr_ligue, id_competition, ANNEE, JOUR, nr_course, temps_reference, temps_reel, PLACE, POINTS,
                       code_decision, code_categorie, code_club)
VALUES ('56/000274/VN', 2, 2003, 2, 18, '00:02:44', '00:02:46', 1, 346, NULL, 'E', 'VN');
INSERT INTO RESULTATS (nr_ligue, id_competition, ANNEE, JOUR, nr_course, temps_reference, temps_reel, PLACE, POINTS,
                       code_decision, code_categorie, code_club)
VALUES ('43/000127/OCEA', 2, 2003, 2, 18, '00:03:16', '00:03:20', 2, 195, NULL, 'H', 'OCEAN');
INSERT INTO RESULTATS (nr_ligue, id_competition, ANNEE, JOUR, nr_course, temps_reference, temps_reel, PLACE, POINTS,
                       code_decision, code_categorie, code_club)
VALUES ('33/000140/CNHU', 2, 2003, 2, 18, '00:04:10', '00:04:14', 3, 95, NULL, 'J', 'CNHUY');
INSERT INTO RESULTATS (nr_ligue, id_competition, ANNEE, JOUR, nr_course, temps_reference, temps_reel, PLACE, POINTS,
                       code_decision, code_categorie, code_club)
VALUES ('72/000030/CNHU', 2, 2003, 2, 19, '00:03:30', '00:03:25', 6, 183, NULL, 'B', 'CNHUY');
INSERT INTO RESULTATS (nr_ligue, id_competition, ANNEE, JOUR, nr_course, temps_reference, temps_reel, PLACE, POINTS,
                       code_decision, code_categorie, code_club)
VALUES ('68/000225/SL', 2, 2003, 2, 19, '00:03:10', '00:03:17', 5, 208, NULL, 'C', 'SL');
INSERT INTO RESULTATS (nr_ligue, id_competition, ANNEE, JOUR, nr_course, temps_reference, temps_reel, PLACE, POINTS,
                       code_decision, code_categorie, code_club)
VALUES ('61/000008/USG', 2, 2003, 2, 19, '00:03:24', '00:03:27', 7, 177, NULL, 'D', 'USG');
INSERT INTO RESULTATS (nr_ligue, id_competition, ANNEE, JOUR, nr_course, temps_reference, temps_reel, PLACE, POINTS,
                       code_decision, code_categorie, code_club)
VALUES ('58/000026/LZV', 2, 2003, 2, 19, '00:04:05', '00:04:00', 9, 115, NULL, 'E', 'LZV');
INSERT INTO RESULTATS (nr_ligue, id_competition, ANNEE, JOUR, nr_course, temps_reference, temps_reel, PLACE, POINTS,
                       code_decision, code_categorie, code_club)
VALUES ('44/000034/ZVH', 2, 2003, 2, 19, '00:03:25', '00:03:16', 4, 210, NULL, 'G', 'ZVH');
INSERT INTO RESULTATS (nr_ligue, id_competition, ANNEE, JOUR, nr_course, temps_reference, temps_reel, PLACE, POINTS,
                       code_decision, code_categorie, code_club)
VALUES ('34/000074/OLD', 2, 2003, 2, 19, '00:04:00', '00:03:46', 8, 136, NULL, 'I', 'OLD D');
INSERT INTO RESULTATS (nr_ligue, id_competition, ANNEE, JOUR, nr_course, temps_reference, temps_reel, PLACE, POINTS,
                       code_decision, code_categorie, code_club)
VALUES ('35/000050/TENB', 2, 2003, 2, 19, '00:03:20', NULL, NULL, NULL, 'F', 'I', 'TENBO');
INSERT INTO RESULTATS (nr_ligue, id_competition, ANNEE, JOUR, nr_course, temps_reference, temps_reel, PLACE, POINTS,
                       code_decision, code_categorie, code_club)
VALUES ('43/000127/OCEA', 2, 2003, 2, 30, '00:01:10', '00:01:11', 13, 310, NULL, 'H', 'OCEAN');
INSERT INTO RESULTATS (nr_ligue, id_competition, ANNEE, JOUR, nr_course, temps_reference, temps_reel, PLACE, POINTS,
                       code_decision, code_categorie, code_club)
VALUES ('36/000234/CNBA', 2, 2003, 2, 30, '00:01:08', '00:01:06', 8, 381, NULL, 'I', 'CNBA');
INSERT INTO RESULTATS (nr_ligue, id_competition, ANNEE, JOUR, nr_course, temps_reference, temps_reel, PLACE, POINTS,
                       code_decision, code_categorie, code_club)
VALUES ('38/000110/VU/D', 2, 2003, 2, 30, '00:01:09', '00:01:09', 12, 327, NULL, 'I', 'VU/DG');
INSERT INTO RESULTATS (nr_ligue, id_competition, ANNEE, JOUR, nr_course, temps_reference, temps_reel, PLACE, POINTS,
                       code_decision, code_categorie, code_club)
VALUES ('33/000140/CNHU', 2, 2003, 2, 30, '00:01:52', '00:01:56', 17, 71, NULL, 'J', 'CNHUY');
INSERT INTO RESULTATS (nr_ligue, id_competition, ANNEE, JOUR, nr_course, temps_reference, temps_reel, PLACE, POINTS,
                       code_decision, code_categorie, code_club)
VALUES ('80/000013/CNA', 2, 2003, 2, 30, '00:00:56', '00:00:56', 1, 622, NULL, '0', 'CNA');
INSERT INTO RESULTATS (nr_ligue, id_competition, ANNEE, JOUR, nr_course, temps_reference, temps_reel, PLACE, POINTS,
                       code_decision, code_categorie, code_club)
VALUES ('79/000216/CNHU', 2, 2003, 2, 30, '00:01:00', '00:01:00', 2, 507, NULL, '0', 'CNHUY');
INSERT INTO RESULTATS (nr_ligue, id_competition, ANNEE, JOUR, nr_course, temps_reference, temps_reel, PLACE, POINTS,
                       code_decision, code_categorie, code_club)
VALUES ('83/000093/EMBO', 2, 2003, 2, 30, '00:00:57', NULL, NULL, NULL, 'F', '0', 'EMBOU');
INSERT INTO RESULTATS (nr_ligue, id_competition, ANNEE, JOUR, nr_course, temps_reference, temps_reel, PLACE, POINTS,
                       code_decision, code_categorie, code_club)
VALUES ('73/000064/ESN', 2, 2003, 2, 15, NULL, NULL, NULL, NULL, 'CM', 'B', 'ESN');
INSERT INTO RESULTATS (nr_ligue, id_competition, ANNEE, JOUR, nr_course, temps_reference, temps_reel, PLACE, POINTS,
                       code_decision, code_categorie, code_club)
VALUES ('68/000075/ESN', 2, 2003, 2, 16, '00:00:32', '00:00:32', 14, 315, NULL, 'C', 'ESN');
INSERT INTO RESULTATS (nr_ligue, id_competition, ANNEE, JOUR, nr_course, temps_reference, temps_reel, PLACE, POINTS,
                       code_decision, code_categorie, code_club)
VALUES ('73/000064/ESN', 2, 2003, 2, 21, NULL, NULL, NULL, NULL, 'CM', 'B', 'ESN');
INSERT INTO RESULTATS (nr_ligue, id_competition, ANNEE, JOUR, nr_course, temps_reference, temps_reel, PLACE, POINTS,
                       code_decision, code_categorie, code_club)
VALUES ('68/000075/ESN', 2, 2003, 2, 22, '00:01:20', '00:01:19', 7, 446, NULL, 'C', 'ESN');
INSERT INTO RESULTATS (nr_ligue, id_competition, ANNEE, JOUR, nr_course, temps_reference, temps_reel, PLACE, POINTS,
                       code_decision, code_categorie, code_club)
VALUES ('68/000075/ESN', 2, 2003, 2, 28, '00:01:25', '00:01:24', 6, 372, NULL, 'C', 'ESN');
INSERT INTO RESULTATS (nr_ligue, id_competition, ANNEE, JOUR, nr_course, temps_reference, temps_reel, PLACE, POINTS,
                       code_decision, code_categorie, code_club)
VALUES ('66/000117/ESN', 2, 2003, 2, 21, '00:02:18', '00:02:06', 17, 145, NULL, 'C', 'ESN');
INSERT INTO RESULTATS (nr_ligue, id_competition, ANNEE, JOUR, nr_course, temps_reference, temps_reel, PLACE, POINTS,
                       code_decision, code_categorie, code_club)
VALUES ('66/000117/ESN', 2, 2003, 2, 23, '00:00:58', '00:00:57', 11, 127, NULL, 'C', 'ESN');
INSERT INTO RESULTATS (nr_ligue, id_competition, ANNEE, JOUR, nr_course, temps_reference, temps_reel, PLACE, POINTS,
                       code_decision, code_categorie, code_club)
VALUES ('66/000117/ESN', 2, 2003, 2, 29, NULL, '00:01:55', 16, 103, NULL, 'C', 'ESN');
INSERT INTO RESULTATS (nr_ligue, id_competition, ANNEE, JOUR, nr_course, temps_reference, temps_reel, PLACE, POINTS,
                       code_decision, code_categorie, code_club)
VALUES ('81/000120/ESN', 2, 2003, 2, 15, '00:00:40', '00:00:32', 2, 419, NULL, '0', 'ESN');
INSERT INTO RESULTATS (nr_ligue, id_competition, ANNEE, JOUR, nr_course, temps_reference, temps_reel, PLACE, POINTS,
                       code_decision, code_categorie, code_club)
VALUES ('81/000120/ESN', 2, 2003, 2, 21, '00:01:36', '00:01:26', 4, 458, NULL, '0', 'ESN');
INSERT INTO RESULTATS (nr_ligue, id_competition, ANNEE, JOUR, nr_course, temps_reference, temps_reel, PLACE, POINTS,
                       code_decision, code_categorie, code_club)
VALUES ('81/000120/ESN', 2, 2003, 2, 23, '00:00:45', '00:00:39', 4, 383, NULL, '0', 'ESN');
INSERT INTO RESULTATS (nr_ligue, id_competition, ANNEE, JOUR, nr_course, temps_reference, temps_reel, PLACE, POINTS,
                       code_decision, code_categorie, code_club)
VALUES ('81/000120/ESN', 2, 2003, 2, 29, '00:01:23', '00:01:12', 4, 410, NULL, '0', 'ESN');
INSERT INTO RESULTATS (nr_ligue, id_competition, ANNEE, JOUR, nr_course, temps_reference, temps_reel, PLACE, POINTS,
                       code_decision, code_categorie, code_club)
VALUES ('58/000141/ESN', 2, 2003, 2, 15, '00:00:49', '00:00:48', 9, 131, NULL, 'E', 'ESN');
INSERT INTO RESULTATS (nr_ligue, id_competition, ANNEE, JOUR, nr_course, temps_reference, temps_reel, PLACE, POINTS,
                       code_decision, code_categorie, code_club)
VALUES ('58/000141/ESN', 2, 2003, 2, 21, '00:02:18', '00:02:15', 18, 120, NULL, 'E', 'ESN');
INSERT INTO RESULTATS (nr_ligue, id_competition, ANNEE, JOUR, nr_course, temps_reference, temps_reel, PLACE, POINTS,
                       code_decision, code_categorie, code_club)
VALUES ('58/000141/ESN', 2, 2003, 2, 29, NULL, '00:01:48', 14, 122, NULL, 'E', 'ESN');
INSERT INTO RESULTATS (nr_ligue, id_competition, ANNEE, JOUR, nr_course, temps_reference, temps_reel, PLACE, POINTS,
                       code_decision, code_categorie, code_club)
VALUES ('55/000167/ESN', 2, 2003, 2, 28, '00:01:28', '00:01:28', 9, 317, NULL, 'E', 'ESN');
INSERT INTO RESULTATS (nr_ligue, id_competition, ANNEE, JOUR, nr_course, temps_reference, temps_reel, PLACE, POINTS,
                       code_decision, code_categorie, code_club)
VALUES ('77/000174/ESN', 2, 2003, 2, 15, '00:00:40', '00:00:38', 5, 262, NULL, 'A', 'ESN');
INSERT INTO RESULTATS (nr_ligue, id_competition, ANNEE, JOUR, nr_course, temps_reference, temps_reel, PLACE, POINTS,
                       code_decision, code_categorie, code_club)
VALUES ('77/000174/ESN', 2, 2003, 2, 21, '00:01:36', '00:01:37', 10, 325, NULL, 'A', 'ESN');
INSERT INTO RESULTATS (nr_ligue, id_competition, ANNEE, JOUR, nr_course, temps_reference, temps_reel, PLACE, POINTS,
                       code_decision, code_categorie, code_club)
VALUES ('77/000174/ESN', 2, 2003, 2, 25, '00:00:46', '00:00:43', 4, 212, NULL, 'A', 'ESN');
INSERT INTO RESULTATS (nr_ligue, id_competition, ANNEE, JOUR, nr_course, temps_reference, temps_reel, PLACE, POINTS,
                       code_decision, code_categorie, code_club)
VALUES ('55/000185/ESN', 2, 2003, 2, 26, '00:00:58', NULL, NULL, NULL, 'CM', 'E', 'ESN');
INSERT INTO RESULTATS (nr_ligue, id_competition, ANNEE, JOUR, nr_course, temps_reference, temps_reel, PLACE, POINTS,
                       code_decision, code_categorie, code_club)
VALUES ('55/000185/ESN', 2, 2003, 2, 28, '00:02:00', NULL, NULL, NULL, 'CM', 'E', 'ESN');
INSERT INTO RESULTATS (nr_ligue, id_competition, ANNEE, JOUR, nr_course, temps_reference, temps_reel, PLACE, POINTS,
                       code_decision, code_categorie, code_club)
VALUES ('70/000194/ESN', 2, 2003, 2, 15, '00:00:40', '00:00:37', 4, 284, NULL, 'B', 'ESN');
INSERT INTO RESULTATS (nr_ligue, id_competition, ANNEE, JOUR, nr_course, temps_reference, temps_reel, PLACE, POINTS,
                       code_decision, code_categorie, code_club)
VALUES ('70/000194/ESN', 2, 2003, 2, 21, '00:01:58', '00:01:36', 9, 333, NULL, 'B', 'ESN');
INSERT INTO RESULTATS (nr_ligue, id_competition, ANNEE, JOUR, nr_course, temps_reference, temps_reel, PLACE, POINTS,
                       code_decision, code_categorie, code_club)
VALUES ('70/000194/ESN', 2, 2003, 2, 27, '00:01:50', '00:01:41', 4, 289, NULL, 'B', 'ESN');
INSERT INTO RESULTATS (nr_ligue, id_competition, ANNEE, JOUR, nr_course, temps_reference, temps_reel, PLACE, POINTS,
                       code_decision, code_categorie, code_club)
VALUES ('57/000201/ESN', 2, 2003, 2, 28, '00:02:05', NULL, NULL, NULL, 'CM', 'E', 'ESN');
INSERT INTO RESULTATS (nr_ligue, id_competition, ANNEE, JOUR, nr_course, temps_reference, temps_reel, PLACE, POINTS,
                       code_decision, code_categorie, code_club)
VALUES ('73/000207/ESN', 2, 2003, 2, 28, '00:01:35', '00:01:37', 12, 240, NULL, 'B', 'ESN');
INSERT INTO RESULTATS (nr_ligue, id_competition, ANNEE, JOUR, nr_course, temps_reference, temps_reel, PLACE, POINTS,
                       code_decision, code_categorie, code_club)
VALUES ('73/000207/ESN', 2, 2003, 2, 30, '00:01:30', '00:01:25', 16, 163, NULL, 'B', 'ESN');
INSERT INTO RESULTATS (nr_ligue, id_competition, ANNEE, JOUR, nr_course, temps_reference, temps_reel, PLACE, POINTS,
                       code_decision, code_categorie, code_club)
VALUES ('59/000208/ESN', 2, 2003, 2, 16, NULL, '00:00:37', 19, 193, NULL, 'D', 'ESN');
INSERT INTO RESULTATS (nr_ligue, id_competition, ANNEE, JOUR, nr_course, temps_reference, temps_reel, PLACE, POINTS,
                       code_decision, code_categorie, code_club)
VALUES ('59/000208/ESN', 2, 2003, 2, 22, NULL, NULL, NULL, NULL, 'DQ', 'D', 'ESN');
INSERT INTO RESULTATS (nr_ligue, id_competition, ANNEE, JOUR, nr_course, temps_reference, temps_reel, PLACE, POINTS,
                       code_decision, code_categorie, code_club)
VALUES ('52/000081/ESN', 2, 2003, 2, 27, '00:02:17', '00:02:16', 11, 118, NULL, 'F', 'ESN');
INSERT INTO RESULTATS (nr_ligue, id_competition, ANNEE, JOUR, nr_course, temps_reference, temps_reel, PLACE, POINTS,
                       code_decision, code_categorie, code_club)
VALUES ('52/000081/ESN', 2, 2003, 2, 29, '00:02:17', '00:01:59', 17, 91, NULL, 'F', 'ESN');
INSERT INTO RESULTATS (nr_ligue, id_competition, ANNEE, JOUR, nr_course, temps_reference, temps_reel, PLACE, POINTS,
                       code_decision, code_categorie, code_club)
VALUES ('47/000235/ESN', 2, 2003, 2, 16, '00:00:40', '00:00:39', 21, 172, NULL, 'G', 'ESN');
INSERT INTO RESULTATS (nr_ligue, id_competition, ANNEE, JOUR, nr_course, temps_reference, temps_reel, PLACE, POINTS,
                       code_decision, code_categorie, code_club)
VALUES ('47/000235/ESN', 2, 2003, 2, 22, '00:01:59', '00:01:48', 9, 173, NULL, 'G', 'ESN');
INSERT INTO RESULTATS (nr_ligue, id_competition, ANNEE, JOUR, nr_course, temps_reference, temps_reel, PLACE, POINTS,
                       code_decision, code_categorie, code_club)
VALUES ('47/000235/ESN', 2, 2003, 2, 28, '00:01:40', '00:01:43', 13, 739, NULL, 'G', 'ESN');
INSERT INTO RESULTATS (nr_ligue, id_competition, ANNEE, JOUR, nr_course, temps_reference, temps_reel, PLACE, POINTS,
                       code_decision, code_categorie, code_club)
VALUES ('79/000057/ESN', 2, 2003, 2, 29, '00:01:49', '00:01:49', 15, 119, NULL, '0', 'ESN');
INSERT INTO RESULTATS (nr_ligue, id_competition, ANNEE, JOUR, nr_course, temps_reference, temps_reel, PLACE, POINTS,
                       code_decision, code_categorie, code_club)
VALUES ('60/000099/ESN', 2, 2003, 2, 16, '00:00:29', '00:00:28', 6, 426, NULL, 'D', 'ESN');
INSERT INTO RESULTATS (nr_ligue, id_competition, ANNEE, JOUR, nr_course, temps_reference, temps_reel, PLACE, POINTS,
                       code_decision, code_categorie, code_club)
VALUES ('81/000104/ESN', 2, 2003, 2, 17, '00:02:50', '00:02:55', 3, 373, NULL, '0', 'ESN');
INSERT INTO RESULTATS (nr_ligue, id_competition, ANNEE, JOUR, nr_course, temps_reference, temps_reel, PLACE, POINTS,
                       code_decision, code_categorie, code_club)
VALUES ('81/000104/ESN', 2, 2003, 2, 21, '00:01:23', '00:01:23', 3, 509, NULL, '0', 'ESN');
INSERT INTO RESULTATS (nr_ligue, id_competition, ANNEE, JOUR, nr_course, temps_reference, temps_reel, PLACE, POINTS,
                       code_decision, code_categorie, code_club)
VALUES ('81/000104/ESN', 2, 2003, 2, 29, NULL, '00:01:12', 5, 407, NULL, '0', 'ESN');
INSERT INTO RESULTATS (nr_ligue, id_competition, ANNEE, JOUR, nr_course, temps_reference, temps_reel, PLACE, POINTS,
                       code_decision, code_categorie, code_club)
VALUES ('68/000230/ESN', 2, 2003, 2, 16, '00:00:30', '00:00:32', 13, 316, NULL, 'C', 'ESN');
INSERT INTO RESULTATS (nr_ligue, id_competition, ANNEE, JOUR, nr_course, temps_reference, temps_reel, PLACE, POINTS,
                       code_decision, code_categorie, code_club)
VALUES ('73/000064/ESN', 2, 2003, 1, 5, NULL, NULL, NULL, NULL, 'CM', 'B', 'ESN');
INSERT INTO RESULTATS (nr_ligue, id_competition, ANNEE, JOUR, nr_course, temps_reference, temps_reel, PLACE, POINTS,
                       code_decision, code_categorie, code_club)
VALUES ('81/000104/ESN', 2, 2003, 1, 1, NULL, '00:03:01', 6, 379, NULL, '0', 'ESN');
INSERT INTO RESULTATS (nr_ligue, id_competition, ANNEE, JOUR, nr_course, temps_reference, temps_reel, PLACE, POINTS,
                       code_decision, code_categorie, code_club)
VALUES ('81/000104/ESN', 2, 2003, 1, 5, '00:01:25', '00:01:26', 5, 341, NULL, '0', 'ESN');
INSERT INTO RESULTATS (nr_ligue, id_competition, ANNEE, JOUR, nr_course, temps_reference, temps_reel, PLACE, POINTS,
                       code_decision, code_categorie, code_club)
VALUES ('81/000104/ESN', 2, 2003, 1, 11, '00:05:45', '00:06:01', 5, 307, NULL, '0', 'ESN');
INSERT INTO RESULTATS (nr_ligue, id_competition, ANNEE, JOUR, nr_course, temps_reference, temps_reel, PLACE, POINTS,
                       code_decision, code_categorie, code_club)
VALUES ('62/000155/ESN', 2, 2003, 1, 2, NULL, '00:03:40', 10, 152, NULL, 'D', 'ESN');
INSERT INTO RESULTATS (nr_ligue, id_competition, ANNEE, JOUR, nr_course, temps_reference, temps_reel, PLACE, POINTS,
                       code_decision, code_categorie, code_club)
VALUES ('62/000155/ESN', 2, 2003, 1, 4, NULL, '00:03:41', 7, 201, NULL, 'D', 'ESN');
INSERT INTO RESULTATS (nr_ligue, id_competition, ANNEE, JOUR, nr_course, temps_reference, temps_reel, PLACE, POINTS,
                       code_decision, code_categorie, code_club)
VALUES ('62/000155/ESN', 2, 2003, 1, 8, NULL, '00:01:54', 5, 94, NULL, 'D', 'ESN');
INSERT INTO RESULTATS (nr_ligue, id_competition, ANNEE, JOUR, nr_course, temps_reference, temps_reel, PLACE, POINTS,
                       code_decision, code_categorie, code_club)
VALUES ('55/000167/ESN', 2, 2003, 1, 2, '00:03:28', '00:03:16', 8, 217, NULL, 'E', 'ESN');
INSERT INTO RESULTATS (nr_ligue, id_competition, ANNEE, JOUR, nr_course, temps_reference, temps_reel, PLACE, POINTS,
                       code_decision, code_categorie, code_club)
VALUES ('55/000167/ESN', 2, 2003, 1, 4, '00:03:21', '00:03:18', 6, 282, NULL, 'E', 'ESN');
INSERT INTO RESULTATS (nr_ligue, id_competition, ANNEE, JOUR, nr_course, temps_reference, temps_reel, PLACE, POINTS,
                       code_decision, code_categorie, code_club)
VALUES ('55/000167/ESN', 2, 2003, 1, 10, '00:00:40', '00:00:40', 7, 323, NULL, 'E', 'ESN');
INSERT INTO RESULTATS (nr_ligue, id_competition, ANNEE, JOUR, nr_course, temps_reference, temps_reel, PLACE, POINTS,
                       code_decision, code_categorie, code_club)
VALUES ('23/000206/ESN', 2, 2003, 1, 4, '00:05:00', '00:05:53', 10, 49, NULL, 'L', 'ESN');
INSERT INTO RESULTATS (nr_ligue, id_competition, ANNEE, JOUR, nr_course, temps_reference, temps_reel, PLACE, POINTS,
                       code_decision, code_categorie, code_club)
VALUES ('23/000206/ESN', 2, 2003, 1, 10, '00:01:10', '00:01:08', 11, 65, NULL, 'L', 'ESN');
INSERT INTO RESULTATS (nr_ligue, id_competition, ANNEE, JOUR, nr_course, temps_reference, temps_reel, PLACE, POINTS,
                       code_decision, code_categorie, code_club)
VALUES ('59/000208/ESN', 2, 2003, 1, 2, NULL, '00:03:48', 11, 138, NULL, 'D', 'ESN');
INSERT INTO RESULTATS (nr_ligue, id_competition, ANNEE, JOUR, nr_course, temps_reference, temps_reel, PLACE, POINTS,
                       code_decision, code_categorie, code_club)
VALUES ('59/000208/ESN', 2, 2003, 1, 10, NULL, '00:00:44', 9, 237, NULL, 'D', 'ESN');
INSERT INTO RESULTATS (nr_ligue, id_competition, ANNEE, JOUR, nr_course, temps_reference, temps_reel, PLACE, POINTS,
                       code_decision, code_categorie, code_club)
VALUES ('52/000081/ESN', 2, 2003, 1, 3, '00:05:00', '00:04:47', 7, 127, NULL, 'F', 'ESN');
INSERT INTO RESULTATS (nr_ligue, id_competition, ANNEE, JOUR, nr_course, temps_reference, temps_reel, PLACE, POINTS,
                       code_decision, code_categorie, code_club)
VALUES ('52/000081/ESN', 2, 2003, 1, 9, '00:01:00', '00:01:05', 14, 112, NULL, 'F', 'ESN');
INSERT INTO RESULTATS (nr_ligue, id_competition, ANNEE, JOUR, nr_course, temps_reference, temps_reel, PLACE, POINTS,
                       code_decision, code_categorie, code_club)
VALUES ('52/000081/ESN', 2, 2003, 1, 11, '00:09:30', '00:09:13', 11, 85, NULL, 'F', 'ESN');
INSERT INTO RESULTATS (nr_ligue, id_competition, ANNEE, JOUR, nr_course, temps_reference, temps_reel, PLACE, POINTS,
                       code_decision, code_categorie, code_club)
VALUES ('81/000104/ESN', 2, 2003, 1, 3, NULL, NULL, 8, 8, NULL, '0', 'ESN');
INSERT INTO RESULTATS (nr_ligue, id_competition, ANNEE, JOUR, nr_course, temps_reference, temps_reel, PLACE, POINTS,
                       code_decision, code_categorie, code_club)
VALUES ('73/000207/ESN', 1, 2002, 1, 3, '00:03:45', '00:03:32', 5, 758, NULL, 'A', 'ESN');
COMMIT;
INSERT INTO RESULTATS (nr_ligue, id_competition, ANNEE, JOUR, nr_course, temps_reference, temps_reel, PLACE, POINTS,
                       code_decision, code_categorie, code_club)
VALUES ('68/000075/ESN', 1, 2002, 1, 3, '00:03:25', '00:03:06', 3, 262, NULL, 'B', 'ESN');
INSERT INTO RESULTATS (nr_ligue, id_competition, ANNEE, JOUR, nr_course, temps_reference, temps_reel, PLACE, POINTS,
                       code_decision, code_categorie, code_club)
VALUES ('55/000167/ESN', 1, 2002, 1, 3, '00:03:23', '00:03:17', 4, 309, NULL, 'E', 'ESN');
INSERT INTO RESULTATS (nr_ligue, id_competition, ANNEE, JOUR, nr_course, temps_reference, temps_reel, PLACE, POINTS,
                       code_decision, code_categorie, code_club)
VALUES ('55/000185/ESN', 1, 2002, 1, 3, '00:03:52', '00:03:49', 9, 755, NULL, 'E', 'ESN');
INSERT INTO RESULTATS (nr_ligue, id_competition, ANNEE, JOUR, nr_course, temps_reference, temps_reel, PLACE, POINTS,
                       code_decision, code_categorie, code_club)
VALUES ('66/000117/ESN', 1, 2002, 1, 4, '00:01:52', '00:01:53', 6, 75, NULL, 'C', 'ESN');
INSERT INTO RESULTATS (nr_ligue, id_competition, ANNEE, JOUR, nr_course, temps_reference, temps_reel, PLACE, POINTS,
                       code_decision, code_categorie, code_club)
VALUES ('58/000141/ESN', 1, 2002, 1, 4, '00:01:53', '00:01:52', 5, 230, NULL, 'D', 'ESN');
INSERT INTO RESULTATS (nr_ligue, id_competition, ANNEE, JOUR, nr_course, temps_reference, temps_reel, PLACE, POINTS,
                       code_decision, code_categorie, code_club)
VALUES ('55/000185/ESN', 1, 2002, 1, 4, '00:01:34', '00:01:28', 4, 705, NULL, 'E', 'ESN');
INSERT INTO RESULTATS (nr_ligue, id_competition, ANNEE, JOUR, nr_course, temps_reference, temps_reel, PLACE, POINTS,
                       code_decision, code_categorie, code_club)
VALUES ('73/000207/ESN', 1, 2002, 1, 7, '00:00:39', '00:00:41', 5, 503, NULL, 'A', 'ESN');
INSERT INTO RESULTATS (nr_ligue, id_competition, ANNEE, JOUR, nr_course, temps_reference, temps_reel, PLACE, POINTS,
                       code_decision, code_categorie, code_club)
VALUES ('68/000075/ESN', 1, 2002, 1, 7, '00:00:38', '00:00:39', 3, 641, NULL, 'B', 'ESN');
INSERT INTO RESULTATS (nr_ligue, id_competition, ANNEE, JOUR, nr_course, temps_reference, temps_reel, PLACE, POINTS,
                       code_decision, code_categorie, code_club)
VALUES ('55/000167/ESN', 1, 2002, 1, 7, '00:00:40', '00:00:40', 4, 262, NULL, 'E', 'ESN');
INSERT INTO RESULTATS (nr_ligue, id_competition, ANNEE, JOUR, nr_course, temps_reference, temps_reel, PLACE, POINTS,
                       code_decision, code_categorie, code_club)
VALUES ('66/000117/ESN', 1, 2002, 1, 8, '00:02:12', '00:02:09', 9, 165, NULL, 'C', 'ESN');
INSERT INTO RESULTATS (nr_ligue, id_competition, ANNEE, JOUR, nr_course, temps_reference, temps_reel, PLACE, POINTS,
                       code_decision, code_categorie, code_club)
VALUES ('55/000167/ESN', 1, 2002, 1, 8, '00:01:35', '00:01:29', 7, 114, NULL, 'E', 'ESN');
INSERT INTO RESULTATS (nr_ligue, id_competition, ANNEE, JOUR, nr_course, temps_reference, temps_reel, PLACE, POINTS,
                       code_decision, code_categorie, code_club)
VALUES ('68/000075/ESN', 1, 2002, 2, 3, '00:01:25', '00:01:30', 2, 523, NULL, 'B', 'ESN');
INSERT INTO RESULTATS (nr_ligue, id_competition, ANNEE, JOUR, nr_course, temps_reference, temps_reel, PLACE, POINTS,
                       code_decision, code_categorie, code_club)
VALUES ('63/000106/ESN', 1, 2002, 2, 3, '00:01:54', '00:01:58', 5, 704, NULL, 'C', 'ESN');
INSERT INTO RESULTATS (nr_ligue, id_competition, ANNEE, JOUR, nr_course, temps_reference, temps_reel, PLACE, POINTS,
                       code_decision, code_categorie, code_club)
VALUES ('66/000117/ESN', 1, 2002, 2, 2, '00:01:05', '00:01:00', 3, 57, NULL, 'C', 'ESN');
INSERT INTO RESULTATS (nr_ligue, id_competition, ANNEE, JOUR, nr_course, temps_reference, temps_reel, PLACE, POINTS,
                       code_decision, code_categorie, code_club)
VALUES ('66/000117/ESN', 1, 2002, 2, 4, '00:04:16', '00:04:08', 8, 184, NULL, 'C', 'ESN');
INSERT INTO RESULTATS (nr_ligue, id_competition, ANNEE, JOUR, nr_course, temps_reference, temps_reel, PLACE, POINTS,
                       code_decision, code_categorie, code_club)
VALUES ('58/000141/ESN', 1, 2002, 2, 3, '00:02:27', '00:02:22', 6, 44, NULL, 'D', 'ESN');
INSERT INTO RESULTATS (nr_ligue, id_competition, ANNEE, JOUR, nr_course, temps_reference, temps_reel, PLACE, POINTS,
                       code_decision, code_categorie, code_club)
VALUES ('58/000141/ESN', 1, 2002, 2, 7, '00:00:52', '00:00:49', 9, 505, NULL, 'D', 'ESN');
INSERT INTO RESULTATS (nr_ligue, id_competition, ANNEE, JOUR, nr_course, temps_reference, temps_reel, PLACE, POINTS,
                       code_decision, code_categorie, code_club)
VALUES ('55/000167/ESN', 1, 2002, 2, 3, '00:01:31', '00:01:30', 3, 704, NULL, 'E', 'ESN');
INSERT INTO RESULTATS (nr_ligue, id_competition, ANNEE, JOUR, nr_course, temps_reference, temps_reel, PLACE, POINTS,
                       code_decision, code_categorie, code_club)
VALUES ('55/000185/ESN', 1, 2002, 2, 4, '00:03:26', '00:03:27', 6, 665, NULL, 'E', 'ESN');
INSERT INTO RESULTATS (nr_ligue, id_competition, ANNEE, JOUR, nr_course, temps_reference, temps_reel, PLACE, POINTS,
                       code_decision, code_categorie, code_club)
VALUES ('23/000206/ESN', 1, 2002, 2, 3, '00:02:40', NULL, NULL, NULL, 'F', 'K', 'ESN');
INSERT INTO RESULTATS (nr_ligue, id_competition, ANNEE, JOUR, nr_course, temps_reference, temps_reel, PLACE, POINTS,
                       code_decision, code_categorie, code_club)
VALUES ('23/000206/ESN', 1, 2002, 2, 7, '00:01:15', NULL, NULL, NULL, 'F', 'K', 'ESN');
INSERT INTO RESULTATS (nr_ligue, id_competition, ANNEE, JOUR, nr_course, temps_reference, temps_reel, PLACE, POINTS,
                       code_decision, code_categorie, code_club)
VALUES ('61/000281/ESN', 1, 2002, 2, 3, '00:01:45', '00:01:38', 4, 466, NULL, 'D', 'ESN');
INSERT INTO RESULTATS (nr_ligue, id_competition, ANNEE, JOUR, nr_course, temps_reference, temps_reel, PLACE, POINTS,
                       code_decision, code_categorie, code_club)
VALUES ('61/000281/ESN', 1, 2002, 2, 7, '00:00:40', '00:00:36', 7, 196, NULL, 'D', 'ESN');
INSERT INTO RESULTATS (nr_ligue, id_competition, ANNEE, JOUR, nr_course, temps_reference, temps_reel, PLACE, POINTS,
                       code_decision, code_categorie, code_club)
VALUES ('63/000106/ESN', 1, 2002, 2, 1, NULL, NULL, NULL, NULL, 'DQ', 'C', 'ESN');
INSERT INTO RESULTATS (nr_ligue, id_competition, ANNEE, JOUR, nr_course, temps_reference, temps_reel, PLACE, POINTS,
                       code_decision, code_categorie, code_club)
VALUES ('58/000011/ESN', 1, 2002, 3, 4, NULL, NULL, NULL, NULL, 'CM', 'D', 'ESN');
INSERT INTO RESULTATS (nr_ligue, id_competition, ANNEE, JOUR, nr_course, temps_reference, temps_reel, PLACE, POINTS,
                       code_decision, code_categorie, code_club)
VALUES ('73/000064/ESN', 1, 2002, 3, 2, '00:17:00', '00:14:48', 2, 404, NULL, 'A', 'ESN');
INSERT INTO RESULTATS (nr_ligue, id_competition, ANNEE, JOUR, nr_course, temps_reference, temps_reel, PLACE, POINTS,
                       code_decision, code_categorie, code_club)
VALUES ('73/000064/ESN', 1, 2002, 3, 4, '00:08:00', '00:07:09', 3, 748, NULL, 'A', 'ESN');
INSERT INTO RESULTATS (nr_ligue, id_competition, ANNEE, JOUR, nr_course, temps_reference, temps_reel, PLACE, POINTS,
                       code_decision, code_categorie, code_club)
VALUES ('68/000075/ESN', 1, 2002, 3, 3, '00:06:50', '00:06:37', 2, 637, NULL, 'B', 'ESN');
INSERT INTO RESULTATS (nr_ligue, id_competition, ANNEE, JOUR, nr_course, temps_reference, temps_reel, PLACE, POINTS,
                       code_decision, code_categorie, code_club)
VALUES ('61/000008/USG', 2, 2003, 1, 1, NULL, '00:03:44', 10, 200, NULL, 'D', 'USG');
INSERT INTO RESULTATS (nr_ligue, id_competition, ANNEE, JOUR, nr_course, temps_reference, temps_reel, PLACE, POINTS,
                       code_decision, code_categorie, code_club)
VALUES ('44/000251/OLD', 2, 2003, 1, 1, NULL, '00:03:38', 9, 218, NULL, 'G', 'OLD D');
INSERT INTO RESULTATS (nr_ligue, id_competition, ANNEE, JOUR, nr_course, temps_reference, temps_reel, PLACE, POINTS,
                       code_decision, code_categorie, code_club)
VALUES ('68/000075/ESN', 1, 2003, 1, 3, '00:03:06', '00:02:59', 2, 227, NULL, 'C', 'ESN');
INSERT INTO RESULTATS (nr_ligue, id_competition, ANNEE, JOUR, nr_course, temps_reference, temps_reel, PLACE, POINTS,
                       code_decision, code_categorie, code_club)
VALUES ('68/000075/ESN', 1, 2003, 1, 6, '00:03:15', '00:03:29', 4, 617, NULL, 'C', 'ESN');
INSERT INTO RESULTATS (nr_ligue, id_competition, ANNEE, JOUR, nr_course, temps_reference, temps_reel, PLACE, POINTS,
                       code_decision, code_categorie, code_club)
VALUES ('68/000075/ESN', 1, 2003, 1, 8, '00:01:20', '00:01:20', 4, 115, NULL, 'C', 'ESN');
INSERT INTO RESULTATS (nr_ligue, id_competition, ANNEE, JOUR, nr_course, temps_reference, temps_reel, PLACE, POINTS,
                       code_decision, code_categorie, code_club)
VALUES ('66/000117/ESN', 1, 2003, 1, 2, NULL, '00:01:56', 3, 38, NULL, 'C', 'ESN');
INSERT INTO RESULTATS (nr_ligue, id_competition, ANNEE, JOUR, nr_course, temps_reference, temps_reel, PLACE, POINTS,
                       code_decision, code_categorie, code_club)
VALUES ('66/000117/ESN', 1, 2003, 1, 8, NULL, '00:02:00', 7, 470, NULL, 'C', 'ESN');
INSERT INTO RESULTATS (nr_ligue, id_competition, ANNEE, JOUR, nr_course, temps_reference, temps_reel, PLACE, POINTS,
                       code_decision, code_categorie, code_club)
VALUES ('58/000141/ESN', 1, 2003, 1, 4, NULL, '00:01:46', 7, 253, NULL, 'E', 'ESN');
INSERT INTO RESULTATS (nr_ligue, id_competition, ANNEE, JOUR, nr_course, temps_reference, temps_reel, PLACE, POINTS,
                       code_decision, code_categorie, code_club)
VALUES ('58/000141/ESN', 1, 2003, 1, 8, NULL, NULL, NULL, NULL, 'DQ', 'E', 'ESN');
INSERT INTO RESULTATS (nr_ligue, id_competition, ANNEE, JOUR, nr_course, temps_reference, temps_reel, PLACE, POINTS,
                       code_decision, code_categorie, code_club)
VALUES ('55/000185/ESN', 1, 2003, 1, 1, NULL, '00:00:48', 2, 756, NULL, 'E', 'ESN');
INSERT INTO RESULTATS (nr_ligue, id_competition, ANNEE, JOUR, nr_course, temps_reference, temps_reel, PLACE, POINTS,
                       code_decision, code_categorie, code_club)
VALUES ('55/000185/ESN', 1, 2003, 1, 4, NULL, '00:01:27', 6, 740, NULL, 'E', 'ESN');
INSERT INTO RESULTATS (nr_ligue, id_competition, ANNEE, JOUR, nr_course, temps_reference, temps_reel, PLACE, POINTS,
                       code_decision, code_categorie, code_club)
VALUES ('55/000185/ESN', 1, 2003, 1, 8, NULL, '00:01:39', 6, 97, NULL, 'E', 'ESN');
INSERT INTO RESULTATS (nr_ligue, id_competition, ANNEE, JOUR, nr_course, temps_reference, temps_reel, PLACE, POINTS,
                       code_decision, code_categorie, code_club)
VALUES ('70/000194/ESN', 1, 2003, 1, 4, NULL, '00:01:24', 5, 645, NULL, 'B', 'ESN');
INSERT INTO RESULTATS (nr_ligue, id_competition, ANNEE, JOUR, nr_course, temps_reference, temps_reel, PLACE, POINTS,
                       code_decision, code_categorie, code_club)
VALUES ('70/000194/ESN', 1, 2003, 1, 8, NULL, '00:01:37', 5, 44, NULL, 'B', 'ESN');
INSERT INTO RESULTATS (nr_ligue, id_competition, ANNEE, JOUR, nr_course, temps_reference, temps_reel, PLACE, POINTS,
                       code_decision, code_categorie, code_club)
VALUES ('68/000075/ESN', 1, 2003, 2, 3, NULL, '00:01:27', 1, 108, NULL, 'C', 'ESN');
INSERT INTO RESULTATS (nr_ligue, id_competition, ANNEE, JOUR, nr_course, temps_reference, temps_reel, PLACE, POINTS,
                       code_decision, code_categorie, code_club)
VALUES ('68/000075/ESN', 1, 2003, 2, 8, NULL, '00:02:59', 3, 674, NULL, 'C', 'ESN');
INSERT INTO RESULTATS (nr_ligue, id_competition, ANNEE, JOUR, nr_course, temps_reference, temps_reel, PLACE, POINTS,
                       code_decision, code_categorie, code_club)
VALUES ('73/000077/ESN', 1, 2003, 2, 8, NULL, '00:02:48', 2, 49, NULL, 'B', 'ESN');
INSERT INTO RESULTATS (nr_ligue, id_competition, ANNEE, JOUR, nr_course, temps_reference, temps_reel, PLACE, POINTS,
                       code_decision, code_categorie, code_club)
VALUES ('62/000112/ESN', 1, 2003, 2, 4, NULL, NULL, NULL, NULL, 'CM', 'D', 'ESN');
INSERT INTO RESULTATS (nr_ligue, id_competition, ANNEE, JOUR, nr_course, temps_reference, temps_reel, PLACE, POINTS,
                       code_decision, code_categorie, code_club)
VALUES ('66/000117/ESN', 1, 2003, 2, 2, NULL, '00:00:56', 2, 66, NULL, 'C', 'ESN');
INSERT INTO RESULTATS (nr_ligue, id_competition, ANNEE, JOUR, nr_course, temps_reference, temps_reel, PLACE, POINTS,
                       code_decision, code_categorie, code_club)
VALUES ('66/000117/ESN', 1, 2003, 2, 4, NULL, '00:04:02', 7, 216, NULL, 'C', 'ESN');
INSERT INTO RESULTATS (nr_ligue, id_competition, ANNEE, JOUR, nr_course, temps_reference, temps_reel, PLACE, POINTS,
                       code_decision, code_categorie, code_club)
VALUES ('58/000141/ESN', 1, 2003, 2, 2, NULL, '00:01:04', 4, 737, NULL, 'E', 'ESN');
INSERT INTO RESULTATS (nr_ligue, id_competition, ANNEE, JOUR, nr_course, temps_reference, temps_reel, PLACE, POINTS,
                       code_decision, code_categorie, code_club)
VALUES ('58/000141/ESN', 1, 2003, 2, 7, NULL, '00:00:49', 3, 511, NULL, 'E', 'ESN');
INSERT INTO RESULTATS (nr_ligue, id_competition, ANNEE, JOUR, nr_course, temps_reference, temps_reel, PLACE, POINTS,
                       code_decision, code_categorie, code_club)
VALUES ('55/000167/ESN', 1, 2003, 2, 1, NULL, '00:01:47', 3, 456, NULL, 'E', 'ESN');
INSERT INTO RESULTATS (nr_ligue, id_competition, ANNEE, JOUR, nr_course, temps_reference, temps_reel, PLACE, POINTS,
                       code_decision, code_categorie, code_club)
VALUES ('55/000167/ESN', 1, 2003, 2, 3, NULL, '00:01:34', 2, 211, NULL, 'E', 'ESN');
INSERT INTO RESULTATS (nr_ligue, id_competition, ANNEE, JOUR, nr_course, temps_reference, temps_reel, PLACE, POINTS,
                       code_decision, code_categorie, code_club)
VALUES ('55/000167/ESN', 1, 2003, 2, 8, NULL, '00:03:32', 5, 366, NULL, 'E', 'ESN');
INSERT INTO RESULTATS (nr_ligue, id_competition, ANNEE, JOUR, nr_course, temps_reference, temps_reel, PLACE, POINTS,
                       code_decision, code_categorie, code_club)
VALUES ('77/000174/ESN', 1, 2003, 2, 3, NULL, '00:01:44', 3, 787, NULL, 'A', 'ESN');
INSERT INTO RESULTATS (nr_ligue, id_competition, ANNEE, JOUR, nr_course, temps_reference, temps_reel, PLACE, POINTS,
                       code_decision, code_categorie, code_club)
VALUES ('77/000174/ESN', 1, 2003, 2, 8, NULL, '00:03:22', 4, 87, NULL, 'A', 'ESN');
INSERT INTO RESULTATS (nr_ligue, id_competition, ANNEE, JOUR, nr_course, temps_reference, temps_reel, PLACE, POINTS,
                       code_decision, code_categorie, code_club)
VALUES ('55/000185/ESN', 1, 2003, 2, 1, NULL, '00:01:57', 4, 186, NULL, 'E', 'ESN');
INSERT INTO RESULTATS (nr_ligue, id_competition, ANNEE, JOUR, nr_course, temps_reference, temps_reel, PLACE, POINTS,
                       code_decision, code_categorie, code_club)
VALUES ('55/000185/ESN', 1, 2003, 2, 3, NULL, '00:01:44', 4, 674, NULL, 'E', 'ESN');
INSERT INTO RESULTATS (nr_ligue, id_competition, ANNEE, JOUR, nr_course, temps_reference, temps_reel, PLACE, POINTS,
                       code_decision, code_categorie, code_club)
VALUES ('55/000185/ESN', 1, 2003, 2, 4, NULL, '00:03:21', 5, 741, NULL, 'E', 'ESN');
INSERT INTO RESULTATS (nr_ligue, id_competition, ANNEE, JOUR, nr_course, temps_reference, temps_reel, PLACE, POINTS,
                       code_decision, code_categorie, code_club)
VALUES ('36/000186/ESN', 1, 2003, 2, 3, NULL, '00:02:27', 7, 195, NULL, 'I', 'ESN');
INSERT INTO RESULTATS (nr_ligue, id_competition, ANNEE, JOUR, nr_course, temps_reference, temps_reel, PLACE, POINTS,
                       code_decision, code_categorie, code_club)
VALUES ('36/000186/ESN', 1, 2003, 2, 7, NULL, '00:00:53', 4, 398, NULL, 'I', 'ESN');
INSERT INTO RESULTATS (nr_ligue, id_competition, ANNEE, JOUR, nr_course, temps_reference, temps_reel, PLACE, POINTS,
                       code_decision, code_categorie, code_club)
VALUES ('70/000194/ESN', 1, 2003, 2, 3, NULL, '00:01:46', 5, 557, NULL, 'B', 'ESN');
INSERT INTO RESULTATS (nr_ligue, id_competition, ANNEE, JOUR, nr_course, temps_reference, temps_reel, PLACE, POINTS,
                       code_decision, code_categorie, code_club)
VALUES ('70/000194/ESN', 1, 2003, 2, 4, NULL, '00:03:12', 1, 688, NULL, 'B', 'ESN');
INSERT INTO RESULTATS (nr_ligue, id_competition, ANNEE, JOUR, nr_course, temps_reference, temps_reel, PLACE, POINTS,
                       code_decision, code_categorie, code_club)
VALUES ('70/000194/ESN', 1, 2003, 2, 7, NULL, '00:00:37', 2, 596, NULL, 'B', 'ESN');
INSERT INTO RESULTATS (nr_ligue, id_competition, ANNEE, JOUR, nr_course, temps_reference, temps_reel, PLACE, POINTS,
                       code_decision, code_categorie, code_club)
VALUES ('23/000206/ESN', 1, 2003, 2, 3, NULL, NULL, NULL, NULL, 'CM', 'L', 'ESN');
INSERT INTO RESULTATS (nr_ligue, id_competition, ANNEE, JOUR, nr_course, temps_reference, temps_reel, PLACE, POINTS,
                       code_decision, code_categorie, code_club)
VALUES ('23/000206/ESN', 1, 2003, 2, 7, NULL, NULL, NULL, NULL, 'CM', 'L', 'ESN');
INSERT INTO RESULTATS (nr_ligue, id_competition, ANNEE, JOUR, nr_course, temps_reference, temps_reel, PLACE, POINTS,
                       code_decision, code_categorie, code_club)
VALUES ('52/000081/ESN', 1, 2003, 2, 2, NULL, '00:00:59', 3, 479, NULL, 'F', 'ESN');
INSERT INTO RESULTATS (nr_ligue, id_competition, ANNEE, JOUR, nr_course, temps_reference, temps_reel, PLACE, POINTS,
                       code_decision, code_categorie, code_club)
VALUES ('52/000081/ESN', 1, 2003, 2, 3, NULL, '00:02:15', 6, 126, NULL, 'F', 'ESN');
INSERT INTO RESULTATS (nr_ligue, id_competition, ANNEE, JOUR, nr_course, temps_reference, temps_reel, PLACE, POINTS,
                       code_decision, code_categorie, code_club)
VALUES ('52/000081/ESN', 1, 2003, 2, 6, NULL, '00:04:32', 1, 70, NULL, 'F', 'ESN');
INSERT INTO RESULTATS (nr_ligue, id_competition, ANNEE, JOUR, nr_course, temps_reference, temps_reel, PLACE, POINTS,
                       code_decision, code_categorie, code_club)
VALUES ('61/000281/ESN', 1, 2003, 2, 2, NULL, '00:00:45', 1, 104, NULL, 'D', 'ESN');
INSERT INTO RESULTATS (nr_ligue, id_competition, ANNEE, JOUR, nr_course, temps_reference, temps_reel, PLACE, POINTS,
                       code_decision, code_categorie, code_club)
VALUES ('61/000281/ESN', 1, 2003, 2, 7, NULL, '00:00:34', 1, 690, NULL, 'D', 'ESN');
INSERT INTO RESULTATS (nr_ligue, id_competition, ANNEE, JOUR, nr_course, temps_reference, temps_reel, PLACE, POINTS,
                       code_decision, code_categorie, code_club)
VALUES ('68/000075/ESN', 1, 2003, 3, 3, NULL, '00:06:40', 1, 158, NULL, 'C', 'ESN');
INSERT INTO RESULTATS (nr_ligue, id_competition, ANNEE, JOUR, nr_course, temps_reference, temps_reel, PLACE, POINTS,
                       code_decision, code_categorie, code_club)
VALUES ('66/000117/ESN', 1, 2003, 3, 2, NULL, '00:16:47', 5, 459, NULL, 'C', 'ESN');
INSERT INTO RESULTATS (nr_ligue, id_competition, ANNEE, JOUR, nr_course, temps_reference, temps_reel, PLACE, POINTS,
                       code_decision, code_categorie, code_club)
VALUES ('58/000141/ESN', 1, 2003, 3, 4, NULL, '00:09:07', 7, 582, NULL, 'E', 'ESN');
INSERT INTO RESULTATS (nr_ligue, id_competition, ANNEE, JOUR, nr_course, temps_reference, temps_reel, PLACE, POINTS,
                       code_decision, code_categorie, code_club)
VALUES ('55/000167/ESN', 1, 2003, 3, 1, NULL, '00:26:46', 2, 350, NULL, 'E', 'ESN');
INSERT INTO RESULTATS (nr_ligue, id_competition, ANNEE, JOUR, nr_course, temps_reference, temps_reel, PLACE, POINTS,
                       code_decision, code_categorie, code_club)
VALUES ('55/000167/ESN', 1, 2003, 3, 3, NULL, '00:07:21', 2, 10, NULL, 'E', 'ESN');
INSERT INTO RESULTATS (nr_ligue, id_competition, ANNEE, JOUR, nr_course, temps_reference, temps_reel, PLACE, POINTS,
                       code_decision, code_categorie, code_club)
VALUES ('55/000167/ESN', 1, 2003, 3, 4, NULL, '00:06:42', 3, 149, NULL, 'E', 'ESN');
INSERT INTO RESULTATS (nr_ligue, id_competition, ANNEE, JOUR, nr_course, temps_reference, temps_reel, PLACE, POINTS,
                       code_decision, code_categorie, code_club)
VALUES ('77/000174/ESN', 1, 2003, 3, 2, NULL, '00:14:25', 2, 621, NULL, 'A', 'ESN');
INSERT INTO RESULTATS (nr_ligue, id_competition, ANNEE, JOUR, nr_course, temps_reference, temps_reel, PLACE, POINTS,
                       code_decision, code_categorie, code_club)
VALUES ('77/000174/ESN', 1, 2003, 3, 4, NULL, '00:06:57', 4, 578, NULL, 'A', 'ESN');
INSERT INTO RESULTATS (nr_ligue, id_competition, ANNEE, JOUR, nr_course, temps_reference, temps_reel, PLACE, POINTS,
                       code_decision, code_categorie, code_club)
VALUES ('55/000185/ESN', 1, 2003, 3, 2, NULL, '00:15:26', 3, 96, NULL, 'E', 'ESN');
INSERT INTO RESULTATS (nr_ligue, id_competition, ANNEE, JOUR, nr_course, temps_reference, temps_reel, PLACE, POINTS,
                       code_decision, code_categorie, code_club)
VALUES ('55/000185/ESN', 1, 2003, 3, 4, NULL, '00:07:36', 6, 240, NULL, 'E', 'ESN');
INSERT INTO RESULTATS (nr_ligue, id_competition, ANNEE, JOUR, nr_course, temps_reference, temps_reel, PLACE, POINTS,
                       code_decision, code_categorie, code_club)
VALUES ('70/000194/ESN', 1, 2003, 3, 4, NULL, '00:07:05', 5, 250, NULL, 'B', 'ESN');
INSERT INTO RESULTATS (nr_ligue, id_competition, ANNEE, JOUR, nr_course, temps_reference, temps_reel, PLACE, POINTS,
                       code_decision, code_categorie, code_club)
VALUES ('52/000081/ESN', 1, 2003, 3, 2, NULL, '00:18:40', 6, 442, NULL, 'F', 'ESN');
INSERT INTO RESULTATS (nr_ligue, id_competition, ANNEE, JOUR, nr_course, temps_reference, temps_reel, PLACE, POINTS,
                       code_decision, code_categorie, code_club)
VALUES ('52/000081/ESN', 1, 2003, 3, 4, NULL, '00:09:21', 8, 415, NULL, 'F', 'ESN');
INSERT INTO RESULTATS (nr_ligue, id_competition, ANNEE, JOUR, nr_course, temps_reference, temps_reel, PLACE, POINTS,
                       code_decision, code_categorie, code_club)
VALUES ('47/000235/ESN', 1, 2003, 3, 2, NULL, '00:16:13', 4, 322, NULL, 'G', 'ESN');
INSERT INTO RESULTATS (nr_ligue, id_competition, ANNEE, JOUR, nr_course, temps_reference, temps_reel, PLACE, POINTS,
                       code_decision, code_categorie, code_club)
VALUES ('35/000050/TENB', 2, 2003, 1, 1, NULL, '00:04:01', 11, 162, NULL, 'I', 'TENBO');
INSERT INTO RESULTATS (nr_ligue, id_competition, ANNEE, JOUR, nr_course, temps_reference, temps_reel, PLACE, POINTS,
                       code_decision, code_categorie, code_club)
VALUES ('34/000074/OLD', 2, 2003, 1, 1, NULL, '00:04:07', 12, 150, NULL, 'I', 'OLD D');
INSERT INTO RESULTATS (nr_ligue, id_competition, ANNEE, JOUR, nr_course, temps_reference, temps_reel, PLACE, POINTS,
                       code_decision, code_categorie, code_club)
VALUES ('55/000185/ESN', 1, 2002, 2, 7, '00:00:40', '00:00:38', 8, 667, NULL, 'E', 'ESN');
INSERT INTO RESULTATS (nr_ligue, id_competition, ANNEE, JOUR, nr_course, temps_reference, temps_reel, PLACE, POINTS,
                       code_decision, code_categorie, code_club)
VALUES ('70/000194/ESN', 1, 2002, 3, 4, '00:08:30', '00:07:35', 4, 552, NULL, 'B', 'ESN');
INSERT INTO RESULTATS (nr_ligue, id_competition, ANNEE, JOUR, nr_course, temps_reference, temps_reel, PLACE, POINTS,
                       code_decision, code_categorie, code_club)
VALUES ('77/000136/SL', 2, 2003, 1, 2, '00:02:45', '00:02:39', 3, 408, NULL, 'A', 'SL');
INSERT INTO RESULTATS (nr_ligue, id_competition, ANNEE, JOUR, nr_course, temps_reference, temps_reel, PLACE, POINTS,
                       code_decision, code_categorie, code_club)
VALUES ('74/000012/EMBO', 2, 2003, 1, 2, '00:02:50', '00:02:42', 4, 387, NULL, 'A', 'EMBOU');
INSERT INTO RESULTATS (nr_ligue, id_competition, ANNEE, JOUR, nr_course, temps_reference, temps_reel, PLACE, POINTS,
                       code_decision, code_categorie, code_club)
VALUES ('72/000124/IKZ', 2, 2003, 1, 2, '00:03:10', NULL, NULL, NULL, 'CM', 'B', 'IKZ');
INSERT INTO RESULTATS (nr_ligue, id_competition, ANNEE, JOUR, nr_course, temps_reference, temps_reel, PLACE, POINTS,
                       code_decision, code_categorie, code_club)
VALUES ('65/000147/EMBO', 2, 2003, 1, 2, '00:03:25', NULL, NULL, NULL, 'F', 'C', 'EMBOU');
INSERT INTO RESULTATS (nr_ligue, id_competition, ANNEE, JOUR, nr_course, temps_reference, temps_reel, PLACE, POINTS,
                       code_decision, code_categorie, code_club)
VALUES ('61/000038/COUN', 2, 2003, 1, 2, '00:02:45', '00:02:46', 5, 355, NULL, 'D', 'COUNT');
INSERT INTO RESULTATS (nr_ligue, id_competition, ANNEE, JOUR, nr_course, temps_reference, temps_reel, PLACE, POINTS,
                       code_decision, code_categorie, code_club)
VALUES ('62/000232/SL', 2, 2003, 1, 2, '00:02:58', '00:02:51', 6, 328, NULL, 'D', 'SL');
INSERT INTO RESULTATS (nr_ligue, id_competition, ANNEE, JOUR, nr_course, temps_reference, temps_reel, PLACE, POINTS,
                       code_decision, code_categorie, code_club)
VALUES ('63/000068/SL', 2, 2003, 1, 2, '00:03:30', '00:03:16', 9, 217, NULL, 'D', 'SL');
INSERT INTO RESULTATS (nr_ligue, id_competition, ANNEE, JOUR, nr_course, temps_reference, temps_reel, PLACE, POINTS,
                       code_decision, code_categorie, code_club)
VALUES ('56/000197/EMBO', 2, 2003, 1, 2, '00:02:35', '00:02:30', 2, 483, NULL, 'E', 'EMBOU');
INSERT INTO RESULTATS (nr_ligue, id_competition, ANNEE, JOUR, nr_course, temps_reference, temps_reel, PLACE, POINTS,
                       code_decision, code_categorie, code_club)
VALUES ('38/000110/VU/D', 2, 2003, 1, 2, '00:03:02', '00:03:02', 7, 271, NULL, 'I', 'VU/DG');
INSERT INTO RESULTATS (nr_ligue, id_competition, ANNEE, JOUR, nr_course, temps_reference, temps_reel, PLACE, POINTS,
                       code_decision, code_categorie, code_club)
VALUES ('77/000233/SL', 2, 2003, 1, 3, '00:03:20', '00:03:08', 2, 456, NULL, 'A', 'SL');
INSERT INTO RESULTATS (nr_ligue, id_competition, ANNEE, JOUR, nr_course, temps_reference, temps_reel, PLACE, POINTS,
                       code_decision, code_categorie, code_club)
VALUES ('73/000279/EMBO', 2, 2003, 1, 3, '00:03:00', '00:02:58', 1, 531, NULL, 'B', 'EMBOU');
INSERT INTO RESULTATS (nr_ligue, id_competition, ANNEE, JOUR, nr_course, temps_reference, temps_reel, PLACE, POINTS,
                       code_decision, code_categorie, code_club)
VALUES ('72/000030/CNHU', 2, 2003, 1, 3, '00:04:20', '00:03:58', 4, 223, NULL, 'B', 'CNHUY');
COMMIT;
INSERT INTO RESULTATS (nr_ligue, id_competition, ANNEE, JOUR, nr_course, temps_reference, temps_reel, PLACE, POINTS,
                       code_decision, code_categorie, code_club)
VALUES ('68/000225/SL', 2, 2003, 1, 3, '00:03:50', '00:03:49', 3, 249, NULL, 'C', 'SL');
INSERT INTO RESULTATS (nr_ligue, id_competition, ANNEE, JOUR, nr_course, temps_reference, temps_reel, PLACE, POINTS,
                       code_decision, code_categorie, code_club)
VALUES ('58/000026/LZV', 2, 2003, 1, 3, '00:04:22', '00:04:08', 6, 196, NULL, 'E', 'LZV');
INSERT INTO RESULTATS (nr_ligue, id_competition, ANNEE, JOUR, nr_course, temps_reference, temps_reel, PLACE, POINTS,
                       code_decision, code_categorie, code_club)
VALUES ('44/000034/ZVH', 2, 2003, 1, 3, '00:04:05', '00:04:03', 5, 210, NULL, 'G', 'ZVH');
INSERT INTO RESULTATS (nr_ligue, id_competition, ANNEE, JOUR, nr_course, temps_reference, temps_reel, PLACE, POINTS,
                       code_decision, code_categorie, code_club)
VALUES ('78/000277/CNA', 2, 2003, 1, 4, '00:03:10', '00:03:03', 3, 358, NULL, 'A', 'CNA');
INSERT INTO RESULTATS (nr_ligue, id_competition, ANNEE, JOUR, nr_course, temps_reference, temps_reel, PLACE, POINTS,
                       code_decision, code_categorie, code_club)
VALUES ('75/000089/IKZ', 2, 2003, 1, 4, '00:03:20', '00:03:08', 5, 328, NULL, 'A', 'IKZ');
INSERT INTO RESULTATS (nr_ligue, id_competition, ANNEE, JOUR, nr_course, temps_reference, temps_reel, PLACE, POINTS,
                       code_decision, code_categorie, code_club)
VALUES ('73/000083/CHAN', 2, 2003, 1, 4, '00:02:37', '00:02:48', 2, 464, NULL, 'B', 'CHAN');
INSERT INTO RESULTATS (nr_ligue, id_competition, ANNEE, JOUR, nr_course, temps_reference, temps_reel, PLACE, POINTS,
                       code_decision, code_categorie, code_club)
VALUES ('67/000150/SL', 2, 2003, 1, 4, '00:02:39', '00:02:40', 1, 532, NULL, 'C', 'SL');
INSERT INTO RESULTATS (nr_ligue, id_competition, ANNEE, JOUR, nr_course, temps_reference, temps_reel, PLACE, POINTS,
                       code_decision, code_categorie, code_club)
VALUES ('43/000127/OCEA', 2, 2003, 1, 4, '00:03:06', '00:03:05', 4, 342, NULL, 'H', 'OCEAN');
INSERT INTO RESULTATS (nr_ligue, id_competition, ANNEE, JOUR, nr_course, temps_reference, temps_reel, PLACE, POINTS,
                       code_decision, code_categorie, code_club)
VALUES ('40/000146/VN', 2, 2003, 1, 4, NULL, '00:04:02', 8, 155, NULL, 'H', 'VN');
INSERT INTO RESULTATS (nr_ligue, id_competition, ANNEE, JOUR, nr_course, temps_reference, temps_reel, PLACE, POINTS,
                       code_decision, code_categorie, code_club)
VALUES ('33/000108/CCS', 2, 2003, 1, 4, '00:05:10', '00:05:07', 9, 75, NULL, 'J', 'CCS');
INSERT INTO RESULTATS (nr_ligue, id_competition, ANNEE, JOUR, nr_course, temps_reference, temps_reel, PLACE, POINTS,
                       code_decision, code_categorie, code_club)
VALUES ('77/000233/SL', 2, 2003, 1, 5, '00:01:17', '00:01:17', 3, 463, NULL, 'A', 'SL');
INSERT INTO RESULTATS (nr_ligue, id_competition, ANNEE, JOUR, nr_course, temps_reference, temps_reel, PLACE, POINTS,
                       code_decision, code_categorie, code_club)
VALUES ('65/000086/ESN', 1, 2002, 3, 1, '00:27:02', '00:27:53', 6, 391, NULL, 'C', 'ESN');
INSERT INTO RESULTATS (nr_ligue, id_competition, ANNEE, JOUR, nr_course, temps_reference, temps_reel, PLACE, POINTS,
                       code_decision, code_categorie, code_club)
VALUES ('65/000086/ESN', 1, 2002, 3, 3, '00:07:17', '00:07:44', 4, 35, NULL, 'C', 'ESN');
INSERT INTO RESULTATS (nr_ligue, id_competition, ANNEE, JOUR, nr_course, temps_reference, temps_reel, PLACE, POINTS,
                       code_decision, code_categorie, code_club)
VALUES ('65/000086/ESN', 1, 2002, 3, 4, '00:07:15', '00:07:00', 2, 24, NULL, 'C', 'ESN');
INSERT INTO RESULTATS (nr_ligue, id_competition, ANNEE, JOUR, nr_course, temps_reference, temps_reel, PLACE, POINTS,
                       code_decision, code_categorie, code_club)
VALUES ('73/000077/ESN', 1, 2002, 3, 3, '00:06:17', '00:06:07', 1, 101, NULL, 'A', 'ESN');
INSERT INTO RESULTATS (nr_ligue, id_competition, ANNEE, JOUR, nr_course, temps_reference, temps_reel, PLACE, POINTS,
                       code_decision, code_categorie, code_club)
VALUES ('36/000234/CNBA', 2, 2003, 2, 20, '00:02:38', '00:02:38', 2, 302, NULL, 'I', 'CNBA');
INSERT INTO RESULTATS (nr_ligue, id_competition, ANNEE, JOUR, nr_course, temps_reference, temps_reel, PLACE, POINTS,
                       code_decision, code_categorie, code_club)
VALUES ('38/000110/VU/D', 2, 2003, 2, 20, '00:02:30', NULL, NULL, NULL, 'DQ', 'I', 'VU/DG');
INSERT INTO RESULTATS (nr_ligue, id_competition, ANNEE, JOUR, nr_course, temps_reference, temps_reel, PLACE, POINTS,
                       code_decision, code_categorie, code_club)
VALUES ('77/000233/SL', 2, 2003, 2, 21, '00:01:28', '00:01:21', 2, 557, NULL, 'A', 'SL');
INSERT INTO RESULTATS (nr_ligue, id_competition, ANNEE, JOUR, nr_course, temps_reference, temps_reel, PLACE, POINTS,
                       code_decision, code_categorie, code_club)
VALUES ('76/000031/CNMA', 2, 2003, 2, 21, '00:01:28', '00:01:30', 5, 404, NULL, 'A', 'CNMA');
INSERT INTO RESULTATS (nr_ligue, id_competition, ANNEE, JOUR, nr_course, temps_reference, temps_reel, PLACE, POINTS,
                       code_decision, code_categorie, code_club)
VALUES ('73/000153/CNBA', 2, 2003, 2, 21, '00:01:34', '00:01:32', 6, 381, NULL, 'B', 'CNBA');
INSERT INTO RESULTATS (nr_ligue, id_competition, ANNEE, JOUR, nr_course, temps_reference, temps_reel, PLACE, POINTS,
                       code_decision, code_categorie, code_club)
VALUES ('71/000006/USG', 2, 2003, 2, 21, '00:01:30', '00:01:34', 7, 350, NULL, 'B', 'USG');
INSERT INTO RESULTATS (nr_ligue, id_competition, ANNEE, JOUR, nr_course, temps_reference, temps_reel, PLACE, POINTS,
                       code_decision, code_categorie, code_club)
VALUES ('72/000030/CNHU', 2, 2003, 2, 21, '00:01:45', '00:01:42', 11, 279, NULL, 'B', 'CNHUY');
INSERT INTO RESULTATS (nr_ligue, id_competition, ANNEE, JOUR, nr_course, temps_reference, temps_reel, PLACE, POINTS,
                       code_decision, code_categorie, code_club)
VALUES ('69/000213/SL', 2, 2003, 2, 21, '00:01:40', NULL, NULL, NULL, 'F', 'B', 'SL');
INSERT INTO RESULTATS (nr_ligue, id_competition, ANNEE, JOUR, nr_course, temps_reference, temps_reel, PLACE, POINTS,
                       code_decision, code_categorie, code_club)
VALUES ('64/000040/LZV', 2, 2003, 2, 21, '00:01:14', '00:02:06', 16, 712, NULL, 'C', 'LZV');
INSERT INTO RESULTATS (nr_ligue, id_competition, ANNEE, JOUR, nr_course, temps_reference, temps_reel, PLACE, POINTS,
                       code_decision, code_categorie, code_club)
VALUES ('52/000024/CNSW', 2, 2003, 2, 21, '00:01:45', '00:01:42', 12, 273, NULL, 'F', 'CNSW');
INSERT INTO RESULTATS (nr_ligue, id_competition, ANNEE, JOUR, nr_course, temps_reference, temps_reel, PLACE, POINTS,
                       code_decision, code_categorie, code_club)
VALUES ('66/000117/ESN', 1, 2002, 3, 2, '00:18:00', '00:17:30', 6, 558, NULL, 'C', 'ESN');
INSERT INTO RESULTATS (nr_ligue, id_competition, ANNEE, JOUR, nr_course, temps_reference, temps_reel, PLACE, POINTS,
                       code_decision, code_categorie, code_club)
VALUES ('58/000141/ESN', 1, 2002, 3, 4, '00:08:50', '00:09:02', 6, 301, NULL, 'D', 'ESN');
INSERT INTO RESULTATS (nr_ligue, id_competition, ANNEE, JOUR, nr_course, temps_reference, temps_reel, PLACE, POINTS,
                       code_decision, code_categorie, code_club)
VALUES ('62/000155/ESN', 1, 2002, 3, 2, '00:15:45', '00:16:16', 4, 426, NULL, 'D', 'ESN');
INSERT INTO RESULTATS (nr_ligue, id_competition, ANNEE, JOUR, nr_course, temps_reference, temps_reel, PLACE, POINTS,
                       code_decision, code_categorie, code_club)
VALUES ('62/000155/ESN', 1, 2002, 3, 3, '00:08:36', '00:08:26', 5, 227, NULL, 'D', 'ESN');
INSERT INTO RESULTATS (nr_ligue, id_competition, ANNEE, JOUR, nr_course, temps_reference, temps_reel, PLACE, POINTS,
                       code_decision, code_categorie, code_club)
VALUES ('55/000167/ESN', 1, 2002, 3, 1, '00:27:02', '00:26:05', 1, 140, NULL, 'E', 'ESN');
INSERT INTO RESULTATS (nr_ligue, id_competition, ANNEE, JOUR, nr_course, temps_reference, temps_reel, PLACE, POINTS,
                       code_decision, code_categorie, code_club)
VALUES ('55/000167/ESN', 1, 2002, 3, 3, '00:07:17', '00:07:07', 3, 552, NULL, 'E', 'ESN');
INSERT INTO RESULTATS (nr_ligue, id_competition, ANNEE, JOUR, nr_course, temps_reference, temps_reel, PLACE, POINTS,
                       code_decision, code_categorie, code_club)
VALUES ('55/000167/ESN', 1, 2002, 3, 4, '00:07:15', '00:06:40', 1, 419, NULL, 'E', 'ESN');
INSERT INTO RESULTATS (nr_ligue, id_competition, ANNEE, JOUR, nr_course, temps_reference, temps_reel, PLACE, POINTS,
                       code_decision, code_categorie, code_club)
VALUES ('55/000185/ESN', 1, 2002, 3, 2, '00:15:30', '00:15:18', 3, 213, NULL, 'E', 'ESN');
INSERT INTO RESULTATS (nr_ligue, id_competition, ANNEE, JOUR, nr_course, temps_reference, temps_reel, PLACE, POINTS,
                       code_decision, code_categorie, code_club)
VALUES ('55/000185/ESN', 1, 2002, 3, 3, '00:08:45', '00:08:44', 6, 705, NULL, 'E', 'ESN');
INSERT INTO RESULTATS (nr_ligue, id_competition, ANNEE, JOUR, nr_course, temps_reference, temps_reel, PLACE, POINTS,
                       code_decision, code_categorie, code_club)
VALUES ('73/000207/ESN', 1, 2002, 3, 2, '00:15:45', NULL, NULL, NULL, 'CM', 'A', 'ESN');
INSERT INTO RESULTATS (nr_ligue, id_competition, ANNEE, JOUR, nr_course, temps_reference, temps_reel, PLACE, POINTS,
                       code_decision, code_categorie, code_club)
VALUES ('52/000081/ESN', 1, 2002, 3, 2, '00:19:08', '00:18:29', 7, 138, NULL, 'F', 'ESN');
INSERT INTO RESULTATS (nr_ligue, id_competition, ANNEE, JOUR, nr_course, temps_reference, temps_reel, PLACE, POINTS,
                       code_decision, code_categorie, code_club)
VALUES ('52/000081/ESN', 1, 2002, 3, 4, '00:09:45', '00:09:09', 7, 788, NULL, 'F', 'ESN');
INSERT INTO RESULTATS (nr_ligue, id_competition, ANNEE, JOUR, nr_course, temps_reference, temps_reel, PLACE, POINTS,
                       code_decision, code_categorie, code_club)
VALUES ('47/000235/ESN', 1, 2002, 3, 2, '00:17:00', '00:16:23', 5, 32, NULL, 'G', 'ESN');
INSERT INTO RESULTATS (nr_ligue, id_competition, ANNEE, JOUR, nr_course, temps_reference, temps_reel, PLACE, POINTS,
                       code_decision, code_categorie, code_club)
VALUES ('62/000155/ESN', 1, 2002, 3, 4, '00:08:10', '00:07:52', 5, 498, NULL, 'D', 'ESN');
INSERT INTO RESULTATS (nr_ligue, id_competition, ANNEE, JOUR, nr_course, temps_reference, temps_reel, PLACE, POINTS,
                       code_decision, code_categorie, code_club)
VALUES ('74/000231/SL', 2, 2003, 1, 1, NULL, '00:02:59', 5, 392, NULL, 'A', 'SL');
INSERT INTO RESULTATS (nr_ligue, id_competition, ANNEE, JOUR, nr_course, temps_reference, temps_reel, PLACE, POINTS,
                       code_decision, code_categorie, code_club)
VALUES ('71/000177/SL', 2, 2003, 1, 1, NULL, '00:02:53', 4, 436, NULL, 'B', 'SL');
INSERT INTO RESULTATS (nr_ligue, id_competition, ANNEE, JOUR, nr_course, temps_reference, temps_reel, PLACE, POINTS,
                       code_decision, code_categorie, code_club)
VALUES ('71/000280/EMBO', 2, 2003, 1, 1, NULL, '00:03:23', 8, 270, NULL, 'B', 'EMBOU');
INSERT INTO RESULTATS (nr_ligue, id_competition, ANNEE, JOUR, nr_course, temps_reference, temps_reel, PLACE, POINTS,
                       code_decision, code_categorie, code_club)
VALUES ('64/000040/LZV', 2, 2003, 1, 1, NULL, '00:02:38', 1, 569, NULL, 'C', 'LZV');
INSERT INTO RESULTATS (nr_ligue, id_competition, ANNEE, JOUR, nr_course, temps_reference, temps_reel, PLACE, POINTS,
                       code_decision, code_categorie, code_club)
VALUES ('67/000039/COUN', 2, 2003, 1, 1, NULL, '00:03:15', 7, 304, NULL, 'C', 'COUNT');
INSERT INTO RESULTATS (nr_ligue, id_competition, ANNEE, JOUR, nr_course, temps_reference, temps_reel, PLACE, POINTS,
                       code_decision, code_categorie, code_club)
VALUES ('74/000231/SL', 2, 2003, 1, 5, '00:01:24', '00:01:22', 4, 391, NULL, 'A', 'SL');
INSERT INTO RESULTATS (nr_ligue, id_competition, ANNEE, JOUR, nr_course, temps_reference, temps_reel, PLACE, POINTS,
                       code_decision, code_categorie, code_club)
VALUES ('69/000213/SL', 2, 2003, 1, 5, '00:01:42', '00:01:42', 6, 200, NULL, 'B', 'SL');
INSERT INTO RESULTATS (nr_ligue, id_competition, ANNEE, JOUR, nr_course, temps_reference, temps_reel, PLACE, POINTS,
                       code_decision, code_categorie, code_club)
VALUES ('64/000040/LZV', 2, 2003, 1, 5, '00:01:16', '00:01:15', 2, 500, NULL, 'C', 'LZV');
INSERT INTO RESULTATS (nr_ligue, id_competition, ANNEE, JOUR, nr_course, temps_reference, temps_reel, PLACE, POINTS,
                       code_decision, code_categorie, code_club)
VALUES ('43/000127/OCEA', 2, 2003, 1, 8, '00:01:22', '00:01:23', 3, 246, NULL, 'H', 'OCEAN');
INSERT INTO RESULTATS (nr_ligue, id_competition, ANNEE, JOUR, nr_course, temps_reference, temps_reel, PLACE, POINTS,
                       code_decision, code_categorie, code_club)
VALUES ('38/000110/VU/D', 2, 2003, 1, 8, '00:01:26', '00:01:28', 4, 209, NULL, 'I', 'VU/DG');
INSERT INTO RESULTATS (nr_ligue, id_competition, ANNEE, JOUR, nr_course, temps_reference, temps_reel, PLACE, POINTS,
                       code_decision, code_categorie, code_club)
VALUES ('83/000093/EMBO', 2, 2003, 1, 8, '00:01:08', '00:01:04', 1, 534, NULL, '0', 'EMBOU');
INSERT INTO RESULTATS (nr_ligue, id_competition, ANNEE, JOUR, nr_course, temps_reference, temps_reel, PLACE, POINTS,
                       code_decision, code_categorie, code_club)
VALUES ('82/000115/CNA', 2, 2003, 1, 8, '00:01:15', '00:01:14', 2, 348, NULL, '0', 'CNA');
INSERT INTO RESULTATS (nr_ligue, id_competition, ANNEE, JOUR, nr_course, temps_reference, temps_reel, PLACE, POINTS,
                       code_decision, code_categorie, code_club)
VALUES ('73/000279/EMBO', 2, 2003, 1, 9, '00:00:38', '00:00:37', 1, 604, NULL, 'B', 'EMBOU');
INSERT INTO RESULTATS (nr_ligue, id_competition, ANNEE, JOUR, nr_course, temps_reference, temps_reel, PLACE, POINTS,
                       code_decision, code_categorie, code_club)
VALUES ('71/000177/SL', 2, 2003, 1, 9, '00:00:39', '00:00:40', 2, 466, NULL, 'B', 'SL');
INSERT INTO RESULTATS (nr_ligue, id_competition, ANNEE, JOUR, nr_course, temps_reference, temps_reel, PLACE, POINTS,
                       code_decision, code_categorie, code_club)
VALUES ('71/000006/USG', 2, 2003, 1, 9, '00:00:41', '00:00:42', 3, 423, NULL, 'B', 'USG');
INSERT INTO RESULTATS (nr_ligue, id_competition, ANNEE, JOUR, nr_course, temps_reference, temps_reel, PLACE, POINTS,
                       code_decision, code_categorie, code_club)
VALUES ('71/000280/EMBO', 2, 2003, 1, 9, '00:00:50', '00:00:46', 8, 319, NULL, 'B', 'EMBOU');
INSERT INTO RESULTATS (nr_ligue, id_competition, ANNEE, JOUR, nr_course, temps_reference, temps_reel, PLACE, POINTS,
                       code_decision, code_categorie, code_club)
VALUES ('69/000213/SL', 2, 2003, 1, 9, '00:00:52', '00:00:53', 13, 207, NULL, 'B', 'SL');
INSERT INTO RESULTATS (nr_ligue, id_competition, ANNEE, JOUR, nr_course, temps_reference, temps_reel, PLACE, POINTS,
                       code_decision, code_categorie, code_club)
VALUES ('67/000039/COUN', 2, 2003, 1, 9, '00:00:42', '00:00:44', 5, 360, NULL, 'C', 'COUNT');
INSERT INTO RESULTATS (nr_ligue, id_competition, ANNEE, JOUR, nr_course, temps_reference, temps_reel, PLACE, POINTS,
                       code_decision, code_categorie, code_club)
VALUES ('68/000225/SL', 2, 2003, 1, 9, '00:00:45', '00:00:45', 6, 331, NULL, 'C', 'SL');
INSERT INTO RESULTATS (nr_ligue, id_competition, ANNEE, JOUR, nr_course, temps_reference, temps_reel, PLACE, POINTS,
                       code_decision, code_categorie, code_club)
VALUES ('58/000026/LZV', 2, 2003, 1, 9, '00:00:51', '00:00:52', 10, 217, NULL, 'E', 'LZV');
INSERT INTO RESULTATS (nr_ligue, id_competition, ANNEE, JOUR, nr_course, temps_reference, temps_reel, PLACE, POINTS,
                       code_decision, code_categorie, code_club)
VALUES ('44/000251/OLD', 2, 2003, 1, 9, '00:00:45', '00:00:46', 7, 322, NULL, 'G', 'OLD D');
INSERT INTO RESULTATS (nr_ligue, id_competition, ANNEE, JOUR, nr_course, temps_reference, temps_reel, PLACE, POINTS,
                       code_decision, code_categorie, code_club)
VALUES ('44/000034/ZVH', 2, 2003, 1, 9, '00:00:50', '00:00:51', 9, 230, NULL, 'G', 'ZVH');
INSERT INTO RESULTATS (nr_ligue, id_competition, ANNEE, JOUR, nr_course, temps_reference, temps_reel, PLACE, POINTS,
                       code_decision, code_categorie, code_club)
VALUES ('35/000050/TENB', 2, 2003, 1, 9, '00:00:51', '00:00:52', 11, 216, NULL, 'I', 'TENBO');
INSERT INTO RESULTATS (nr_ligue, id_competition, ANNEE, JOUR, nr_course, temps_reference, temps_reel, PLACE, POINTS,
                       code_decision, code_categorie, code_club)
VALUES ('23/000226/OLD', 2, 2003, 1, 9, '00:00:58', '00:01:13', 15, 79, NULL, 'L', 'OLD D');
INSERT INTO RESULTATS (nr_ligue, id_competition, ANNEE, JOUR, nr_course, temps_reference, temps_reel, PLACE, POINTS,
                       code_decision, code_categorie, code_club)
VALUES ('81/000063/CNHU', 2, 2003, 1, 1, NULL, '00:02:39', 2, 567, NULL, '0', 'CNHUY');
INSERT INTO RESULTATS (nr_ligue, id_competition, ANNEE, JOUR, nr_course, temps_reference, temps_reel, PLACE, POINTS,
                       code_decision, code_categorie, code_club)
VALUES ('80/000021/SL', 2, 2003, 1, 1, NULL, '00:02:48', 3, 476, NULL, '0', 'SL');
INSERT INTO RESULTATS (nr_ligue, id_competition, ANNEE, JOUR, nr_course, temps_reference, temps_reel, PLACE, POINTS,
                       code_decision, code_categorie, code_club)
VALUES ('80/000013/CNA', 2, 2003, 1, 2, '00:02:18', '00:02:19', 1, 608, NULL, '0', 'CNA');
INSERT INTO RESULTATS (nr_ligue, id_competition, ANNEE, JOUR, nr_course, temps_reference, temps_reel, PLACE, POINTS,
                       code_decision, code_categorie, code_club)
VALUES ('80/000021/SL', 2, 2003, 1, 5, '00:01:16', '00:01:15', 1, 500, NULL, '0', 'SL');
INSERT INTO RESULTATS (nr_ligue, id_competition, ANNEE, JOUR, nr_course, temps_reference, temps_reel, PLACE, POINTS,
                       code_decision, code_categorie, code_club)
VALUES ('81/000122/SL', 2, 2003, 1, 9, NULL, '00:00:42', 4, 403, NULL, '0', 'SL');
INSERT INTO RESULTATS (nr_ligue, id_competition, ANNEE, JOUR, nr_course, temps_reference, temps_reel, PLACE, POINTS,
                       code_decision, code_categorie, code_club)
VALUES ('83/000062/EMBO', 2, 2003, 1, 9, '00:00:50', '00:00:53', 12, 211, NULL, '0', 'EMBOU');
INSERT INTO RESULTATS (nr_ligue, id_competition, ANNEE, JOUR, nr_course, temps_reference, temps_reel, PLACE, POINTS,
                       code_decision, code_categorie, code_club)
VALUES ('78/000277/CNA', 2, 2003, 1, 10, '00:00:37', '00:00:37', 4, 411, NULL, 'A', 'CNA');
INSERT INTO RESULTATS (nr_ligue, id_competition, ANNEE, JOUR, nr_course, temps_reference, temps_reel, PLACE, POINTS,
                       code_decision, code_categorie, code_club)
VALUES ('75/000089/IKZ', 2, 2003, 1, 10, '00:00:41', '00:00:37', 5, 407, NULL, 'A', 'IKZ');
INSERT INTO RESULTATS (nr_ligue, id_competition, ANNEE, JOUR, nr_course, temps_reference, temps_reel, PLACE, POINTS,
                       code_decision, code_categorie, code_club)
VALUES ('76/000096/EMBO', 2, 2003, 1, 10, NULL, NULL, NULL, NULL, 'CM', 'A', 'EMBOU');
INSERT INTO RESULTATS (nr_ligue, id_competition, ANNEE, JOUR, nr_course, temps_reference, temps_reel, PLACE, POINTS,
                       code_decision, code_categorie, code_club)
VALUES ('73/000083/CHAN', 2, 2003, 1, 10, '00:00:33', '00:00:35', 3, 467, NULL, 'B', 'CHAN');
INSERT INTO RESULTATS (nr_ligue, id_competition, ANNEE, JOUR, nr_course, temps_reference, temps_reel, PLACE, POINTS,
                       code_decision, code_categorie, code_club)
VALUES ('71/000053/SL', 2, 2003, 1, 10, '00:00:44', NULL, NULL, NULL, 'F', 'B', 'SL');
INSERT INTO RESULTATS (nr_ligue, id_competition, ANNEE, JOUR, nr_course, temps_reference, temps_reel, PLACE, POINTS,
                       code_decision, code_categorie, code_club)
VALUES ('67/000150/SL', 2, 2003, 1, 10, '00:00:33', '00:00:33', 1, 557, NULL, 'C', 'SL');
INSERT INTO RESULTATS (nr_ligue, id_competition, ANNEE, JOUR, nr_course, temps_reference, temps_reel, PLACE, POINTS,
                       code_decision, code_categorie, code_club)
VALUES ('53/000158/EMBO', 2, 2003, 1, 10, '00:00:45', '00:00:41', 8, 304, NULL, 'F', 'EMBOU');
INSERT INTO RESULTATS (nr_ligue, id_competition, ANNEE, JOUR, nr_course, temps_reference, temps_reel, PLACE, POINTS,
                       code_decision, code_categorie, code_club)
VALUES ('43/000127/OCEA', 2, 2003, 1, 10, '00:00:38', '00:00:39', 6, 354, NULL, 'H', 'OCEAN');
INSERT INTO RESULTATS (nr_ligue, id_competition, ANNEE, JOUR, nr_course, temps_reference, temps_reel, PLACE, POINTS,
                       code_decision, code_categorie, code_club)
VALUES ('40/000146/VN', 2, 2003, 1, 10, NULL, '00:00:49', 10, 174, NULL, 'H', 'VN');
INSERT INTO RESULTATS (nr_ligue, id_competition, ANNEE, JOUR, nr_course, temps_reference, temps_reel, PLACE, POINTS,
                       code_decision, code_categorie, code_club)
VALUES ('81/000220/EMBO', 2, 2003, 1, 10, '00:00:34', '00:00:33', 2, 543, NULL, '0', 'EMBOU');
INSERT INTO RESULTATS (nr_ligue, id_competition, ANNEE, JOUR, nr_course, temps_reference, temps_reel, PLACE, POINTS,
                       code_decision, code_categorie, code_club)
VALUES ('74/000231/SL', 2, 2003, 1, 11, '00:06:10', '00:05:43', 3, 357, NULL, 'A', 'SL');
INSERT INTO RESULTATS (nr_ligue, id_competition, ANNEE, JOUR, nr_course, temps_reference, temps_reel, PLACE, POINTS,
                       code_decision, code_categorie, code_club)
VALUES ('73/000154/SL', 2, 2003, 1, 11, '00:05:02', '00:04:56', 2, 556, NULL, 'B', 'SL');
INSERT INTO RESULTATS (nr_ligue, id_competition, ANNEE, JOUR, nr_course, temps_reference, temps_reel, PLACE, POINTS,
                       code_decision, code_categorie, code_club)
VALUES ('72/000007/IKZ', 2, 2003, 1, 11, '00:06:20', '00:05:46', 4, 348, NULL, 'B', 'IKZ');
INSERT INTO RESULTATS (nr_ligue, id_competition, ANNEE, JOUR, nr_course, temps_reference, temps_reel, PLACE, POINTS,
                       code_decision, code_categorie, code_club)
VALUES ('72/000030/CNHU', 2, 2003, 1, 11, '00:07:20', '00:07:21', 8, 168, NULL, 'B', 'CNHUY');
INSERT INTO RESULTATS (nr_ligue, id_competition, ANNEE, JOUR, nr_course, temps_reference, temps_reel, PLACE, POINTS,
                       code_decision, code_categorie, code_club)
VALUES ('68/000225/SL', 2, 2003, 1, 11, '00:06:50', '00:06:52', 7, 207, NULL, 'C', 'SL');
INSERT INTO RESULTATS (nr_ligue, id_competition, ANNEE, JOUR, nr_course, temps_reference, temps_reel, PLACE, POINTS,
                       code_decision, code_categorie, code_club)
VALUES ('61/000008/USG', 2, 2003, 1, 11, '00:07:18', '00:07:32', 9, 156, NULL, 'D', 'USG');
INSERT INTO RESULTATS (nr_ligue, id_competition, ANNEE, JOUR, nr_course, temps_reference, temps_reel, PLACE, POINTS,
                       code_decision, code_categorie, code_club)
VALUES ('44/000034/ZVH', 2, 2003, 1, 11, '00:06:55', '00:06:48', 6, 212, NULL, 'G', 'ZVH');
INSERT INTO RESULTATS (nr_ligue, id_competition, ANNEE, JOUR, nr_course, temps_reference, temps_reel, PLACE, POINTS,
                       code_decision, code_categorie, code_club)
VALUES ('34/000074/OLD', 2, 2003, 1, 11, '00:08:05', '00:07:52', 10, 137, NULL, 'I', 'OLD D');
INSERT INTO RESULTATS (nr_ligue, id_competition, ANNEE, JOUR, nr_course, temps_reference, temps_reel, PLACE, POINTS,
                       code_decision, code_categorie, code_club)
VALUES ('29/000107/OLD', 2, 2003, 1, 11, '00:09:40', '00:10:11', 12, 63, NULL, 'J', 'OLD D');
INSERT INTO RESULTATS (nr_ligue, id_competition, ANNEE, JOUR, nr_course, temps_reference, temps_reel, PLACE, POINTS,
                       code_decision, code_categorie, code_club)
VALUES ('81/000063/CNHU', 2, 2003, 1, 11, '00:04:55', '00:04:56', 1, 557, NULL, '0', 'CNHUY');
INSERT INTO RESULTATS (nr_ligue, id_competition, ANNEE, JOUR, nr_course, temps_reference, temps_reel, PLACE, POINTS,
                       code_decision, code_categorie, code_club)
VALUES ('77/000136/SL', 2, 2003, 1, 12, '00:05:00', '00:04:55', 3, 432, NULL, 'A', 'SL');
INSERT INTO RESULTATS (nr_ligue, id_competition, ANNEE, JOUR, nr_course, temps_reference, temps_reel, PLACE, POINTS,
                       code_decision, code_categorie, code_club)
VALUES ('72/000124/IKZ', 2, 2003, 1, 12, '00:05:20', NULL, NULL, NULL, 'CM', 'B', 'IKZ');
INSERT INTO RESULTATS (nr_ligue, id_competition, ANNEE, JOUR, nr_course, temps_reference, temps_reel, PLACE, POINTS,
                       code_decision, code_categorie, code_club)
VALUES ('67/000150/SL', 2, 2003, 1, 12, '00:05:05', '00:05:10', 4, 375, NULL, 'C', 'SL');
INSERT INTO RESULTATS (nr_ligue, id_competition, ANNEE, JOUR, nr_course, temps_reference, temps_reel, PLACE, POINTS,
                       code_decision, code_categorie, code_club)
VALUES ('67/000133/SL', 2, 2003, 1, 12, '00:05:54', '00:05:16', 5, 353, NULL, 'C', 'SL');
INSERT INTO RESULTATS (nr_ligue, id_competition, ANNEE, JOUR, nr_course, temps_reference, temps_reel, PLACE, POINTS,
                       code_decision, code_categorie, code_club)
VALUES ('62/000232/SL', 2, 2003, 1, 12, '00:05:10', '00:04:52', 2, 449, NULL, 'D', 'SL');
INSERT INTO RESULTATS (nr_ligue, id_competition, ANNEE, JOUR, nr_course, temps_reference, temps_reel, PLACE, POINTS,
                       code_decision, code_categorie, code_club)
VALUES ('61/000038/COUN', 2, 2003, 1, 12, '00:05:10', '00:05:21', 6, 338, NULL, 'D', 'COUNT');
INSERT INTO RESULTATS (nr_ligue, id_competition, ANNEE, JOUR, nr_course, temps_reference, temps_reel, PLACE, POINTS,
                       code_decision, code_categorie, code_club)
VALUES ('63/000068/SL', 2, 2003, 1, 12, '00:06:40', '00:06:12', 10, 217, NULL, 'D', 'SL');
INSERT INTO RESULTATS (nr_ligue, id_competition, ANNEE, JOUR, nr_course, temps_reference, temps_reel, PLACE, POINTS,
                       code_decision, code_categorie, code_club)
VALUES ('56/000274/VN', 2, 2003, 1, 12, '00:05:15', '00:05:31', 8, 309, NULL, 'E', 'VN');
INSERT INTO RESULTATS (nr_ligue, id_competition, ANNEE, JOUR, nr_course, temps_reference, temps_reel, PLACE, POINTS,
                       code_decision, code_categorie, code_club)
VALUES ('43/000127/OCEA', 2, 2003, 1, 12, '00:05:35', '00:05:39', 9, 286, NULL, 'H', 'OCEAN');
INSERT INTO RESULTATS (nr_ligue, id_competition, ANNEE, JOUR, nr_course, temps_reference, temps_reel, PLACE, POINTS,
                       code_decision, code_categorie, code_club)
VALUES ('38/000110/VU/D', 2, 2003, 1, 12, '00:05:32', '00:05:27', 7, 318, NULL, 'I', 'VU/DG');
INSERT INTO RESULTATS (nr_ligue, id_competition, ANNEE, JOUR, nr_course, temps_reference, temps_reel, PLACE, POINTS,
                       code_decision, code_categorie, code_club)
VALUES ('33/000140/CNHU', 2, 2003, 1, 12, '00:09:00', '00:08:53', 11, 73, NULL, 'J', 'CNHUY');
COMMIT;
INSERT INTO RESULTATS (nr_ligue, id_competition, ANNEE, JOUR, nr_course, temps_reference, temps_reel, PLACE, POINTS,
                       code_decision, code_categorie, code_club)
VALUES ('33/000108/CCS', 2, 2003, 1, 12, '00:10:25', '00:10:24', 12, 46, NULL, 'J', 'CCS');
INSERT INTO RESULTATS (nr_ligue, id_competition, ANNEE, JOUR, nr_course, temps_reference, temps_reel, PLACE, POINTS,
                       code_decision, code_categorie, code_club)
VALUES ('80/000013/CNA', 2, 2003, 1, 12, '00:04:23', '00:04:25', 1, 598, NULL, '0', 'CNA');
INSERT INTO RESULTATS (nr_ligue, id_competition, ANNEE, JOUR, nr_course, temps_reference, temps_reel, PLACE, POINTS,
                       code_decision, code_categorie, code_club)
VALUES ('77/000025/CNSW', 2, 2003, 2, 15, '00:00:30', '00:00:30', 1, 505, NULL, 'A', 'CNSW');
INSERT INTO RESULTATS (nr_ligue, id_competition, ANNEE, JOUR, nr_course, temps_reference, temps_reel, PLACE, POINTS,
                       code_decision, code_categorie, code_club)
VALUES ('76/000031/CNMA', 2, 2003, 2, 15, '00:00:32', '00:00:33', 3, 399, NULL, 'A', 'CNMA');
INSERT INTO RESULTATS (nr_ligue, id_competition, ANNEE, JOUR, nr_course, temps_reference, temps_reel, PLACE, POINTS,
                       code_decision, code_categorie, code_club)
VALUES ('52/000024/CNSW', 2, 2003, 2, 15, '00:00:42', '00:00:40', 6, 221, NULL, 'F', 'CNSW');
INSERT INTO RESULTATS (nr_ligue, id_competition, ANNEE, JOUR, nr_course, temps_reference, temps_reel, PLACE, POINTS,
                       code_decision, code_categorie, code_club)
VALUES ('44/000034/ZVH', 2, 2003, 2, 15, '00:00:39', '00:00:40', 7, 217, NULL, 'G', 'ZVH');
INSERT INTO RESULTATS (nr_ligue, id_competition, ANNEE, JOUR, nr_course, temps_reference, temps_reel, PLACE, POINTS,
                       code_decision, code_categorie, code_club)
VALUES ('35/000050/TENB', 2, 2003, 2, 15, '00:00:40', '00:00:42', 8, 195, NULL, 'I', 'TENBO');
INSERT INTO RESULTATS (nr_ligue, id_competition, ANNEE, JOUR, nr_course, temps_reference, temps_reel, PLACE, POINTS,
                       code_decision, code_categorie, code_club)
VALUES ('23/000226/OLD', 2, 2003, 2, 15, '00:00:53', '00:01:00', 10, 65, NULL, 'L', 'OLD D');
INSERT INTO RESULTATS (nr_ligue, id_competition, ANNEE, JOUR, nr_course, temps_reference, temps_reel, PLACE, POINTS,
                       code_decision, code_categorie, code_club)
VALUES ('83/000156/CNA', 2, 2003, 2, 15, '00:00:31', '00:45:41', 11, 638, NULL, '0', 'CNA');
INSERT INTO RESULTATS (nr_ligue, id_competition, ANNEE, JOUR, nr_course, temps_reference, temps_reel, PLACE, POINTS,
                       code_decision, code_categorie, code_club)
VALUES ('74/000180/VN', 2, 2003, 2, 16, NULL, '00:00:27', 3, 507, NULL, 'A', 'VN');
INSERT INTO RESULTATS (nr_ligue, id_competition, ANNEE, JOUR, nr_course, temps_reference, temps_reel, PLACE, POINTS,
                       code_decision, code_categorie, code_club)
VALUES ('78/000277/CNA', 2, 2003, 2, 16, '00:00:30', '00:00:30', 9, 375, NULL, 'A', 'CNA');
INSERT INTO RESULTATS (nr_ligue, id_competition, ANNEE, JOUR, nr_course, temps_reference, temps_reel, PLACE, POINTS,
                       code_decision, code_categorie, code_club)
VALUES ('77/000175/W', 2, 2003, 2, 16, '00:00:32', '00:00:32', 15, 308, NULL, 'A', 'W');
INSERT INTO RESULTATS (nr_ligue, id_competition, ANNEE, JOUR, nr_course, temps_reference, temps_reel, PLACE, POINTS,
                       code_decision, code_categorie, code_club)
VALUES ('69/000036/CNSW', 2, 2003, 2, 16, '00:00:28', '00:00:28', 4, 437, NULL, 'B', 'CNSW');
INSERT INTO RESULTATS (nr_ligue, id_competition, ANNEE, JOUR, nr_course, temps_reference, temps_reel, PLACE, POINTS,
                       code_decision, code_categorie, code_club)
VALUES ('73/000152/SL', 2, 2003, 2, 16, '00:00:28', '00:00:28', 5, 426, NULL, 'B', 'SL');
INSERT INTO RESULTATS (nr_ligue, id_competition, ANNEE, JOUR, nr_course, temps_reference, temps_reel, PLACE, POINTS,
                       code_decision, code_categorie, code_club)
VALUES ('73/000241/VN', 2, 2003, 2, 16, NULL, '00:00:31', 10, 344, NULL, 'B', 'VN');
INSERT INTO RESULTATS (nr_ligue, id_competition, ANNEE, JOUR, nr_course, temps_reference, temps_reel, PLACE, POINTS,
                       code_decision, code_categorie, code_club)
VALUES ('72/000058/CNBA', 2, 2003, 2, 16, '00:00:32', '00:00:33', 16, 288, NULL, 'B', 'CNBA');
INSERT INTO RESULTATS (nr_ligue, id_competition, ANNEE, JOUR, nr_course, temps_reference, temps_reel, PLACE, POINTS,
                       code_decision, code_categorie, code_club)
VALUES ('69/000119/CNBA', 2, 2003, 2, 16, '00:00:33', '00:00:33', 17, 279, NULL, 'B', 'CNBA');
INSERT INTO RESULTATS (nr_ligue, id_competition, ANNEE, JOUR, nr_course, temps_reference, temps_reel, PLACE, POINTS,
                       code_decision, code_categorie, code_club)
VALUES ('71/000053/SL', 2, 2003, 2, 16, '00:00:35', NULL, NULL, NULL, 'F', 'B', 'SL');
INSERT INTO RESULTATS (nr_ligue, id_competition, ANNEE, JOUR, nr_course, temps_reference, temps_reel, PLACE, POINTS,
                       code_decision, code_categorie, code_club)
VALUES ('29/000107/OLD', 2, 2003, 2, 19, '00:04:40', '00:04:48', 10, 66, NULL, 'J', 'OLD D');
INSERT INTO RESULTATS (nr_ligue, id_competition, ANNEE, JOUR, nr_course, temps_reference, temps_reel, PLACE, POINTS,
                       code_decision, code_categorie, code_club)
VALUES ('73/000152/SL', 2, 2003, 2, 20, '00:02:26', '00:02:26', 1, 385, NULL, 'B', 'SL');
INSERT INTO RESULTATS (nr_ligue, id_competition, ANNEE, JOUR, nr_course, temps_reference, temps_reel, PLACE, POINTS,
                       code_decision, code_categorie, code_club)
VALUES ('72/000058/CNBA', 2, 2003, 2, 20, '00:02:45', '00:02:46', 4, 265, NULL, 'B', 'CNBA');
INSERT INTO RESULTATS (nr_ligue, id_competition, ANNEE, JOUR, nr_course, temps_reference, temps_reel, PLACE, POINTS,
                       code_decision, code_categorie, code_club)
VALUES ('69/000119/CNBA', 2, 2003, 2, 20, '00:03:11', '00:03:01', 5, 201, NULL, 'B', 'CNBA');
INSERT INTO RESULTATS (nr_ligue, id_competition, ANNEE, JOUR, nr_course, temps_reference, temps_reel, PLACE, POINTS,
                       code_decision, code_categorie, code_club)
VALUES ('68/000016/W', 2, 2003, 2, 20, '00:03:29', '00:03:16', 6, 159, NULL, 'C', 'W');
INSERT INTO RESULTATS (nr_ligue, id_competition, ANNEE, JOUR, nr_course, temps_reference, temps_reel, PLACE, POINTS,
                       code_decision, code_categorie, code_club)
VALUES ('57/000114/CNBA', 2, 2003, 2, 20, '00:03:04', '00:02:45', 3, 268, NULL, 'E', 'CNBA');
INSERT INTO RESULTATS (nr_ligue, id_competition, ANNEE, JOUR, nr_course, temps_reference, temps_reel, PLACE, POINTS,
                       code_decision, code_categorie, code_club)
VALUES ('54/000182/W', 2, 2003, 2, 20, '00:03:26', '00:03:19', 7, 153, NULL, 'E', 'W');
INSERT INTO RESULTATS (nr_ligue, id_competition, ANNEE, JOUR, nr_course, temps_reference, temps_reel, PLACE, POINTS,
                       code_decision, code_categorie, code_club)
VALUES ('40/000146/VN', 2, 2003, 2, 20, NULL, '00:03:55', 8, 92, NULL, 'H', 'VN');
INSERT INTO RESULTATS (nr_ligue, id_competition, ANNEE, JOUR, nr_course, temps_reference, temps_reel, PLACE, POINTS,
                       code_decision, code_categorie, code_club)
VALUES ('44/000251/OLD', 2, 2003, 2, 21, '00:01:33', '00:01:35', 8, 341, NULL, 'G', 'OLD D');
INSERT INTO RESULTATS (nr_ligue, id_competition, ANNEE, JOUR, nr_course, temps_reference, temps_reel, PLACE, POINTS,
                       code_decision, code_categorie, code_club)
VALUES ('44/000034/ZVH', 2, 2003, 2, 21, '00:01:50', '00:01:53', 14, 203, NULL, 'G', 'ZVH');
INSERT INTO RESULTATS (nr_ligue, id_competition, ANNEE, JOUR, nr_course, temps_reference, temps_reel, PLACE, POINTS,
                       code_decision, code_categorie, code_club)
VALUES ('35/000050/TENB', 2, 2003, 2, 21, '00:01:45', '00:01:50', 13, 221, NULL, 'I', 'TENBO');
INSERT INTO RESULTATS (nr_ligue, id_competition, ANNEE, JOUR, nr_course, temps_reference, temps_reel, PLACE, POINTS,
                       code_decision, code_categorie, code_club)
VALUES ('34/000074/OLD', 2, 2003, 2, 21, '00:02:06', '00:01:54', 15, 196, NULL, 'I', 'OLD D');
INSERT INTO RESULTATS (nr_ligue, id_competition, ANNEE, JOUR, nr_course, temps_reference, temps_reel, PLACE, POINTS,
                       code_decision, code_categorie, code_club)
VALUES ('81/000063/CNHU', 2, 2003, 2, 21, '00:01:18', '00:01:16', 1, 668, NULL, '0', 'CNHUY');
INSERT INTO RESULTATS (nr_ligue, id_competition, ANNEE, JOUR, nr_course, temps_reference, temps_reel, PLACE, POINTS,
                       code_decision, code_categorie, code_club)
VALUES ('73/000179/EMBO', 2, 2003, 2, 22, '00:01:08', '00:01:08', 3, 684, NULL, 'B', 'EMBOU');
INSERT INTO RESULTATS (nr_ligue, id_competition, ANNEE, JOUR, nr_course, temps_reference, temps_reel, PLACE, POINTS,
                       code_decision, code_categorie, code_club)
VALUES ('69/000036/CNSW', 2, 2003, 2, 22, '00:01:14', '00:01:13', 4, 548, NULL, 'B', 'CNSW');
INSERT INTO RESULTATS (nr_ligue, id_competition, ANNEE, JOUR, nr_course, temps_reference, temps_reel, PLACE, POINTS,
                       code_decision, code_categorie, code_club)
VALUES ('73/000152/SL', 2, 2003, 2, 22, '00:01:15', '00:01:15', 5, 509, NULL, 'B', 'SL');
INSERT INTO RESULTATS (nr_ligue, id_competition, ANNEE, JOUR, nr_course, temps_reference, temps_reel, PLACE, POINTS,
                       code_decision, code_categorie, code_club)
VALUES ('65/000147/EMBO', 2, 2003, 2, 22, '00:01:30', NULL, NULL, NULL, 'F', 'C', 'EMBOU');
INSERT INTO RESULTATS (nr_ligue, id_competition, ANNEE, JOUR, nr_course, temps_reference, temps_reel, PLACE, POINTS,
                       code_decision, code_categorie, code_club)
VALUES ('56/000197/EMBO', 2, 2003, 2, 22, '00:01:07', '00:01:06', 2, 739, NULL, 'E', 'EMBOU');
INSERT INTO RESULTATS (nr_ligue, id_competition, ANNEE, JOUR, nr_course, temps_reference, temps_reel, PLACE, POINTS,
                       code_decision, code_categorie, code_club)
VALUES ('43/000127/OCEA', 2, 2003, 2, 22, '00:01:20', '00:01:17', 6, 468, NULL, 'H', 'OCEAN');
INSERT INTO RESULTATS (nr_ligue, id_competition, ANNEE, JOUR, nr_course, temps_reference, temps_reel, PLACE, POINTS,
                       code_decision, code_categorie, code_club)
VALUES ('40/000146/VN', 2, 2003, 2, 22, NULL, NULL, NULL, NULL, 'DQ', 'H', 'VN');
INSERT INTO RESULTATS (nr_ligue, id_competition, ANNEE, JOUR, nr_course, temps_reference, temps_reel, PLACE, POINTS,
                       code_decision, code_categorie, code_club)
VALUES ('38/000110/VU/D', 2, 2003, 2, 22, '00:01:26', '00:01:26', 8, 344, NULL, 'I', 'VU/DG');
INSERT INTO RESULTATS (nr_ligue, id_competition, ANNEE, JOUR, nr_course, temps_reference, temps_reel, PLACE, POINTS,
                       code_decision, code_categorie, code_club)
VALUES ('33/000108/CCS', 2, 2003, 2, 22, '00:02:20', NULL, NULL, NULL, 'DQ', 'J', 'CCS');
INSERT INTO RESULTATS (nr_ligue, id_competition, ANNEE, JOUR, nr_course, temps_reference, temps_reel, PLACE, POINTS,
                       code_decision, code_categorie, code_club)
VALUES ('80/000013/CNA', 2, 2003, 2, 22, '00:01:04', '00:01:06', 1, 767, NULL, '0', 'CNA');
INSERT INTO RESULTATS (nr_ligue, id_competition, ANNEE, JOUR, nr_course, temps_reference, temps_reel, PLACE, POINTS,
                       code_decision, code_categorie, code_club)
VALUES ('77/000233/SL', 2, 2003, 2, 23, '00:00:37', '00:00:37', 1, 480, NULL, 'A', 'SL');
INSERT INTO RESULTATS (nr_ligue, id_competition, ANNEE, JOUR, nr_course, temps_reference, temps_reel, PLACE, POINTS,
                       code_decision, code_categorie, code_club)
VALUES ('77/000025/CNSW', 2, 2003, 2, 23, '00:00:36', '00:00:37', 2, 480, NULL, 'A', 'CNSW');
INSERT INTO RESULTATS (nr_ligue, id_competition, ANNEE, JOUR, nr_course, temps_reference, temps_reel, PLACE, POINTS,
                       code_decision, code_categorie, code_club)
VALUES ('71/000006/USG', 2, 2003, 2, 23, '00:00:46', '00:00:45', 5, 252, NULL, 'B', 'USG');
INSERT INTO RESULTATS (nr_ligue, id_competition, ANNEE, JOUR, nr_course, temps_reference, temps_reel, PLACE, POINTS,
                       code_decision, code_categorie, code_club)
VALUES ('69/000213/SL', 2, 2003, 2, 23, '00:00:54', NULL, NULL, NULL, 'F', 'B', 'SL');
INSERT INTO RESULTATS (nr_ligue, id_competition, ANNEE, JOUR, nr_course, temps_reference, temps_reel, PLACE, POINTS,
                       code_decision, code_categorie, code_club)
VALUES ('68/000225/SL', 2, 2003, 2, 23, '00:00:45', '00:00:53', 7, 159, NULL, 'C', 'SL');
INSERT INTO RESULTATS (nr_ligue, id_competition, ANNEE, JOUR, nr_course, temps_reference, temps_reel, PLACE, POINTS,
                       code_decision, code_categorie, code_club)
VALUES ('58/000026/LZV', 2, 2003, 2, 23, '00:00:57', '00:00:55', 10, 140, NULL, 'E', 'LZV');
INSERT INTO RESULTATS (nr_ligue, id_competition, ANNEE, JOUR, nr_course, temps_reference, temps_reel, PLACE, POINTS,
                       code_decision, code_categorie, code_club)
VALUES ('52/000024/CNSW', 2, 2003, 2, 23, '00:00:50', '00:00:50', 6, 190, NULL, 'F', 'CNSW');
INSERT INTO RESULTATS (nr_ligue, id_competition, ANNEE, JOUR, nr_course, temps_reference, temps_reel, PLACE, POINTS,
                       code_decision, code_categorie, code_club)
VALUES ('44/000034/ZVH', 2, 2003, 2, 23, '00:00:53', '00:00:54', 9, 155, NULL, 'G', 'ZVH');
INSERT INTO RESULTATS (nr_ligue, id_competition, ANNEE, JOUR, nr_course, temps_reference, temps_reel, PLACE, POINTS,
                       code_decision, code_categorie, code_club)
VALUES ('34/000074/OLD', 2, 2003, 2, 23, '00:00:59', '00:00:53', 8, 158, NULL, 'I', 'OLD D');
INSERT INTO RESULTATS (nr_ligue, id_competition, ANNEE, JOUR, nr_course, temps_reference, temps_reel, PLACE, POINTS,
                       code_decision, code_categorie, code_club)
VALUES ('35/000050/TENB', 2, 2003, 2, 23, '00:00:48', NULL, NULL, NULL, 'DQ', 'I', 'TENBO');
INSERT INTO RESULTATS (nr_ligue, id_competition, ANNEE, JOUR, nr_course, temps_reference, temps_reel, PLACE, POINTS,
                       code_decision, code_categorie, code_club)
VALUES ('29/000107/OLD', 2, 2003, 2, 23, '00:01:00', '00:01:02', 12, 98, NULL, 'J', 'OLD D');
INSERT INTO RESULTATS (nr_ligue, id_competition, ANNEE, JOUR, nr_course, temps_reference, temps_reel, PLACE, POINTS,
                       code_decision, code_categorie, code_club)
VALUES ('23/000226/OLD', 2, 2003, 2, 23, '00:00:58', '00:01:07', 13, 80, NULL, 'L', 'OLD D');
INSERT INTO RESULTATS (nr_ligue, id_competition, ANNEE, JOUR, nr_course, temps_reference, temps_reel, PLACE, POINTS,
                       code_decision, code_categorie, code_club)
VALUES ('83/000156/CNA', 2, 2003, 2, 23, '00:00:38', '00:00:39', 3, 401, NULL, '0', 'CNA');
INSERT INTO RESULTATS (nr_ligue, id_competition, ANNEE, JOUR, nr_course, temps_reference, temps_reel, PLACE, POINTS,
                       code_decision, code_categorie, code_club)
VALUES ('56/000274/VN', 2, 2003, 2, 24, '00:00:34', '00:00:33', 2, 407, NULL, 'E', 'VN');
INSERT INTO RESULTATS (nr_ligue, id_competition, ANNEE, JOUR, nr_course, temps_reference, temps_reel, PLACE, POINTS,
                       code_decision, code_categorie, code_club)
VALUES ('38/000110/VU/D', 2, 2003, 2, 24, '00:00:29', '00:00:40', 3, 230, NULL, 'I', 'VU/DG');
INSERT INTO RESULTATS (nr_ligue, id_competition, ANNEE, JOUR, nr_course, temps_reference, temps_reel, PLACE, POINTS,
                       code_decision, code_categorie, code_club)
VALUES ('33/000140/CNHU', 2, 2003, 2, 24, '00:00:55', '00:00:52', 4, 109, NULL, 'J', 'CNHUY');
INSERT INTO RESULTATS (nr_ligue, id_competition, ANNEE, JOUR, nr_course, temps_reference, temps_reel, PLACE, POINTS,
                       code_decision, code_categorie, code_club)
VALUES ('82/000115/CNA', 2, 2003, 2, 24, '00:00:38', '00:00:32', 1, 453, NULL, '0', 'CNA');
INSERT INTO RESULTATS (nr_ligue, id_competition, ANNEE, JOUR, nr_course, temps_reference, temps_reel, PLACE, POINTS,
                       code_decision, code_categorie, code_club)
VALUES ('76/000031/CNMA', 2, 2003, 2, 25, '00:00:40', '00:00:42', 3, 261, NULL, 'A', 'CNMA');
INSERT INTO RESULTATS (nr_ligue, id_competition, ANNEE, JOUR, nr_course, temps_reference, temps_reel, PLACE, POINTS,
                       code_decision, code_categorie, code_club)
VALUES ('71/000280/EMBO', 2, 2003, 2, 25, '00:00:45', '00:00:40', 2, 314, NULL, 'B', 'EMBOU');
INSERT INTO RESULTATS (nr_ligue, id_competition, ANNEE, JOUR, nr_course, temps_reference, temps_reel, PLACE, POINTS,
                       code_decision, code_categorie, code_club)
VALUES ('64/000040/LZV', 2, 2003, 2, 25, '00:00:33', '00:00:33', 1, 526, NULL, 'C', 'LZV');
INSERT INTO RESULTATS (nr_ligue, id_competition, ANNEE, JOUR, nr_course, temps_reference, temps_reel, PLACE, POINTS,
                       code_decision, code_categorie, code_club)
VALUES ('52/000024/CNSW', 2, 2003, 2, 25, '00:00:50', '00:00:46', 5, 203, NULL, 'F', 'CNSW');
INSERT INTO RESULTATS (nr_ligue, id_competition, ANNEE, JOUR, nr_course, temps_reference, temps_reel, PLACE, POINTS,
                       code_decision, code_categorie, code_club)
VALUES ('35/000050/TENB', 2, 2003, 2, 25, '00:00:50', '00:00:51', 6, 152, NULL, 'I', 'TENBO');
INSERT INTO RESULTATS (nr_ligue, id_competition, ANNEE, JOUR, nr_course, temps_reference, temps_reel, PLACE, POINTS,
                       code_decision, code_categorie, code_club)
VALUES ('74/000180/VN', 2, 2003, 2, 26, NULL, '00:00:30', 1, 470, NULL, 'A', 'VN');
INSERT INTO RESULTATS (nr_ligue, id_competition, ANNEE, JOUR, nr_course, temps_reference, temps_reel, PLACE, POINTS,
                       code_decision, code_categorie, code_club)
VALUES ('69/000036/CNSW', 2, 2003, 2, 26, '00:00:29', '00:00:31', 3, 464, NULL, 'B', 'CNSW');
INSERT INTO RESULTATS (nr_ligue, id_competition, ANNEE, JOUR, nr_course, temps_reference, temps_reel, PLACE, POINTS,
                       code_decision, code_categorie, code_club)
VALUES ('83/000145/CNHU', 2, 2003, 2, 26, '00:00:29', '00:00:28', 7, 589, NULL, '0', 'CNHUY');
INSERT INTO RESULTATS (nr_ligue, id_competition, ANNEE, JOUR, nr_course, temps_reference, temps_reel, PLACE, POINTS,
                       code_decision, code_categorie, code_club)
VALUES ('82/000115/CNA', 2, 2003, 2, 26, '00:00:35', '00:00:31', 2, 467, NULL, '0', 'CNA');
INSERT INTO RESULTATS (nr_ligue, id_competition, ANNEE, JOUR, nr_course, temps_reference, temps_reel, PLACE, POINTS,
                       code_decision, code_categorie, code_club)
VALUES ('83/000093/EMBO', 2, 2003, 2, 26, '00:00:28', NULL, NULL, NULL, 'F', '0', 'EMBOU');
INSERT INTO RESULTATS (nr_ligue, id_competition, ANNEE, JOUR, nr_course, temps_reference, temps_reel, PLACE, POINTS,
                       code_decision, code_categorie, code_club)
VALUES ('58/000270/ZCK', 2, 2003, 2, 26, '00:00:32', '00:00:31', 4, 459, NULL, 'E', 'ZCK');
INSERT INTO RESULTATS (nr_ligue, id_competition, ANNEE, JOUR, nr_course, temps_reference, temps_reel, PLACE, POINTS,
                       code_decision, code_categorie, code_club)
VALUES ('43/000127/OCEA', 2, 2003, 2, 26, '00:00:36', '00:00:37', 6, 263, NULL, 'H', 'OCEAN');
INSERT INTO RESULTATS (nr_ligue, id_competition, ANNEE, JOUR, nr_course, temps_reference, temps_reel, PLACE, POINTS,
                       code_decision, code_categorie, code_club)
VALUES ('38/000110/VU/D', 2, 2003, 2, 26, '00:00:35', '00:00:36', 5, 279, NULL, 'I', 'VU/DG');
INSERT INTO RESULTATS (nr_ligue, id_competition, ANNEE, JOUR, nr_course, temps_reference, temps_reel, PLACE, POINTS,
                       code_decision, code_categorie, code_club)
VALUES ('77/000233/SL', 2, 2003, 2, 27, '00:01:28', NULL, NULL, NULL, 'DQ', 'A', 'SL');
INSERT INTO RESULTATS (nr_ligue, id_competition, ANNEE, JOUR, nr_course, temps_reference, temps_reel, PLACE, POINTS,
                       code_decision, code_categorie, code_club)
VALUES ('73/000279/EMBO', 2, 2003, 2, 27, '00:01:22', '00:01:22', 2, 534, NULL, 'B', 'EMBOU');
INSERT INTO RESULTATS (nr_ligue, id_competition, ANNEE, JOUR, nr_course, temps_reference, temps_reel, PLACE, POINTS,
                       code_decision, code_categorie, code_club)
VALUES ('71/000006/USG', 2, 2003, 2, 27, '00:01:33', '00:01:36', 3, 336, NULL, 'B', 'USG');
INSERT INTO RESULTATS (nr_ligue, id_competition, ANNEE, JOUR, nr_course, temps_reference, temps_reel, PLACE, POINTS,
                       code_decision, code_categorie, code_club)
VALUES ('73/000153/CNBA', 2, 2003, 2, 27, '00:01:50', '00:01:44', 6, 264, NULL, 'B', 'CNBA');
INSERT INTO RESULTATS (nr_ligue, id_competition, ANNEE, JOUR, nr_course, temps_reference, temps_reel, PLACE, POINTS,
                       code_decision, code_categorie, code_club)
VALUES ('69/000213/SL', 2, 2003, 2, 27, '00:02:00', NULL, NULL, NULL, 'F', 'B', 'SL');
INSERT INTO RESULTATS (nr_ligue, id_competition, ANNEE, JOUR, nr_course, temps_reference, temps_reel, PLACE, POINTS,
                       code_decision, code_categorie, code_club)
VALUES ('68/000225/SL', 2, 2003, 2, 27, '00:01:45', '00:01:47', 7, 244, NULL, 'C', 'SL');
INSERT INTO RESULTATS (nr_ligue, id_competition, ANNEE, JOUR, nr_course, temps_reference, temps_reel, PLACE, POINTS,
                       code_decision, code_categorie, code_club)
VALUES ('58/000026/LZV', 2, 2003, 2, 27, '00:01:54', '00:01:56', 9, 191, NULL, 'E', 'LZV');
INSERT INTO RESULTATS (nr_ligue, id_competition, ANNEE, JOUR, nr_course, temps_reference, temps_reel, PLACE, POINTS,
                       code_decision, code_categorie, code_club)
VALUES ('44/000251/OLD', 2, 2003, 2, 27, '00:01:41', '00:01:41', 5, 287, NULL, 'G', 'OLD D');
INSERT INTO RESULTATS (nr_ligue, id_competition, ANNEE, JOUR, nr_course, temps_reference, temps_reel, PLACE, POINTS,
                       code_decision, code_categorie, code_club)
VALUES ('44/000034/ZVH', 2, 2003, 2, 27, '00:01:51', '00:01:56', 8, 192, NULL, 'G', 'ZVH');
INSERT INTO RESULTATS (nr_ligue, id_competition, ANNEE, JOUR, nr_course, temps_reference, temps_reel, PLACE, POINTS,
                       code_decision, code_categorie, code_club)
VALUES ('34/000074/OLD', 2, 2003, 2, 27, '00:02:10', '00:02:03', 10, 160, NULL, 'I', 'OLD D');
INSERT INTO RESULTATS (nr_ligue, id_competition, ANNEE, JOUR, nr_course, temps_reference, temps_reel, PLACE, POINTS,
                       code_decision, code_categorie, code_club)
VALUES ('23/000226/OLD', 2, 2003, 2, 27, '00:02:04', '00:02:39', 12, 74, NULL, 'L', 'OLD D');
INSERT INTO RESULTATS (nr_ligue, id_competition, ANNEE, JOUR, nr_course, temps_reference, temps_reel, PLACE, POINTS,
                       code_decision, code_categorie, code_club)
VALUES ('83/000156/CNA', 2, 2003, 2, 27, '00:01:20', '00:01:21', 1, 556, NULL, '0', 'CNA');
INSERT INTO RESULTATS (nr_ligue, id_competition, ANNEE, JOUR, nr_course, temps_reference, temps_reel, PLACE, POINTS,
                       code_decision, code_categorie, code_club)
VALUES ('78/000277/CNA', 2, 2003, 2, 28, '00:01:25', '00:01:22', 3, 396, NULL, 'A', 'CNA');
INSERT INTO RESULTATS (nr_ligue, id_competition, ANNEE, JOUR, nr_course, temps_reference, temps_reel, PLACE, POINTS,
                       code_decision, code_categorie, code_club)
VALUES ('77/000175/W', 2, 2003, 2, 28, '00:01:26', '00:01:29', 11, 305, NULL, 'A', 'W');
INSERT INTO RESULTATS (nr_ligue, id_competition, ANNEE, JOUR, nr_course, temps_reference, temps_reel, PLACE, POINTS,
                       code_decision, code_categorie, code_club)
VALUES ('73/000152/SL', 2, 2003, 2, 28, '00:01:24', '00:01:24', 5, 374, NULL, 'B', 'SL');
INSERT INTO RESULTATS (nr_ligue, id_competition, ANNEE, JOUR, nr_course, temps_reference, temps_reel, PLACE, POINTS,
                       code_decision, code_categorie, code_club)
VALUES ('66/000002/CNHU', 2, 2003, 2, 28, '00:01:45', '00:01:29', 10, 312, NULL, 'C', 'CNHUY');
INSERT INTO RESULTATS (nr_ligue, id_competition, ANNEE, JOUR, nr_course, temps_reference, temps_reel, PLACE, POINTS,
                       code_decision, code_categorie, code_club)
VALUES ('58/000270/ZCK', 2, 2003, 2, 28, '00:01:28', '00:01:23', 4, 385, NULL, 'E', 'ZCK');
INSERT INTO RESULTATS (nr_ligue, id_competition, ANNEE, JOUR, nr_course, temps_reference, temps_reel, PLACE, POINTS,
                       code_decision, code_categorie, code_club)
VALUES ('57/000114/CNBA', 2, 2003, 2, 28, '00:01:27', '00:01:26', 7, 349, NULL, 'E', 'CNBA');
INSERT INTO RESULTATS (nr_ligue, id_competition, ANNEE, JOUR, nr_course, temps_reference, temps_reel, PLACE, POINTS,
                       code_decision, code_categorie, code_club)
VALUES ('50/000160/CNBA', 2, 2003, 2, 28, '00:02:08', '00:02:15', 15, 88, NULL, 'F', 'CNBA');
INSERT INTO RESULTATS (nr_ligue, id_competition, ANNEE, JOUR, nr_course, temps_reference, temps_reel, PLACE, POINTS,
                       code_decision, code_categorie, code_club)
VALUES ('43/000127/OCEA', 2, 2003, 2, 28, '00:01:24', '00:01:26', 8, 340, NULL, 'H', 'OCEAN');
INSERT INTO RESULTATS (nr_ligue, id_competition, ANNEE, JOUR, nr_course, temps_reference, temps_reel, PLACE, POINTS,
                       code_decision, code_categorie, code_club)
VALUES ('40/000146/VN', 2, 2003, 2, 28, NULL, '00:01:54', 14, 146, NULL, 'H', 'VN');
INSERT INTO RESULTATS (nr_ligue, id_competition, ANNEE, JOUR, nr_course, temps_reference, temps_reel, PLACE, POINTS,
                       code_decision, code_categorie, code_club)
VALUES ('33/000108/CCS', 2, 2003, 2, 28, '00:02:27', '00:02:27', 16, 69, NULL, 'J', 'CCS');
INSERT INTO RESULTATS (nr_ligue, id_competition, ANNEE, JOUR, nr_course, temps_reference, temps_reel, PLACE, POINTS,
                       code_decision, code_categorie, code_club)
VALUES ('83/000145/CNHU', 2, 2003, 2, 28, '00:01:15', '00:01:14', 1, 547, NULL, '0', 'CNHUY');
INSERT INTO RESULTATS (nr_ligue, id_competition, ANNEE, JOUR, nr_course, temps_reference, temps_reel, PLACE, POINTS,
                       code_decision, code_categorie, code_club)
VALUES ('79/000216/CNHU', 2, 2003, 2, 28, '00:01:18', '00:01:17', 2, 475, NULL, '0', 'CNHUY');
INSERT INTO RESULTATS (nr_ligue, id_competition, ANNEE, JOUR, nr_course, temps_reference, temps_reel, PLACE, POINTS,
                       code_decision, code_categorie, code_club)
VALUES ('71/000053/SL', 2, 2003, 2, 28, '00:01:41', NULL, NULL, NULL, 'F', 'B', 'SL');
INSERT INTO RESULTATS (nr_ligue, id_competition, ANNEE, JOUR, nr_course, temps_reference, temps_reel, PLACE, POINTS,
                       code_decision, code_categorie, code_club)
VALUES ('77/000025/CNSW', 2, 2003, 2, 29, '00:01:06', '00:01:07', 3, 505, NULL, 'A', 'CNSW');
INSERT INTO RESULTATS (nr_ligue, id_competition, ANNEE, JOUR, nr_course, temps_reference, temps_reel, PLACE, POINTS,
                       code_decision, code_categorie, code_club)
VALUES ('73/000153/CNBA', 2, 2003, 2, 29, '00:01:20', '00:01:18', 6, 322, NULL, 'B', 'CNBA');
INSERT INTO RESULTATS (nr_ligue, id_competition, ANNEE, JOUR, nr_course, temps_reference, temps_reel, PLACE, POINTS,
                       code_decision, code_categorie, code_club)
VALUES ('71/000280/EMBO', 2, 2003, 2, 29, '00:01:30', '00:01:24', 7, 259, NULL, 'B', 'EMBOU');
INSERT INTO RESULTATS (nr_ligue, id_competition, ANNEE, JOUR, nr_course, temps_reference, temps_reel, PLACE, POINTS,
                       code_decision, code_categorie, code_club)
VALUES ('72/000030/CNHU', 2, 2003, 2, 29, '00:01:35', '00:01:30', 10, 210, NULL, 'B', 'CNHUY');
COMMIT;
INSERT INTO RESULTATS (nr_ligue, id_competition, ANNEE, JOUR, nr_course, temps_reference, temps_reel, PLACE, POINTS,
                       code_decision, code_categorie, code_club)
VALUES ('64/000040/LZV', 2, 2003, 2, 29, '00:01:08', '00:01:07', 2, 510, NULL, 'C', 'LZV');
INSERT INTO RESULTATS (nr_ligue, id_competition, ANNEE, JOUR, nr_course, temps_reference, temps_reel, PLACE, POINTS,
                       code_decision, code_categorie, code_club)
VALUES ('61/000008/USG', 2, 2003, 2, 29, '00:01:28', '00:01:30', 9, 212, NULL, 'D', 'USG');
INSERT INTO RESULTATS (nr_ligue, id_competition, ANNEE, JOUR, nr_course, temps_reference, temps_reel, PLACE, POINTS,
                       code_decision, code_categorie, code_club)
VALUES ('52/000024/CNSW', 2, 2003, 2, 29, '00:01:38', '00:01:31', 11, 205, NULL, 'F', 'CNSW');
INSERT INTO RESULTATS (nr_ligue, id_competition, ANNEE, JOUR, nr_course, temps_reference, temps_reel, PLACE, POINTS,
                       code_decision, code_categorie, code_club)
VALUES ('44/000034/ZVH', 2, 2003, 2, 29, '00:01:30', '00:01:29', 8, 217, NULL, 'G', 'ZVH');
INSERT INTO RESULTATS (nr_ligue, id_competition, ANNEE, JOUR, nr_course, temps_reference, temps_reel, PLACE, POINTS,
                       code_decision, code_categorie, code_club)
VALUES ('35/000050/TENB', 2, 2003, 2, 29, '00:01:30', '00:01:33', 12, 193, NULL, 'I', 'TENBO');
INSERT INTO RESULTATS (nr_ligue, id_competition, ANNEE, JOUR, nr_course, temps_reference, temps_reel, PLACE, POINTS,
                       code_decision, code_categorie, code_club)
VALUES ('34/000074/OLD', 2, 2003, 2, 29, '00:01:48', '00:01:47', 13, 127, NULL, 'I', 'OLD D');
INSERT INTO RESULTATS (nr_ligue, id_competition, ANNEE, JOUR, nr_course, temps_reference, temps_reel, PLACE, POINTS,
                       code_decision, code_categorie, code_club)
VALUES ('29/000107/OLD', 2, 2003, 2, 29, '00:02:15', '00:02:15', 18, 63, NULL, 'J', 'OLD D');
INSERT INTO RESULTATS (nr_ligue, id_competition, ANNEE, JOUR, nr_course, temps_reference, temps_reel, PLACE, POINTS,
                       code_decision, code_categorie, code_club)
VALUES ('23/000226/OLD', 2, 2003, 2, 29, '00:01:59', NULL, NULL, NULL, 'F', 'L', 'OLD D');
INSERT INTO RESULTATS (nr_ligue, id_competition, ANNEE, JOUR, nr_course, temps_reference, temps_reel, PLACE, POINTS,
                       code_decision, code_categorie, code_club)
VALUES ('81/000063/CNHU', 2, 2003, 2, 29, '00:01:08', '00:01:06', 1, 528, NULL, '0', 'CNHUY');
INSERT INTO RESULTATS (nr_ligue, id_competition, ANNEE, JOUR, nr_course, temps_reference, temps_reel, PLACE, POINTS,
                       code_decision, code_categorie, code_club)
VALUES ('74/000180/VN', 2, 2003, 2, 30, NULL, '00:01:01', 4, 490, NULL, 'A', 'VN');
INSERT INTO RESULTATS (nr_ligue, id_competition, ANNEE, JOUR, nr_course, temps_reference, temps_reel, PLACE, POINTS,
                       code_decision, code_categorie, code_club)
VALUES ('69/000036/CNSW', 2, 2003, 2, 30, '00:01:05', '00:01:03', 5, 444, NULL, 'B', 'CNSW');
INSERT INTO RESULTATS (nr_ligue, id_competition, ANNEE, JOUR, nr_course, temps_reference, temps_reel, PLACE, POINTS,
                       code_decision, code_categorie, code_club)
VALUES ('73/000152/SL', 2, 2003, 2, 30, '00:01:04', '00:01:03', 6, 437, NULL, 'B', 'SL');
INSERT INTO RESULTATS (nr_ligue, id_competition, ANNEE, JOUR, nr_course, temps_reference, temps_reel, PLACE, POINTS,
                       code_decision, code_categorie, code_club)
VALUES ('73/000241/VN', 2, 2003, 2, 30, NULL, '00:01:09', 11, 335, NULL, 'B', 'VN');
INSERT INTO RESULTATS (nr_ligue, id_competition, ANNEE, JOUR, nr_course, temps_reference, temps_reel, PLACE, POINTS,
                       code_decision, code_categorie, code_club)
VALUES ('69/000119/CNBA', 2, 2003, 2, 30, '00:01:17', '00:01:19', 14, 223, NULL, 'B', 'CNBA');
INSERT INTO RESULTATS (nr_ligue, id_competition, ANNEE, JOUR, nr_course, temps_reference, temps_reel, PLACE, POINTS,
                       code_decision, code_categorie, code_club)
VALUES ('71/000053/SL', 2, 2003, 2, 30, '00:01:18', NULL, NULL, NULL, 'F', 'B', 'SL');
INSERT INTO RESULTATS (nr_ligue, id_competition, ANNEE, JOUR, nr_course, temps_reference, temps_reel, PLACE, POINTS,
                       code_decision, code_categorie, code_club)
VALUES ('66/000002/CNHU', 2, 2003, 2, 30, '00:01:06', '00:01:05', 7, 401, NULL, 'C', 'CNHUY');
INSERT INTO RESULTATS (nr_ligue, id_competition, ANNEE, JOUR, nr_course, temps_reference, temps_reel, PLACE, POINTS,
                       code_decision, code_categorie, code_club)
VALUES ('66/000020/CNHU', 2, 2003, 2, 30, '00:01:45', '00:01:24', 15, 186, NULL, 'C', 'CNHUY');
INSERT INTO RESULTATS (nr_ligue, id_competition, ANNEE, JOUR, nr_course, temps_reference, temps_reel, PLACE, POINTS,
                       code_decision, code_categorie, code_club)
VALUES ('63/000066/SL', 2, 2003, 2, 30, '00:01:10', '00:01:07', 9, 361, NULL, 'D', 'SL');
INSERT INTO RESULTATS (nr_ligue, id_competition, ANNEE, JOUR, nr_course, temps_reference, temps_reel, PLACE, POINTS,
                       code_decision, code_categorie, code_club)
VALUES ('58/000270/ZCK', 2, 2003, 2, 30, '00:01:01', '00:01:01', 3, 493, NULL, 'E', 'ZCK');
INSERT INTO RESULTATS (nr_ligue, id_competition, ANNEE, JOUR, nr_course, temps_reference, temps_reel, PLACE, POINTS,
                       code_decision, code_categorie, code_club)
VALUES ('57/000114/CNBA', 2, 2003, 2, 30, '00:01:12', '00:01:09', 10, 336, NULL, 'E', 'CNBA');
INSERT INTO RESULTATS (nr_ligue, id_competition, ANNEE, JOUR, nr_course, temps_reference, temps_reel, PLACE, POINTS,
                       code_decision, code_categorie, code_club)
VALUES ('56/000197/EMBO', 2, 2003, 2, 30, '00:00:58', NULL, NULL, NULL, 'F', 'E', 'EMBOU');
INSERT INTO RESULTATS (nr_ligue, id_competition, ANNEE, JOUR, nr_course, temps_reference, temps_reel, PLACE, POINTS,
                       code_decision, code_categorie, code_club)
VALUES ('50/000160/CNBA', 2, 2003, 2, 30, '00:02:08', '00:02:06', 18, 56, NULL, 'F', 'CNBA');
INSERT INTO RESULTATS (nr_ligue, id_competition, ANNEE, JOUR, nr_course, temps_reference, temps_reel, PLACE, POINTS,
                       code_decision, code_categorie, code_club)
VALUES ('68/000016/W', 2, 2003, 2, 16, '00:00:36', '00:00:35', 18, 236, NULL, 'C', 'W');
INSERT INTO RESULTATS (nr_ligue, id_competition, ANNEE, JOUR, nr_course, temps_reference, temps_reel, PLACE, POINTS,
                       code_decision, code_categorie, code_club)
VALUES ('63/000066/SL', 2, 2003, 2, 16, '00:00:31', '00:00:30', 7, 382, NULL, 'D', 'SL');
INSERT INTO RESULTATS (nr_ligue, id_competition, ANNEE, JOUR, nr_course, temps_reference, temps_reel, PLACE, POINTS,
                       code_decision, code_categorie, code_club)
VALUES ('56/000197/EMBO', 2, 2003, 2, 16, '00:00:26', '00:00:26', 2, 569, NULL, 'E', 'EMBOU');
INSERT INTO RESULTATS (nr_ligue, id_competition, ANNEE, JOUR, nr_course, temps_reference, temps_reel, PLACE, POINTS,
                       code_decision, code_categorie, code_club)
VALUES ('57/000114/CNBA', 2, 2003, 2, 16, '00:00:30', '00:00:31', 11, 341, NULL, 'E', 'CNBA');
INSERT INTO RESULTATS (nr_ligue, id_competition, ANNEE, JOUR, nr_course, temps_reference, temps_reel, PLACE, POINTS,
                       code_decision, code_categorie, code_club)
VALUES ('54/000182/W', 2, 2003, 2, 16, '00:00:39', '00:00:38', 20, 176, NULL, 'E', 'W');
COMMIT;
